10
10
20 3 0 8 7 7 4 3 17 2
15
10000 0 0 0 0 0 0 0 10000 0 10000 10000 0 0 10000
50
5 5 8 10 10 11 12 12 13 15 19 20 24 26 27 29 29 33 34 35 35 37 37 43 43 44 45 45 46 46 47 48 48 48 58 58 68 70 73 77 79 80 81 84 85 89 90 93 97 98
50
99 98 95 95 93 91 88 87 87 83 82 82 81 81 77 74 74 72 71 71 68 68 63 59 58 54 51 50 48 41 40 40 34 34 33 33 31 31 29 28 27 27 21 20 18 17 9 8 7 4
500
204 185 112 70 260 252 46 386 24 440 56 78 321 81 405 348 216 305 32 197 195 305 239 270 128 497 283 440 482 5 348 369 58 349 453 274 384 136 393 328 174 57 150 222 80 232 1 488 369 448 368 134 497 256 390 91 259 467 54 445 320 152 430 327 259 311 101 78 191 390 82 276 488 398 472 271 470 0 306 165 250 9 57 475 185 449 425 413 157 122 29 123 449 290 484 40 43 374 248 417 35 500 389 272 392 64 65 337 243 484 281 84 135 270 446 310 216 493 108 475 276 386 373 353 102 365 159 204 343 332 191 224 460 264 231 61 126 115 32 173 10 301 283 117 301 112 3 36 362 323 30 117 34 463 16 440 169 36 263 121 142 342 248 109 276 67 370 478 451 292 295 242 124 401 242 413 208 97 48 49 337 220 181 216 210 239 442 373 27 344 334 330 50 31 206 372 173 409 441 55 127 98 97 274 229 71 216 93 142 236 127 447 472 38 226 413 441 438 281 50 25 333 276 428 7 496 47 474 385 434 121 85 208 248 246 109 442 205 462 30 84 194 1 199 135 474 401 401 232 146 216 356 490 374 401 284 338 367 249 79 97 151 111 495 29 296 376 277 31 382 160 29 25 299 244 257 470 436 271 80 29 491 260 41 435 95 35 304 34 345 441 120 206 61 482 455 291 126 296 304 20 317 41 214 336 298 289 267 161 478 133 104 342 366 160 122 135 202 67 343 330 153 234 161 475 384 479 37 4 234 318 288 51 37 275 109 259 135 67 477 178 451 35 450 125 189 145 80 224 426 278 360 154 313 413 334 270 4 341 418 283 153 477 339 53 480 449 68 135 59 455 54 380 283 79 139 144 309 107 367 175 104 351 324 436 135 258 250 128 463 464 433 26 47 324 216 424 141 22 1 170 394 66 326 134 82 379 226 282 361 218 287 4 57 38 483 452 353 462 76 279 18 427 189 298 282 75 220 65 21 157 186 460 477 407 497 440 20 460 183 107 349 127 341 52 181 399 286 452 447 208 498 317 383 79 473 476 121 442 83 499 409 415 90 451 211 12 91 377 473 170 400 476 210 410 342 442 376 415 127 136 81 403 359 55 195 446 19 439 240 113 102 418 470 235 179 156 420 407 446
1000
10 10 1 10 1000 100 100 1 100 100 10000 1000 10000 100 1 1 100 10 10000 100 1 1 10000 1000 100 100 1000 10000 10000 1 1000 10000 10 100 1 1000 1 10000 10000 10 100 1000 1 100 10000 100 1 100 10000 100 1000 100 1000 100 10000 10 10 1000 1000 10 10000 10000 100 1000 10000 1 100 100 10 1000 10000 10000 100 1000 1000 1000 10 10000 1000 10 1 100 10000 10000 100 1 10 100 10 10 10 1 1 10 1000 10000 1 1000 1000 10000 10 1000 1000 1000 10 10 1 1 1000 10 10 10000 1000 1 10000 10 1 1000 10 1000 10000 10000 10000 100 1000 10000 10000 1000 10000 1000 10 1000 1000 100 10 100 10000 1000 10 100 1000 1 100 10 100 100 100 10000 1 10 10 10 1000 10 10 1 1000 1000 100 10000 1000 1000 1 10 1000 1000 10000 1 10000 1000 1000 1 100 100 1000 1000 10000 10000 10000 10 1000 10 100 1000 1000 1 1000 100 1000 10 1000 10 10000 10000 1 1000 10000 10000 1 1 1000 10 1000 10 1 100 1000 100 10 1000 100 100 1000 100 1000 100 1 1000 1 10000 1 100 10 1 1 1 10 10 1 10000 10 10 10 1000 1 10000 10 1000 100 100 10 10000 10000 1 10 100 1 10000 1 100 10000 1000 1000 10 1 10000 10 1 100 10000 1 10000 1 100 10000 1000 100 1 10000 100 1 1000 1000 1 1000 100 1000 10 1000 10 10000 100 10000 10000 1000 1000 1000 10000 100 100 10 1 100 1000 10 1000 10000 10000 1000 100 1 1000 100 10 1000 10 100 100 100 100 10000 100 10000 1 10000 10 1 10 1000 1000 10000 10 1000 1000 1000 1 1 100 10 1000 10 100 10000 100 1000 10000 10000 100 1000 10000 100 100 1000 100 100 100 10 1 10 100 1 10000 10 10 10 1000 100 10000 10000 10000 100 1 10 100 10 100 10 100 1 10000 10 100 1 1 10000 100 10 1000 1 1 10000 100 1000 1000 1000 100 10 1 100 1000 1 1 1000 1000 1 10000 1 10 10 10000 100 1 10 1 10000 1000 10000 10000 10000 10 10000 1000 1000 1000 100 10000 1000 100 10000 10000 1 10000 1 10 10 100 1 10 10 10 10000 1 10 1 1000 1000 10000 1000 100 1 10 100 100 1000 1 10 100 10000 10 1000 1 10000 10 10 100 10 1 1 10 100 10000 10000 100 1000 1 1000 100 1000 100 10000 10000 1000 1000 1 10000 1 1000 100 10000 100 1 1 10 10000 10000 1 100 10000 1 10 1000 10000 1000 100 10 10000 1000 1000 1 1000 100 1000 100 100 1 10 100 1000 1000 100 1000 10000 1 1000 1 100 100 100 1 1000 10000 1 10000 1000 1000 1 10 10000 100 10000 1000 1000 1 10 100 10000 10 100 1000 1000 1 1 10000 10 10 100 10000 1 10000 1000 1 10 1 1000 1 10 1000 100 10000 100 1000 1000 1000 10 1000 10000 10 1000 10 10000 10000 10 1 100 1000 100 10000 100 1 100 100 10000 10000 1000 10 1000 10000 1000 100 100 10000 10000 1000 1000 100 10 10 10000 1000 10 1000 1 100 1000 1000 1000 10 1000 1 10 10000 10000 100 1 1000 1 10000 1000 1 10 1000 10 1 1000 100 100 10000 1000 1 100 10000 1000 100 1000 10000 1 10000 1 10 100 10 1 1000 1 1 1000 10 100 1 1 100 1 100 100 100 1000 10 10 10000 1000 10000 10 10 10 1 10000 1000 10000 10 1000 10000 10 10 1000 100 1000 100 1 1000 100 10000 10 1 1000 100 10000 100 1000 100 1000 100 10 1000 1000 1 10 1000 10000 100 10000 100 100 1 1000 100 1 10000 1 10000 1000 100 10 10000 100 10 10 10000 100 10 1 1 100 1000 1 10000 100 10 1 100 100 1000 10 10 10 10000 100 10000 10000 100 10 100 1000 100 100 1 1000 1 10 10 1000 10000 100 1 1000 1 100 10000 1 1000 100 100 10000 1000 100 1 10 1000 1 10000 10000 100 10000 10 1 1000 100 1000 1 10 1 1 100 1000 1 1 10 10000 10 1000 1000 100 10000 1000 10000 10 1000 1 1000 10000 1000 100 1 100 10 1000 1000 10 100 1 100 10000 100 1 1000 100 10 1 1000 1 10 10000 1 1 100 10 10 10000 10 1 10000 10 10000 10 10 100 10 10000 1 100 10 10 10000 100 10 1 1 10 1 100 10 10000 100 1 10 100 1 10 1000 10000 1 1 1000 1000 100 10000 10000 1 1000 10000 10 10000 1 10000 100 1000 1 1 1000 1000 1000 1 1000 1000 1 1 100 10000 10 1 10 100 10000 10000 10000 100 1000 10000 10000 100 1000 10000 10000 1000 1 1 10000 10 1000 1000 10 1000 100 1000 1000 1000 1 100 1000 100 100 100 10 1000 1 1 1 1 1000 1 100 10 10000 1 10000 10000 10000 100 1 1000 100 1000 1 100 10000 100 100 1 10000 10000 10 10 1000 10 1 100 10000 100 1 100 10000 10 1000 10000 10000 10000 10000 1 10000 100 1 10 100 100 100 100 1 10 10 10000 1000 1 10 1 1 10000 10 1000 1000 1000 100 10 100 100 100 10000 10000 1 1 10 10
3000
815 1336 4458 7259 6947 7957 9946 7242 6785 4475 3531 8394 1864 5655 7043 1816 4640 9717 7972 8633 5053 744 3612 6475 9819 897 125 3349 4938 3460 2248 4186 4742 5375 1965 126 8149 7055 2878 2116 6229 8725 3770 8196 9154 5802 1180 6505 693 7147 307 7532 1275 5129 9433 7033 9394 6626 6843 4743 1887 6636 341 5321 2815 7538 5928 1443 7155 1734 3986 7138 9648 6560 8584 1288 6484 5083 5562 3630 5456 2754 1251 8363 1868 8693 8355 3176 5724 5752 2419 3871 1684 2399 4193 3232 2842 9869 2504 1234 2902 8095 7601 9236 9494 7354 9248 5295 5179 2473 7205 1118 7682 7245 4961 4500 9689 920 5766 8312 1215 5085 7565 7404 616 932 6041 4703 1257 1479 9733 8307 6299 7581 9508 9081 672 7368 9366 3084 5267 9912 7792 8214 2471 1013 7381 1695 5626 1381 8266 2827 641 4059 7172 7199 8586 8564 9991 2600 5962 6108 4634 6347 6697 5543 9795 857 5482 1079 5401 1548 9141 6333 4655 4128 9874 2463 5461 1335 9547 2317 5731 5082 6421 2112 9749 1388 5072 9157 6171 5381 2093 8624 1531 6937 8331 5928 298 5940 5060 2953 3509 5598 7967 3145 3711 2253 2538 1264 4846 1657 8317 8843 8626 618 5517 2147 9785 6172 2527 2658 2962 2712 7170 715 6731 5968 3891 7277 4668 7355 3833 8749 3918 5070 7684 3178 6026 9345 7218 7564 4616 6256 8239 8641 6859 2655 3271 9906 2267 4096 854 7873 6081 9085 1680 8452 2042 4670 1374 2626 4469 7361 8410 2414 7167 1502 3637 7391 5727 436 6797 872 6495 8224 6126 3862 6326 1337 6142 3678 461 5221 1623 5493 2392 2254 627 4700 7740 2273 7685 7349 86 1298 311 4193 3533 2449 8991 9975 8647 6934 1821 4720 3893 4934 1996 782 3906 6878 7489 1029 1816 8189 9776 8782 269 8443 9421 3963 2352 4772 7032 25 5780 3941 9349 6825 3068 1402 8576 5908 1108 8618 8914 8312 8316 9079 333 6397 7702 713 6338 6116 4155 266 5850 1106 5649 3950 1698 9533 5447 2185 726 5772 8945 5546 2868 7612 7840 2986 2209 1033 7498 605 4807 3302 717 3268 686 5170 5080 8444 6524 8897 7756 4150 599 3131 4687 5848 783 5438 4476 2039 6029 7159 6553 7204 6334 5554 3060 8129 8151 6018 8507 4369 1353 6955 1293 7055 9870 2956 8937 4813 5262 1680 1311 5372 4843 5021 7305 9873 6981 2730 7272 5759 7325 693 5776 7126 4498 939 1229 6655 5952 8406 2621 510 2339 9954 7179 570 2068 1101 3866 6001 5933 6272 9293 530 9913 2513 7371 6077 6095 7273 1259 9403 2255 8674 6012 6521 5150 4566 4089 1858 424 3048 8176 8482 6340 9202 1929 4288 4264 7311 3515 4678 8047 3279 2009 2223 1213 7406 2828 7292 1438 5236 5692 1063 9011 8882 4757 4914 2580 2852 5922 8335 3673 1988 3292 2275 3878 8094 430 5912 9077 9376 6044 7657 9038 2126 1412 1077 5067 6523 7842 8612 6730 6708 9419 1208 2053 5194 1215 7372 7632 8476 5644 2102 9032 9630 2981 2114 7088 8238 907 2034 8488 2507 4982 2697 2653 5286 3694 5669 8501 4653 1292 4105 3216 9024 4496 2050 4961 8740 1530 8234 2762 9696 9513 2526 2804 9914 5531 9234 674 464 1330 744 9449 4336 3453 9373 6825 496 8159 8938 4745 4949 7912 4012 6653 4873 7430 1195 981 2589 7202 6809 7933 7609 3342 5573 9939 2353 5121 5231 5658 6532 2142 6070 8437 9202 1739 5228 3960 7642 2007 4382 7366 4061 2308 1586 829 4754 6293 6850 4067 2616 5364 9464 5123 3110 2610 8163 8433 7648 8171 5055 8148 379 1475 6442 8281 7491 3944 3524 9557 5781 797 828 4609 8108 9789 7710 4681 8793 133 1761 7060 2194 4333 5992 6606 5995 741 6563 838 9343 9204 3189 5939 9064 4728 1204 6329 8261 7378 9008 4582 1946 2108 1584 6453 6114 5555 9139 5990 2363 3261 9870 8341 6576 8193 659 742 637 2245 5456 7761 8508 7487 2440 9932 8446 2290 5373 5218 2662 6438 4902 9727 5511 8311 8351 8721 8025 9222 4911 7780 272 6035 5427 1795 6824 9563 5040 436 9779 7775 4350 9477 9463 3728 841 9560 7871 2793 8589 6229 2421 3968 517 9380 1800 3125 310 7225 5139 6861 2481 6765 3340 6723 8221 7726 1020 2262 8498 3397 9189 5325 7837 8609 6173 5140 2837 7531 8734 5608 8950 5804 4331 9995 7932 3150 4038 4571 9143 4890 3684 4876 4735 3396 8011 5194 7861 5714 9183 4480 4715 1996 9395 8899 6220 6464 5654 2399 4758 689 4712 1294 5674 7247 4201 7849 3505 3310 8824 4442 9208 4450 2249 1789 9614 3920 3972 831 8700 3697 3814 860 1641 6771 5411 7739 1647 2252 84 9016 2587 6666 7793 7822 3267 4706 5262 4676 969 1465 9406 3804 8767 611 2868 6846 2880 595 6504 8116 3052 4742 613 151 4888 9305 9875 1758 5489 4662 7444 8901 8590 8092 2198 8261 7668 4470 3159 1845 5417 2662 7518 4215 3050 230 5523 4833 9302 3164 2875 6643 7007 8442 5372 1421 6567 1562 3027 2303 7822 5301 4064 111 4272 6284 3858 7319 4374 5400 4947 9543 9386 187 4285 5890 3871 1017 1936 7625 5026 2616 6642 8233 5095 1923 4833 6021 3618 3590 2188 7834 2509 7454 9924 6121 6813 8998 7714 8806 3578 4054 9761 1341 8609 7319 8653 5927 1279 9243 1838 1011 8972 8281 3312 9383 8792 2455 2695 5375 8525 7239 1904 3365 9554 8008 1489 8361 7298 911 7429 2161 8409 6806 7484 9239 945 9155 7575 5049 356 6487 4169 49 3570 9475 1196 742 6941 5644 1044 8866 987 1130 7734 519 4703 6698 2948 2218 6887 6135 6266 7348 6184 6154 1314 8835 2178 5697 1943 2924 8802 6439 8664 2086 3648 56 372 4888 7585 8920 6948 8715 6214 3762 4055 7546 5671 2541 4516 3088 1848 527 6868 256 3943 3376 1102 1653 9731 550 7314 9794 797 4009 724 6590 7191 3839 8843 3559 924 2295 8255 4739 3836 9438 5224 9461 9796 5253 3881 4944 2347 8540 3621 6775 4923 4508 998 9121 9693 2869 6999 9107 8120 768 5642 6244 8592 5222 6821 6688 2444 4913 6167 3012 8813 7758 3948 3692 4927 2365 7586 944 9214 6761 6824 9130 8683 2196 6363 3978 4177 3331 5411 1295 7369 6079 1514 8775 3120 844 4398 6179 9911 9878 647 1192 3082 9626 9156 3555 7854 3422 5455 4967 251 3470 3113 1922 7846 3974 9902 3350 6498 3921 9045 5269 4637 6236 7639 8743 5886 5053 4285 5892 8401 8147 7635 1615 7692 5246 3328 6073 5126 6781 749 9216 3625 2390 265 4272 9065 9568 9488 6841 4836 2497 3214 5404 3768 6223 9335 4026 8180 9021 5530 4216 8005 8037 7550 2756 5770 2773 2293 8954 8000 3015 8882 962 8584 554 1217 794 104 6756 2252 3791 1113 2474 149 3583 8285 7471 6114 990 7916 7993 257 108 8719 9038 6739 194 274 8673 4501 8777 4697 280 8228 7054 2937 1753 1578 8591 2439 3948 3144 8625 4135 5807 4379 6502 1294 6112 6652 7520 9256 3984 3700 4914 1320 519 1531 6640 6213 6179 9055 7798 919 154 2807 1354 8189 7109 5427 9270 1562 8653 697 3764 3463 9286 7790 4441 762 1218 4593 8897 9232 539 2938 5152 256 3394 9617 2362 6525 1260 4903 2661 9239 3939 9284 6375 8856 5435 6288 2292 1284 8204 5666 879 1600 7161 3803 1245 5580 9915 9758 6499 5347 485 4478 7381 8038 3737 5829 9060 6150 7075 3043 9598 6227 1404 4839 4037 1204 1344 4390 2526 6225 2527 6383 5188 5909 1745 1499 85 5050 7286 5896 4419 1674 2170 1430 3070 7061 7353 9125 9088 8395 6685 1692 430 1468 5798 9080 1524 9780 9798 5315 6311 202 4781 6779 6353 1387 9167 3977 9370 8537 2778 6237 2777 2274 4405 4933 4397 8079 2390 1036 2739 7121 4521 6899 4911 7933 1260 5916 4123 4040 8123 9728 3203 7501 1752 2219 4991 110 6483 5443 6224 5399 7212 5484 7055 9738 2230 4922 5253 9883 3290 7848 5147 2910 6524 5228 4775 8044 9435 3971 5339 6161 4592 6437 5980 1865 9238 3273 9703 8939 2947 9012 440 7563 3434 7183 4773 1133 6703 8180 2280 4961 3965 4139 2525 6932 6176 1211 7357 9796 7851 9539 6566 8755 8300 6853 8907 602 5890 8796 9729 1392 1791 4067 5816 2725 725 9227 6547 5432 7052 1735 172 1615 4239 3637 8366 8499 9142 9511 9424 3621 7303 6129 6408 7586 9643 8199 2469 5651 402 7909 1712 4840 6815 1406 1901 2321 5707 5110 5620 7460 3389 8537 7912 5706 7801 1599 7178 7412 5225 1100 4919 732 1885 370 5620 1791 2692 3996 8454 2858 9042 2623 5422 9172 6985 7570 3798 6636 3022 3053 7080 6481 478 3232 7365 9702 7037 6370 72 3519 3371 4560 1025 9459 1667 8796 3063 5993 5340 3228 7496 1867 4298 8019 8646 5134 9780 6367 6431 9617 1871 5700 5766 7501 2826 4873 9669 1388 2194 5131 1931 3908 5003 1916 2999 6116 2316 8369 6364 6852 9771 2258 9417 6286 6931 3043 7973 8804 2838 9091 2733 8022 4732 2298 3065 5154 7389 878 5882 157 7939 2236 3196 6290 9200 8281 8109 6703 8056 6809 7272 8006 2740 1354 9263 505 3613 4785 535 4503 3683 8808 4729 2755 7492 9267 8115 9006 8369 1854 9383 1871 4389 8898 6010 8880 681 7231 8951 3580 6965 1677 4055 4877 528 7368 4305 5711 1425 7193 1923 3882 3438 9632 5744 9998 7015 2719 2281 3385 3390 972 9340 5747 8720 4605 9778 8827 2758 5302 4794 4740 9383 4380 8428 1560 2221 6743 971 4543 2078 2174 4090 2396 5277 4055 6434 8019 2329 9460 4402 6786 6146 7405 1237 1525 6600 8447 4558 6046 7449 7996 5362 9534 40 1526 7511 5869 1037 8756 6516 3568 7039 3470 8105 4399 5289 4646 5533 8967 9468 2139 9275 7951 5631 793 752 1631 7529 266 2035 2588 7230 7479 11 7009 3314 2161 4945 2604 4489 1529 5905 4102 1350 6092 2711 848 6493 5005 3836 7032 1494 1559 17 3496 7812 1276 2174 9726 3705 8510 7291 152 132 5629 1975 6919 2165 7826 1160 3751 6276 1463 1678 1690 5133 6022 4902 2246 6270 2181 2340 1120 8691 9228 138 9999 2688 7210 5753 3490 2480 6745 7248 3559 1420 1646 2293 2017 9659 6291 5759 7035 5152 2290 4059 4537 1380 4065 9066 9846 9830 9954 4668 439 4942 3366 8482 9943 8348 3090 6418 4842 894 3921 8108 6322 1847 3949 8185 9730 1163 8655 197 5916 5185 2162 6337 9312 6895 5986 8951 2830 7717 1195 273 9623 1106 225 4295 3534 652 990 6520 8300 4693 8209 6806 6939 6590 1350 8791 8808 2501 4546 1369 5077 1294 8377 3329 2545 8788 5353 6401 9608 1083 5081 7167 3909 948 4005 1412 7118 1900 7428 9975 901 5067 2877 1956 207 2248 185 2684 8133 5680 8568 8474 4247 2735 6092 2079 4403 1934 480 5488 7034 4456 8582 1046 4308 9447 1262 8128 7457 8368 5900 908 8185 9287 2734 6024 2577 4179 1685 9402 1889 3742 8336 42 721 201 4006 753 7729 5963 6274 2458 2932 579 9058 6870 3678 5272 4067 6819 5241 4444 1276 9364 6108 1956 8225 862 2938 3656 8450 752 6568 1129 7620 4625 5090 5362 1415 9061 7483 130 6044 3287 4777 9237 4979 3974 7600 6033 9694 8083 3201 8954 4016 2466 104 6718 391 3817 8872 5675 157 5488 23 6164 5038 1703 3361 8680 3902 6878 8061 981 2332 4584 1524 719 3792 8515 6767 6102 7511 1391 9515 1565 8280 2187 6461 1226 9697 9303 1020 7126 2141 3879 4778 4276 5161 6438 5345 5211 7417 4455 3827 1223 3321 2230 9579 1785 2546 1731 2693 7365 7635 5145 6660 1978 8780 5870 3401 7404 5051 7591 4341 1964 1481 2582 4984 9884 660 3522 5370 2430 1494 4066 5828 6492 8412 802 4896 4262 2848 509 6625 7408 9108 9013 4093 1551 7570 1669 2290 1989 195 1010 3641 2141 3246 6563 6098 1376 9540 9602 4240 1228 357 1056 3239 7265 2110 1506 5432 2007 699 7552 829 2752 9402 7096 6471 8128 483 6270 6990 2831 5799 3517 3066 4505 4585 7307 2435 567 4026 4835 8173 6750 9022 7848 999 1437 4583 6275 2248 6868 3267 8614 4082 8907 319 6266 5883 7859 8921 7940 5636 9267 8231 5269 6363 4430 2946 427 5224 9783 3588 480 4602 959 7728 8674 5856 9568 3813 2615 1640 4060 3951 4366 8743 916 3594 9432 6363 5813 2846 2885 3875 9707 5210 5878 9692 462 5761 9300 9234 2328 9225 3084 8064 8882 5063 2876 8035 621 1478 920 3811 9857 3584 326 8625 7831 11 5435 3300 2137 5582 2907 5301 975 359 2420 9611 2320 1817 8622 5978 1188 6120 6481 9601 1655 5514 4944 5285 2235 2580 7157 7982 5198 2854 9207 5846 3657 9649 2872 6199 5026 4825 2086 2911 29 9385 6415 9297 530 2983 9869 5213 3619 9265 1705 8129 2304 5425 1274 3899 5682 5234 2750 1453 5500 7317 186 4345 3435 4088 1110 5742 4205 1770 20 788 6323 7179 6875 2725 6783 8078 6204 5754 8946 6149 1661 7855 9470 3695 2664 7393 1207 547 4831 328 5221 4278 1715 1215 5600 2787 6151 2636 1228 8962 1525 5536 9732 7909 507 7066 2703 9950 7113 2573 877 1659 5424 3367 3112 6705 9078 8849 4346 4612 4872 3891 1571 813 6437 9367 9005 8043 2516 893 5911 62 7005 1435 4825 9833 7869 3271 1589 421 3390 2798 4781 1342 7758 1892 5052 6512 7715 8013 4341 1493 8914 6349 3029 6078 6249 6052 3056 7303 731 4313 7204 7619 4315 3706 4400 9244 1009 2476 1584 1404 5632 8871 6782 9662 3727 9070 999 6342 8561 6858 8773 7779 9383 3860 7803 4896 1293 6468 568 8226 9358 8467 9363 2415 1970 7357 2832 2738 3471 3157 2067 699 6936 1283 7133 3308 2422 9749 4225 5238 1097 1425 6358 9115 6510 9044 5343 4525 8514 7506 202 9626 8561 6874 1843 6790 2451 2428 9283 9632 9546 1641 1730 9219 1654 4687 8775 5633 6732 4327 6275 7955 9372 9977 7750 613 2821 4512 6602 2356 9972 6581 635 6484 5431 3892 807 7785 4400 6102 331 5535 4965 5094 4593 8054 1609 3734 2201 4923 7259 5257 4414 6828 9911 1462 3079 7237 3463 6671 7937 8462 6126 920 8442 2604 1075 5097 8303 6609 2222 8589 9317 474 2846 3158 3288 944 4087 541 7478 828 5904 3262 4488 6035 7605 8275 6503 2029 500 3963 6102 8008 9732 7308 2909 7775 9615 9033 5730 5640 2679 4237 1480 4670 449 6333 813 2669 9375 3511 3626 3688 3387 4408 6709 8409 328 145 7767 2167 2837 9849 138 3666 4135 9967 5004 4511 6943 6168 5713 7520 4128 3575 7646 4950 8530 6506 9576 1676 120 8380 6131 9198 9728 9978 4631 4890 1771 7892 1045 5509 4529 5327 4536 4278 4895 3086 2456 8475 3937 930 9830 6620 5236 2292 417 8148 4843 4250 6857 6628 6361 578 9552 9372 3111 5622 3643 8759 7794 5873 8311 4918 2785 9146 2967 4813 1599 7713 2096 4237 9159 2999 5499 1463 3641 5820 3659 5031 6889 5428 6089 4269 9593 4817 7598 1929 7709 879 9561 9507 1166 7736 3187 8199 1963 6253 8680 4888 6768 885 2470 2250 3281 5614 6704 9329 7496 2346 5183 2954 1324 7988 5449 2897 5134 950 77 7406 4481 3430 2762 9441 2595 8021 1442 2120 7105 7035 6609 7029 7821 6280 76 618 8745 3267 6112 230 5279 8700 3122 293 67 4076 3707 5641 5113 2112 1682 6284 8246 9644 5015 2736 1069 749 4885 4764 7469 8524 9770 8587 5535 7105 2192 5615 8031 5885 3087 2701 6609 313 3742 3675 2149 3460 359 9661 8267 2768 2017 6006 612 6147 4190 8761 796 9730 785 1771 323 790 1897 6828 7279 6230 2024 8966 4140 7772 2508 3366 152 4933 6895 1654 8524 4423 9922 2247 6862 1718 8381 1928 4631 1867 1741 8154 3254 9977 3272 4308 8571 3304 5864 6713 4839 2627 645 8980 8132 3402 7875 5416 3842 44 208 1458 1809 9406 8095 2443 1475 8383 1229 1659 4192 3787 7483 4850 4327 7606 820 1635 2862 646 4760 5901 5123 6979 1898 1556 751 158 2267 2793 5384 5857 7171 4395 1522 6105 5615 2996 1865 6566 6557 7479 4453 6319 7835 6909 2732 1852 2171 960 2611 1699 6816 9678 7908 9321 7178 2969 6221 5875 472 2140 7914 7997 1850 6738 7220 753 1037 4286 5148 202 8598 9447 9257 3669 5542 8504 8570 1560 7091 4072 7895 5664 6305 2435 9147 894 190 2571 8283 7688 8123 2709 1226 8055 5253 3946 5421 4557 824 8305 3648 9019 6203 6607 3850 1291 7521 7277 9388 7341 1442 8166 7324 5178 1944 8148 291 1681 6609 6755 587 9128 8996 2 1489 9899 4990 8328 9213 3389 7474 5584 5953 889 3652 7445 5439 9177 9829 7751 5952 7414 1868 1596 3633 35 5592 5818 4783 8973 8552 6125 1741 750 2689 8067 2301 6704 1752 4166 3209 3072 1978 6437 3532 7488 3122 5536 1765 6790 761 9647 2018 7381 7493 9655 8260 2205 8172 71 8689 795 9064 7091 9586 7912 8328 2903 9479 2845 2103 1696 6347 9839 9931 5273 8259 6302 6859 9977 4067 4482 6518 5617 4819 7419 2185 2263 6762 9871 8393 4897 8975 5143 9069 3560 3291 3435 4760 5657 2173 2913 8255 8888 5281 1890 5771 9212 7870 9548 9349 6839 8747 4684 6920 209 8564 1744 414 6240 2381 869
5000
927 3275 4374 2636 4695 4105 2399 1016 4835 3342 8866 529 5876 7415 1679 9205 3675 9195 6371 3892 8370 4712 769 6251 6349 6825 5122 9046 881 212 4117 3327 7259 3695 6025 9640 8955 9885 3218 3170 4819 7353 2906 1220 3063 2847 8418 1955 6180 665 7020 4572 9119 4329 2131 2636 9568 4178 92 5415 7640 2536 654 2518 5285 9779 833 4934 8037 9382 9013 5866 1194 5207 8608 3603 3012 8529 1117 8276 2611 6814 8897 8798 6609 1506 5724 3624 3495 5437 5424 5911 4809 3579 8691 7780 9196 144 1879 5668 7301 3937 3994 653 5258 6248 1857 6322 4203 8851 4633 404 8468 6143 8426 8335 7300 7975 718 4856 3154 5248 8419 1349 1572 2742 8814 8736 120 1072 3453 3492 6950 1702 3368 8810 7130 1181 2519 389 7523 5434 620 1433 1200 889 2916 4127 9143 1154 9420 3729 4237 6678 6357 7391 6626 7094 5183 276 6381 1938 8762 96 1036 9594 745 1189 5860 8238 1738 4748 4937 9937 1417 4612 7170 6249 6473 504 7765 2561 8740 3602 2234 6406 8941 4832 2360 4883 6113 182 9068 9094 2316 2019 684 82 9383 9775 6456 8800 8970 1394 4992 3441 5633 3469 6760 8397 2333 2637 3014 3617 4140 3183 1877 2971 9294 891 8992 7557 9005 1198 4762 1103 4107 1608 3234 9512 7982 5420 5851 2100 3842 1639 4671 1143 3170 5206 7960 7383 5379 5008 9571 2496 9266 9287 5971 5182 7017 2762 79 5131 4033 3629 7145 4533 5889 2200 5432 7863 7583 7296 5877 5004 7978 9038 1783 2879 9938 1343 4597 2293 8824 3218 4312 1252 1235 305 8309 511 9533 9484 6637 9667 3485 600 9037 4269 8904 8842 7734 2435 5993 6430 3658 9660 4767 2193 7613 8210 8362 1483 6500 5961 8227 173 3913 2717 8423 2299 7310 2608 2935 9279 9270 2395 7921 5878 662 3585 7989 3796 1029 4331 6052 3834 701 3387 8485 5918 6358 7695 7448 760 653 5309 1691 8542 4480 4314 9480 8918 9341 2848 6171 6201 5985 9628 1275 8465 4121 6165 3651 8460 6649 5781 5653 7976 7898 9899 108 8222 2276 7207 2713 3768 1263 8430 4600 3465 2461 3062 2578 5934 9863 1938 3773 6793 5410 1856 7889 7844 7848 3452 9679 2641 6732 367 3992 706 2095 9396 9705 2639 2207 8399 642 9376 2406 916 2725 4231 2949 8464 6642 9819 9234 305 4644 1404 3548 7359 9937 7723 7891 2794 3594 6730 9844 2338 9546 2979 8369 4333 2747 5614 7429 9773 9676 1127 3765 6196 6315 2166 1778 271 3315 8564 8263 6877 2450 9920 1577 2906 7796 9827 639 8706 8246 1925 1526 7901 2135 9887 8835 19 7069 8553 6892 6068 711 8680 7028 3759 7899 6246 5742 9650 9439 1600 6971 2193 4170 7817 3809 1373 4641 9802 8908 6695 4223 3096 89 116 9469 8561 1930 8515 117 6144 3365 5175 6698 5935 1746 2535 6980 9590 4155 4281 8783 6939 9251 5990 4514 6511 3337 6770 9045 9135 7904 2928 6065 9160 9091 7925 4157 5024 9464 5641 6522 2262 1951 3764 7317 2650 1642 3513 8328 6562 5544 9020 852 2633 6375 86 1492 2381 7727 9834 7133 1444 1049 4310 3633 6075 1311 9978 618 6296 6564 8536 4693 9788 941 2871 8099 7192 175 3304 8489 4685 3190 550 9822 8364 8451 3795 2776 590 5893 3919 4 2579 1422 4520 6544 5785 6474 6642 9602 3281 8482 251 1124 1477 9004 4661 9160 9550 5703 5693 4530 3707 9934 3187 7450 6618 9419 76 4277 2867 6670 8294 1744 9152 1185 8243 4821 5570 1917 8409 4222 8813 9419 4098 7254 6178 9226 7923 3985 5565 7517 7548 9614 448 7896 1904 4224 1106 6269 3610 3767 5172 6757 5785 8462 8776 159 4314 4067 4706 1523 6536 5603 1245 9085 2924 7807 5142 5792 3580 9399 4408 2994 3115 8175 3271 3847 3965 4348 3387 3755 3322 4091 5833 2555 1747 1964 1285 8071 108 8871 692 7901 6081 5167 8066 9412 4501 8041 2996 8374 4591 6518 3638 9448 2101 887 8613 6933 7836 8859 533 8232 5689 6450 2863 7490 1972 8490 7537 5171 137 193 3452 6216 9519 1650 5331 5924 4254 3066 8987 4306 3885 4413 7722 5621 5995 3013 8171 6945 3449 6866 6099 5981 6563 4581 7384 2947 9361 2148 9435 3744 1636 4422 3863 9098 7081 6240 3212 2389 2450 7749 159 2893 6906 8185 2203 8470 8748 5172 7972 4915 4111 9210 9303 781 6527 1621 2676 983 3530 4166 7807 1577 7370 5483 4256 5914 5903 9180 9133 4222 5638 324 6746 1986 5752 9921 3259 9451 9435 8821 2859 4663 5818 5326 8363 7987 7322 1284 6243 4694 7598 2373 2745 5527 6911 9365 6631 1168 1296 2654 5629 3739 5136 5191 4773 4382 9918 6479 4444 7289 5950 9616 8535 7377 6782 2741 3012 378 2048 3844 4122 1311 3450 2734 6505 1687 1565 1045 7752 8985 881 431 6504 8584 1363 1702 4300 2544 1381 6387 5068 3757 4053 4655 7260 2071 2150 8630 2795 468 575 5846 5328 7801 7654 8856 4463 8987 7288 2213 8835 2900 9680 9790 7480 9240 7126 8576 8745 5073 5688 7891 8841 3721 1467 7239 5044 5992 6753 4256 2551 4973 172 1 8574 2233 5634 4698 7687 8767 136 8059 7816 4908 149 7052 4799 9781 3788 118 8981 6121 3089 6745 9184 7161 6467 4094 2675 6385 6199 3614 4308 1297 6917 3924 8464 4454 4664 8715 4404 6765 3080 1121 2988 2238 4744 1808 7460 7418 4458 8060 3076 5253 317 2492 813 8764 362 3046 1675 4622 4410 2048 7183 134 3814 1477 2468 241 8086 3558 5601 6885 5104 8165 6084 7597 519 5410 1314 2393 918 4366 6429 1169 8899 7702 2975 3148 4097 6251 206 1998 4078 6304 7257 4049 549 3263 7550 1539 8538 3415 7746 6375 5113 5293 2598 691 9004 8534 2001 4150 7884 4895 3255 5905 853 3568 1850 3866 7113 5316 246 2742 4523 9579 1960 6484 3982 146 688 9520 7786 9768 2539 6084 1466 4075 2583 8190 1497 5544 983 979 5824 2521 8787 1759 2061 7992 3812 5189 9148 5690 7187 3161 349 6189 5868 2207 4107 646 7951 7168 9159 4828 8892 8029 3109 9284 3057 8906 5696 5303 7674 4510 9808 9085 2627 1128 8702 2539 7362 4844 4314 8873 6014 7439 11 8289 6210 3039 306 5965 3912 5254 1037 8830 6348 3110 8586 8151 9035 2525 4638 5285 6714 5276 1809 1577 8572 1092 717 2126 2926 512 3310 1753 7952 3139 1617 521 9355 6366 8026 8615 9671 4193 804 6002 3616 9927 1161 214 3419 8051 1310 7668 994 5913 9142 6814 6046 955 4355 8667 666 1153 4979 1276 3537 8511 1591 1658 3784 8710 6313 3104 3164 8621 4075 9339 2931 9149 9144 6802 1728 9446 5864 7515 6997 1705 2733 2955 9010 6579 8268 5529 2591 8747 9829 7258 5772 5163 9012 5319 6090 6755 7054 5299 9968 3943 9226 8939 3504 6145 9015 4162 5898 7412 7331 6505 3 567 4660 9760 267 8480 2213 4945 107 4920 3635 3519 5159 355 4521 9071 8376 9114 9349 9365 2534 1544 618 7542 5827 2557 2267 4341 6014 9538 4093 3817 4198 4920 1505 9346 6550 9323 3562 1264 5319 7905 2832 7999 9440 1562 9752 4921 612 9441 6251 1285 916 5478 5700 7115 6824 1974 3714 9868 187 6266 886 4993 8591 674 5231 8846 9255 2450 5354 8231 3617 2509 827 6436 7300 9750 9424 8269 1475 3638 7076 4747 6460 2425 2165 5507 1352 7796 9362 807 8980 6540 4301 1393 6529 8221 7118 2136 2209 7879 9163 3245 7993 6476 9360 3212 9194 8589 4034 3970 1173 4362 7046 5298 9437 1467 1843 6776 6939 5984 5706 3120 5254 5644 9730 396 4994 2773 5729 7245 2389 7216 735 3825 3271 6124 2555 1405 1841 893 3982 2419 4713 225 5624 1823 4999 7373 7719 372 5437 3424 8814 3471 3339 8952 8573 4237 8991 7913 2315 301 6170 9551 8631 712 4185 2790 984 4653 3288 4444 869 7617 136 1091 6367 4445 5901 1767 312 4792 6332 3787 6237 8331 1631 5168 7940 9782 8709 1442 3054 3258 8202 7503 9186 352 651 4053 8673 4995 5465 8027 6445 2572 301 5681 5765 5822 4953 3869 8212 4519 1015 4221 6343 482 9092 4590 3695 2485 5599 6436 2248 1438 6262 8531 3726 6837 3938 9386 2502 6987 5118 9918 5395 7359 8883 2158 3387 2270 9519 8869 3314 2262 5062 8582 2215 7046 2378 9254 2589 5201 1111 9131 8732 1939 3016 5203 2384 483 5221 6783 6737 4970 7258 4485 2489 3079 1749 2155 3026 429 4372 9922 9290 3783 9770 3804 3783 427 5886 1302 7808 2196 8230 9907 7680 6126 3014 6348 8051 7763 2253 2683 3166 3707 528 6694 245 4421 6767 3646 3323 3351 1083 2901 7197 8027 5323 7496 4043 7005 6633 685 9960 6232 5126 6457 9370 9728 8784 8605 630 8530 1791 7399 7485 694 4025 8498 8812 6481 643 9137 6347 8456 807 3110 4770 7201 6521 4989 4684 7558 2727 6921 4823 893 8470 2330 7595 7400 1481 8202 1854 2945 9591 8952 2216 6440 6775 5299 7387 408 2930 7433 9671 3308 7449 1477 4097 5309 2686 2024 1494 1870 7362 5946 1397 8582 6292 8383 2619 6204 9016 6235 719 2799 5491 9265 2459 2656 2369 2930 840 6874 5047 5071 7311 4731 2960 1926 2155 3323 57 4146 200 7514 8153 8169 8904 94 9961 8084 3897 3553 9647 7794 7434 6719 7239 1300 9850 9832 107 4009 8967 4556 9134 3401 801 3028 2429 902 5718 601 2381 531 9471 9884 4889 5424 1436 803 1784 6831 2920 2643 4659 9747 9376 9210 2906 7460 9485 5901 587 1525 4903 5289 6038 6208 1108 7001 9018 1063 4797 7713 2204 1999 4496 5393 8635 6779 8595 3438 3425 953 1790 9361 8666 1436 7924 9908 4705 6996 9975 5185 4254 8608 9423 5797 2125 9218 8132 8514 8154 8069 2947 9984 3812 4759 3171 25 1936 392 7616 1932 3396 6793 6783 745 5468 5728 9181 3478 185 3296 4614 4168 1111 5042 4919 8301 9011 5307 100 1865 5460 5592 6488 9321 477 2877 3178 5415 5536 7849 7774 582 2224 7888 2545 7546 8797 5490 7577 6782 917 8537 4904 9256 5169 9096 8779 306 3412 9460 5434 5793 1084 2446 4595 510 5556 6147 8753 2719 9354 9923 6382 3070 9751 1914 5050 5152 518 4448 6780 1422 8143 3893 6088 7404 4958 3541 8603 4953 2867 1838 6131 612 3311 1517 7270 8290 408 7907 8192 2524 3116 5572 7921 8579 5084 5363 2347 1609 8456 2174 3361 598 7526 6350 8558 1897 67 5095 721 9736 1426 5460 7649 755 1689 8529 5119 368 9462 5114 3438 5257 3285 3154 4695 4532 8720 5228 7227 1927 4467 2446 2580 4483 1875 249 9168 8422 1677 3384 8888 5739 9000 5218 4440 2319 4641 9405 4011 2806 1167 5101 5549 8856 7268 831 2131 475 7712 826 1735 6284 881 1410 6987 6421 2932 9766 9711 7304 5826 5119 5444 3246 8740 1286 7629 9302 2159 1522 7672 1593 7464 5085 7625 7709 3796 3666 2354 4227 5954 6423 3004 5412 5320 7426 7987 495 1070 7787 1849 5758 7842 7556 2798 4624 5711 9903 9415 2087 8322 1686 6646 1752 5339 9111 1162 4949 8728 7552 6566 9675 6773 3908 3992 8977 2605 7903 6288 1082 5582 3411 9682 7063 7132 9293 5606 8921 3869 2835 1276 9407 7972 1873 9702 9766 7584 5330 9094 1599 7294 2886 5046 6648 1140 9801 1781 9771 6208 5364 8098 1007 1483 3565 2276 9515 3 2403 2444 7421 8704 4775 6389 9468 7326 3205 3369 5187 4910 9343 4989 7122 5640 1462 9547 133 8362 6622 2089 4819 1022 6049 8992 870 13 9175 5885 1797 4623 510 3854 7073 9669 6459 5212 6271 6652 6251 7130 8931 3460 2841 7780 2278 3083 9100 6301 5902 6835 2527 4726 2056 2200 190 1175 257 2359 7974 7155 2224 1387 2248 6813 7471 9902 6974 2945 7444 8346 6948 9044 7373 6303 5821 3698 3044 6959 9905 121 9468 8161 3878 8220 4411 6731 8948 9442 6012 548 620 9308 7917 6038 1854 9507 7889 1311 2327 8624 4578 7617 8469 1281 8574 9995 1449 4017 7740 1279 8834 9496 5119 864 5628 8765 176 7681 7438 8399 7687 9403 5431 6897 5782 4827 4738 2744 578 9791 4981 9235 4267 1006 7752 9472 2770 9385 845 4780 447 4699 7942 1351 2077 8283 1259 4552 4129 2171 4603 4509 4209 232 1827 9893 2860 9695 2476 7317 6058 2873 4280 3869 7944 2962 8640 542 5617 1382 2376 9757 2525 8125 6765 6277 3898 7211 2740 3454 9465 5653 890 4331 1900 860 2745 7602 6533 7802 4937 7803 8724 3828 6222 6390 7775 4302 2378 8690 7122 194 4731 7353 6258 5172 8687 672 1595 8704 5797 7074 4466 5488 4429 4375 1610 4183 9571 6408 7554 3961 9645 3193 8518 5528 2947 5132 8972 173 138 1113 195 6737 1600 8605 1702 7306 5759 3594 4641 4127 3163 557 388 1506 931 9734 3552 9820 1995 1965 1415 9907 2128 6159 9274 3027 1816 3018 4150 4826 7650 1240 7429 4528 6995 5298 4216 2653 1212 4543 1022 6271 6366 5450 984 4230 4336 2915 7218 1137 8056 3287 9999 6432 2923 8061 1776 2357 8857 7065 3578 1740 7234 4243 1692 571 1194 1153 9360 4105 7305 307 8154 2438 14 619 6397 4365 2483 5403 6411 9414 60 8444 8039 7833 7144 6617 1148 8849 3700 54 6298 7898 1985 9293 8770 5880 5463 4961 6563 904 1485 5985 8759 5571 1318 7530 4750 3327 2893 9084 644 6294 3129 4896 6391 1749 5886 7970 1390 7175 3104 2292 584 3163 415 9714 3907 8015 6369 1032 8856 5041 8186 8748 7361 268 606 5558 918 5533 701 6643 1936 3468 8570 7509 8791 2440 9492 3817 1180 604 2319 8010 312 7720 750 3976 2138 235 2822 818 5035 1594 7474 2796 9683 1047 1742 1870 8145 9748 3613 1033 3320 6983 5527 6586 5312 1979 9436 8943 2250 5268 3493 746 9717 2841 5496 1035 1978 4487 2314 6801 2753 6060 9067 2703 7187 3991 9535 666 2185 1637 6162 2584 256 7978 1322 104 118 2939 1460 9727 4648 6819 7798 2079 3377 2344 4439 8570 7379 6750 3919 2859 616 9769 2949 8190 1442 4934 5699 6861 74 9137 3860 3144 1925 8686 1567 5929 8842 8315 3592 7605 3409 4528 869 3173 1846 2444 7772 8151 2888 2617 706 885 5966 4670 3433 7121 4118 5477 7424 709 1710 859 8804 2881 2589 476 7947 8436 1901 1160 3855 7287 9710 9498 5340 6865 3256 5336 3769 1804 5343 3731 1606 3884 6759 3276 6152 3615 1204 7716 9586 7936 890 7141 2374 3541 9984 7454 2917 6346 6119 2234 7499 3181 5875 4418 3313 5503 2084 525 9317 977 4597 2236 1820 7627 7513 6852 2804 5629 3602 4835 9889 2568 2784 9471 9056 3763 1416 6745 8548 8015 3546 9692 7757 7581 4573 237 7014 4041 4060 5362 7114 9493 3643 9695 2440 9399 83 6844 724 656 7711 8261 550 6974 8701 6460 7852 1605 7412 8114 3940 1361 9150 203 6662 3571 2174 5872 4846 3916 1486 260 7860 4994 2650 7524 9345 9562 399 7452 7598 2271 6641 3030 6068 7607 22 1158 6305 5454 8698 535 4859 6977 4420 8887 9424 3393 1326 5500 898 8433 5963 844 1818 6274 5989 7624 669 5989 6003 2871 9155 1097 9187 3354 2267 5487 3909 8841 1860 7839 9504 3437 3693 5250 5778 4380 8250 6929 4540 892 1038 6108 5656 7412 7966 8215 8629 2010 7703 8714 8730 4788 7405 6031 1075 3085 7501 1430 1313 6400 2929 4724 1260 1791 2699 4521 1835 2424 8131 2465 3346 8530 371 4803 6824 8870 2163 7764 5680 6883 7272 351 4776 3097 1031 361 3806 8513 5503 6745 9481 5616 5346 7965 9721 8686 8986 7295 7503 4982 9293 2161 5021 2813 4259 3715 7933 6093 4720 775 2430 5785 4659 7469 2725 2634 8770 4673 2986 2873 2514 2641 3897 1915 674 5187 9413 2072 7223 4266 6056 3022 3361 9215 568 5192 5633 2423 6109 7347 8845 2663 8743 4940 1990 408 6628 8182 2381 7504 5246 2556 70 8948 8313 5427 4842 7764 4748 9399 2409 9260 7243 5549 1840 7847 656 2284 9026 1914 5047 406 6580 3610 7306 5855 1515 5347 901 9963 3197 9558 8625 3639 4553 3206 369 1369 8821 7298 1431 8385 6462 3185 8035 5206 9882 9913 8381 918 5915 6513 2423 7006 6056 6326 6108 199 4663 5651 5756 5047 7300 9191 1435 3533 7278 6809 7249 4728 2683 6944 6786 2286 9620 9796 1410 2353 3404 4968 7776 8606 5495 1083 9677 6156 1449 108 6708 4478 6791 2865 9106 7571 9304 2243 3264 3047 6254 4742 9074 8037 691 4947 9588 4979 8095 9163 7593 3678 439 40 2523 4303 4917 7742 2034 4713 6834 2938 8059 4009 466 1955 4541 8078 1093 9812 5927 9520 7872 9266 7144 4225 7799 1959 6114 8397 9425 287 4252 2668 9529 958 2394 5237 7553 2219 5855 2675 866 4467 5917 6873 5832 798 4749 4778 8677 1258 8419 3175 3002 1548 9810 2738 8908 5285 5180 4932 4447 5939 1570 8755 9503 5761 2354 211 2243 8489 4610 6111 7944 6750 5575 2671 1678 3569 2532 8247 3622 3087 9153 8612 8717 9029 1867 6837 7544 1251 1909 2150 284 7856 5705 5104 5940 2277 7240 9791 8570 5604 2821 4991 471 1943 3643 2108 2332 3712 5036 2053 3438 2133 1287 6960 1830 1273 308 7934 7065 696 3217 1766 537 8412 9718 971 7685 1948 4145 709 1085 4942 168 1581 2028 9859 3365 9627 3277 3027 5759 479 1487 2384 4544 9498 5698 5770 2630 8202 3962 8272 9342 1119 1623 9472 229 8664 3555 3138 4617 2814 8800 70 1616 3506 8260 7777 6004 9656 3033 7203 1758 2963 5813 6219 6948 3510 8425 3728 6677 1848 5149 2025 7633 1807 8515 2226 8123 5918 4723 9128 665 1347 5375 8088 1895 6304 4646 7486 9836 5111 7273 3700 9075 6672 4761 7011 3093 1140 7793 6020 2937 209 8055 1723 6494 7177 8563 1392 1953 2348 6468 6563 9675 1666 2764 1060 5959 3261 5548 3281 9747 6623 2011 3815 6958 8177 4563 9534 9726 4472 6557 5834 7795 9882 6626 7938 8379 4569 2414 7448 1770 2001 4107 8017 8147 3781 2205 486 1631 865 1117 8161 438 2934 6269 9905 5356 2502 4960 1578 1253 8518 8064 7635 3308 4809 8157 8032 8270 4287 8887 5629 8856 8955 289 517 7051 1951 6285 7374 5153 6165 7250 7531 589 538 2897 9120 4965 2689 8052 7056 2203 5119 6374 7986 1792 9320 8037 9073 8837 9375 7697 7797 9211 2560 8301 913 6412 4315 8105 9683 6189 5779 4660 5250 1006 461 9674 739 2100 6003 5715 9567 440 5591 6235 1594 7014 5654 5855 6749 5755 924 4001 4056 3844 5113 9708 1391 1073 4995 1875 5531 2781 322 8821 5343 612 7551 6921 9306 8433 6900 4368 334 7695 9633 364 5185 6188 9344 6394 5282 9380 1601 8001 1639 3373 5504 8138 8237 5563 2730 4907 5952 7143 3305 8142 1234 8779 3507 4708 4344 778 4871 9396 6586 3700 1506 9473 1552 9697 5518 4478 1102 9280 8700 7786 6997 3436 5690 1256 4945 8268 4913 7092 8846 5133 3278 6788 6591 4116 8443 7425 8971 2958 304 8457 3056 9451 8178 3489 7656 4389 8728 7106 9275 981 8556 3287 5968 7577 2420 3938 2465 4919 7133 6721 5220 1055 3335 6757 4373 4702 2631 4201 9850 3868 6649 3907 1860 2456 3144 453 4023 5087 7604 7952 9172 7145 6914 606 3309 2610 4468 2235 477 4233 4551 9022 2883 691 7960 326 906 1375 5143 9856 4882 1041 6668 5954 1479 6502 2302 3867 1833 9354 8196 1976 8551 9509 8605 4125 8133 1478 3900 9827 2003 5134 5395 9573 6388 3865 6928 3571 2363 1750 2869 3507 4498 7200 6690 4166 9658 916 8034 8740 6139 1850 5185 8941 6943 7780 4036 4550 2374 5947 7786 6025 5049 345 9925 570 895 3926 4144 9055 6302 5067 5945 1999 8763 3872 7248 6364 128 6438 4186 4929 1478 3857 4872 3446 2625 7190 5196 6656 555 4489 1312 8055 7718 6765 5451 6920 1644 2627 4275 8295 1087 5764 6895 9865 8973 5353 7426 448 853 3010 7264 2229 50 6564 3278 5006 5140 9434 1347 1815 2585 4089 8460 2131 9732 6722 5233 7397 7837 2187 4270 2842 9716 5367 4616 3254 1382 6791 6022 2980 6447 6182 9345 3677 339 376 9150 3747 1457 7576 3248 4289 2764 815 6570 7027 9836 4262 2445 1459 6028 2787 9293 1922 231 8615 7129 7433 8096 1941 3677 3328 3121 4361 4717 8096 6259 2133 7066 3385 9831 3531 4636 3102 6853 2955 6693 2391 471 4754 4289 3858 7388 4068 6056 9550 7506 1404 169 7682 2182 5296 6513 3476 6283 6935 9784 4198 1196 1561 9125 962 853 5453 3847 7715 5804 9934 9801 745 87 4155 8266 6241 4956 6466 6076 2166 9167 673 9510 2938 4264 2783 8253 8074 5557 7669 2161 1468 5198 8690 7093 2323 4266 1914 5132 723 2095 8179 4603 5907 7046 4635 4312 4321 8470 5128 7139 2703 5169 8049 2478 9104 7208 871 3095 2435 894 3766 3000 587 7704 4263 2679 7653 7150 1900 8108 668 7233 5841 9189 7949 7499 8077 1843 2425 2025 5727 1533 3337 4654 2959 2757 8335 4469 9228 9595 3479 9560 67 8618 9351 2958 6822 1258 4033 8161 1545 5384 425 4657 1998 6458 6120 9672 1737 5300 2519 473 1328 7540 7861 7439 4412 9735 95 5397 718 7423 5323 9325 2118 3463 797 4635 5294 909 1158 8964 9867 6248 1516 6534 4180 2916 3933 6535 1461 336 3411 2669 6365 6592 4668 2525 1975 4891 8042 7083 5080 9887 2151 5882 1574 6020 8399 3274 8021 7298 6358 7805 4398 9225 9835 6931 1478 6922 6033 3053 7112 6979 1522 662 8410 5599 7594 3673 2540 8115 8638 8596 1375 4762 7671 7165 1297 7825 4921 2434 2093 4921 4073 8570 7007 4841 9314 781 9027 1253 738 8411 1763 8366 6961 6766 1548 7612 9313 4151 5823 4175 9593 1339 8248 266 1866 7583 2941 2985 6438 741 1364 6819 4876 5143 9620 7454 7371 4342 5592 3066 3458 3032 1281 9896 4248 1742 7107 8755 293 95 6470 1911 217 2813 7817 7539 6637 9861 7974 4961 5910 6471 4958 1435 2049 2213 227 3126 1833 260 3083 439 3428 7882 2378 3961 7139 8824 3127 1410 4930 7592 2427 7765 6912 357 1908 2721 2497 7295 7947 7724 321 7364 9588 3975 3298 4830 9329 6418 834 5469 129 1682 7074 6810 8121 9480 9762 9081 4764 606 7987 6548 7964 8410 9683 7993 3799 994 8655 311 6914 9443 5174 9064 1040 4388 6834 7755 1915 8106 5681 7345 7147 340 2643 4718 3149 7688 5633 7178 3802 8317 3599 9628 5556 9864 7675 2148 4806 6395 6829 5902 7738 2654 3394 4627 1412 7911 2115 2839 3268 2561 9924 8063 1653 6815 8089 4975 3845 3431 9123 770 297 5878 4273 5849 2598 2862 8248 523 1043 5533 7055 1867 3714 1977 9207 3671 7968 4224 5575 5820 764 9126 4382 2476 8444 9900 1706 826 7173 7489 1817 1734 9988 1669 9215 687 8311 1727 2736 1934 3365 5925 2572 4786 7233 8288 8165 1626 2527 5959 5482 2257 2014 3307 7194 6811 107 4019 7760 5592 4698 8274 2805 1396 4358 6101 6799 5908 4021 2483 8677 6909 3738 2260 7025 6773 6706 7516 8456 5927 487 7251 2385 162 8476 1140 1389 5542 5157 6580 2692 7111 1007 6443 607 2473 9413 947 8516 4845 6869 6586 9070 4986 5139 5638 129 4583 8647 10000 2406 6618 7310 3360 8919 7244 5656 6627 3232 4940 1380 605 8805 5480 6389 2064 8527 8860 4651 3501 1520 8383 9040 5115 8541 5582 2621 383 456 8846 9707 4238 3954 4979 6926 8278 1809 982 6110 4255 8314 5807 2028 782 2043 7352 4881 9378 85 7424 5553 3868 9528 9266 8737 9757 3831 5739 4902 4661 9384 2293 6187 8514 4057 1724 5371 8461 9541 3154 5919 7443 1605 2401 6974 6751 1342 1511 1018 6961 2130 7802 3519 7309 1279 6050 8622 6598 9637 9158 8502 6468 4320 9573 8172 6937 7210 8020 6830 2668 2364 8286 2082 7942 7499 2119 8408 8669 1934 3483 7461 7755 534 2569 9159 6051 1945 9856 6694 1807 1980 6055 9367 4744 659 8565 2511 1929 6086 4995 6135 4968 4816 7961 458 2340 2328 9660 6910 797 4999 4644 3532 2999 8008 34 2004 8970 5712 1106 732 6841 7883 9389 5074 9269 7411 5534 6181 7786 9923 2175 2269 8270 7551 7371 7357 2440 5328 1463 6711 6344 3814 6478 5554 8863 750 7259 4544 1450 2713 406 9371 5060 9192 2028 9164 1395 3152 8877 9451 866 9342 8548 3103 7796 8235 305 1970 8713 2944 310 4504 3371 4018 9495 7278 1386 8741 9942 5249 6583 9648 737 8052 381 5569 7160 2957 6798 394 8649 5199 6258 4213 1491 1878 1627 8876 2755 4675 2359 2992 4187 1468 2526 5026 6672 2772 965 5329 2973 445 958 4882 6388 1617 5243 2334 6763 5311 4225 6152 1981 849 3318 3925 9781 9601 3874 8076 8333 8264 6308 1885 4412 993 5215 7615 9062 6669 1072 7932 473 6676 3829 305 4409 9077 9603 1663 4035 9088 2057 4990 9310 6664 7306 1374 8199 3333 2332 6116 8854 2755 4016 8806 6942 9095 7401 684 16 7612 4739 2742 8 985 7900 4477 9795 4110 6228 5757 3485 9587 8361 4609 745 2644 8750 9225 1145 4925 1469 6476 2014 2288 9117 4578 7077 3454 8270 5215 5613 4282 7417 4473 4029 5269 5597 3450 7533 9822 5381 260 2190 33 9974 7807 70 156 2843 6769 9106 8011 6435 8816 1329 1270 8825 507 7293 2022 5783 6166 9851 5864 6336 2903 138 2044 7580 6069 3161 7283 153 3629 324 4606 5862 3137 1474 4967 3623 3838 8090 5947 602 4599 8074 9929 3425 116 3212 6489 1817 4544 9324 8197 8093 2793 9040 3174 9268 9879 9259 2875 1070 9636 2101 1065 2087 4253 9337 3734 8570 4494 3143 378 8731 4143 9176 7437 32 6997 849 5292 7086 6666 4489 1994 8491 7644 8119 5922 8474 712 3678 769 4553 6882 8723 7354 5181 84 6420 3188 5483 1340 9368 415 3696 6943 1219 4095 3225 2694 5394 5092 1029 1584 456 7863 7077 393 9708 5477 4102 4049 1766 7759 3905 5583 891 5465 8514 3878 1194 9829 7184 1567 7314 9485 2045 1401 994 546 6183 5132 1065 2089 1015 7240 897 4939 7075 1077 1668 914 9162 855 4831 6249 6581 1570 6735 3819 9823 173 7428 6290 7605 7014 1659 5564 425 7439 8474 5377 9630 3153 1769 1682 201 9751 1106 9713 3172 9391 2064 8337 4198 5822 6897 7887 7284 3046 3983 2255 722 991 2091 5106 9576 7140 8407 5861 5098 9562 8866 2385 2415 7692 5057 9884 5618 4768 6042 132 8481 9608 2369 939 3889 8308 9166 894 6915 5633 3201 3282 3297 1120 5595 3102 7794 7657 9826 5425 9476 9274 5499 4909 6859 5384 2658 1717 7443 691 8125 3594 60 3654 3772 7643 3492 3916 7876 5431 6158 3363 6558 3018 110 5944 162 1208 5863 491 9088 1887 2333 4760 7215 3185 9595 5896 719 486 3262 3241 4654 2853 3587 4292 2855 5567 9085 4029 2925 3211 352 2884 4289 1657 343 2248 6208 1818 5544 3444 4998 7474 3934 6056 6100 2807 8633 7106 1071 1941 2366 2142 3107 3140 8725 6196 6131 5209 9823 7037 4006 756 9622 3098 8773 4819 2434 5368 4049 872 4588 2071 8327 9569 8011 3428 1333 7711 1062 2743 8333 6358 8342 6131 8168 8501 7606 2932 5272 6125 8609 7918 8106 7762 4396 9522 6569 9567 599 3394 3596 3325 7406 3840 6486 3581 5013 6963 6178 9361 2575 6129 4170 9020 1388 2200 1376 4834 7282 8500 5760 3771 9567 674 7622 8392 5511 6981 7391 7660 7086 6700 6021 8151 5194 4473 6264 404 2942 7236 3830 4351 1243 5883 1350 4825 8220 8401 8956 1280 4528 3731 1612 1942 1168 5902 627 8946 3281 5468 3221 5394 4096 4959 4496 3123 9896 2258 8898 4278 139 4906 4617 5679 6616 6647 9501 194 7733 8399 2445 6512 3728 3717 3438 7773 3829 8451 9617 9054 7679 7559 5581 1406 5129 3077 7025 6843 3433 7187 7372 9149 493 6139 2276 9461 2102 5006 158 8188 5810 5567 3694 6867 6974 6608 8808 4909 5342 9616 380 9299 527 2279 2518 5410 9309 9879 9958 9402 6404 6247 3345 6400 1043 8757 6331 3085 7778 1779 5387 9330 7397 4991 1527 2808 1709 9058 2910 525 9885 8005 439 3058 3260 1138 6322 4650 3373 3818 4769 8591 1146 7449 941 6039 8495 180 2815 5353 6731 6407 2572 1814 2115 8789 6855 7835 1126 6373 3382 2128 3369 5075 7081 7778 2601 9891 9422 5084 9625 3325 8232 7519 4512 3304 121 2337 7302 1048 6541 9909 4044 8615 5388 9326 8043 7539 7580 9439 640 1492 4717 7476 5681 4873 6407 2869 6800 4081 2942 7079 7501 6302 3005 9316 1565 6447 715 3927 2587 4485 8810 4782 1093 3559 8085 6738 9057 1986 6041 1253 1723 8264 5341 6719 7388 2700 4141 3397 8291 731 7572 437 1199 7567 6244 5630 6542
8000
3185 6499 618 175 4105 1878 2236 5359 7606 7942 7558 1117 1352 8985 3969 7171 2297 7713 4573 2643 2794 295 9944 1646 2903 4819 2034 8759 6403 2759 1271 183 4476 2514 7219 5866 2915 3549 564 8721 3541 7242 782 8566 1684 6399 5051 7274 858 9800 76 797 6183 3305 4091 6138 3908 3276 1497 262 6908 457 238 5523 3148 1035 3613 1582 2750 2736 721 6810 8396 1764 5359 5286 9208 3105 3393 8875 6472 7010 1979 3807 3502 1734 5842 5298 2844 245 6588 5181 196 6376 3485 7516 3606 1081 4562 6045 719 1103 3580 6735 4940 9811 8185 1668 8784 9325 2809 4127 1552 9828 5314 6366 2177 5440 2872 5209 7899 1106 5490 289 9970 9585 7354 6264 8372 3808 8248 9625 217 3811 347 2032 5060 3873 7020 3990 1300 981 2253 6136 8171 4859 3309 2484 6156 3348 621 3900 9798 7270 5385 2199 4556 5202 648 8533 6797 4726 388 3752 5427 5615 3969 3372 8836 885 4068 3644 9962 6250 8543 5269 3007 7247 99 1058 8055 1146 3153 853 2318 3345 2057 1503 2845 9709 8992 3348 3871 8313 1280 6983 7652 5103 2689 3236 4012 6947 2890 9926 4079 4966 4675 9444 7344 3299 4454 7883 1310 5891 6524 6188 2748 7712 7231 6925 8278 9984 7101 2553 7897 324 6249 7002 1363 4918 9751 8801 2503 9057 2878 4215 6233 7596 5011 7431 4640 6146 9210 9929 7878 1178 5459 2238 7688 3206 2535 3106 68 210 8203 6131 8051 6628 6812 6465 6113 6292 8020 5043 9638 1167 6697 636 2039 6304 9266 2660 3182 7148 4182 5711 8349 8005 6032 945 6313 6947 4043 3970 7827 565 5921 462 2422 4281 9919 7462 2414 4166 4053 9865 9475 2644 202 1912 1512 6297 6515 9603 1316 8495 3093 6929 2716 6993 4143 4951 8202 8735 6271 9602 5045 6743 1456 1790 9381 5642 2338 4407 3432 6520 5047 105 2759 8056 25 1587 1144 6845 8600 6829 4724 7060 2795 2890 6138 3053 2200 3244 7970 2981 8234 1806 7383 9291 3482 3041 3292 966 2993 3143 4249 6697 7220 1789 2721 1307 4802 1404 6188 2042 4534 1052 5605 486 9595 3846 7829 7949 1651 155 1000 4359 118 9542 685 1586 3458 8557 118 6154 9879 8520 4355 7961 7753 5521 9902 7036 5514 6074 5620 5164 3925 5918 6528 6200 937 5833 5410 1641 50 7486 6583 2275 420 9861 2013 8693 4578 4072 6036 7404 7785 8436 6768 3079 51 5278 272 5901 749 5333 7279 3826 9941 7938 6556 1333 5707 7010 7800 1645 6305 4814 9947 3196 2345 8520 9369 8267 520 2094 8158 1426 4937 8990 7648 2753 7311 1895 7899 8858 3946 3987 3467 2792 1465 1728 7125 478 2625 5349 6283 4593 3610 4220 7803 2016 2224 8757 8060 1481 5452 3666 9436 9841 1059 5623 6176 6252 9206 7159 3823 3662 4244 1895 4767 1436 1824 1460 5574 9702 3082 1902 9385 6025 2087 5134 6229 9452 27 5092 1013 9667 8775 3110 6359 6941 5237 5980 2069 8515 9856 9679 3639 1746 6476 150 8819 7546 5176 2370 4863 3586 8189 7467 2415 9854 4643 2389 562 9812 5245 5060 8230 2022 4480 9403 7836 3534 8110 4775 6171 963 5458 2501 3450 3687 861 2933 7987 6419 4900 2608 353 8977 6427 5528 6921 7756 5706 6412 6407 1176 8648 4637 4626 3196 8978 6451 1594 2144 5298 9509 886 4981 7496 2681 9456 2253 7239 7904 4769 2372 3436 3573 3205 149 5934 9431 1670 2418 6169 6997 2756 922 1573 5825 7763 2943 859 1922 8444 5545 9722 7107 2434 6619 4014 556 1946 3946 6498 8005 4959 9767 2826 6150 1468 7596 6260 4509 7292 6018 190 1966 1910 1353 1999 8015 8351 3685 377 9614 9387 9381 7856 4484 1549 9713 2967 6290 7932 7105 4888 9362 2051 1629 5328 1040 8806 3029 6640 323 6451 9110 8788 8684 8004 1047 8501 9580 8830 2033 3399 1922 2960 9815 2948 87 9088 7327 5149 2015 641 2110 9422 3378 2641 1438 9215 4206 573 1386 2043 8292 4891 5956 8919 2811 6931 1 4068 4925 756 8510 4807 8750 7289 2291 9454 8035 5127 8563 5769 9931 8818 8365 3438 1622 732 3884 601 3081 2321 4910 3526 2198 9865 9045 3539 9695 5882 4544 2105 6914 1218 9008 4177 4270 6255 2675 6554 7472 1364 4164 6968 2346 8780 3338 1156 4413 3156 6097 9234 8379 9911 2687 6876 2514 5183 7104 6208 424 9889 4055 1270 4425 2041 8707 1802 8984 6664 1080 5396 1457 5944 5464 4476 2397 3698 4483 161 1604 6179 3640 6203 1720 2023 2879 8625 5022 9647 8021 1565 8666 5716 9374 4620 9036 4440 9952 1623 785 2797 5210 6382 2960 5655 8711 9038 9742 6597 7812 9704 2090 4244 155 8414 2547 2070 2337 6206 9298 4380 866 6064 4081 9972 6852 7500 2999 7191 5799 7678 8228 4699 4519 7008 8529 3748 5000 1424 5007 6660 5123 1476 1302 1256 3932 1534 2705 9425 940 1385 4683 9079 8074 175 6946 8334 2235 7858 8156 8437 8722 2042 6643 227 3115 119 6962 8754 5653 4001 8652 9981 693 9951 7350 2761 8577 3687 2864 1230 6013 2184 8416 5788 834 6925 8118 6211 2793 6115 1855 5537 4092 8832 1931 4752 4901 7915 4809 4337 3490 36 9319 6449 3562 4994 8446 580 7586 7999 942 5828 96 7542 5382 4888 5798 1755 84 5729 3050 6587 5808 145 1660 7058 8061 3236 1388 8668 8426 2518 6729 2029 7985 113 2549 4098 3704 7711 6477 6132 4903 5971 7017 2984 8788 4415 1780 7185 7198 2651 2291 5795 7110 95 5885 3251 1813 3105 4667 659 2190 6464 6898 5426 517 2626 3260 7852 4354 1946 6899 8012 9013 8119 2087 5322 6551 8222 6370 2153 1797 1767 346 2066 2548 5638 8192 223 3874 852 5605 7039 9782 131 7116 7867 4742 4623 7961 1353 7027 4059 2498 8376 3061 4087 4606 1884 4317 4052 7031 3250 7764 1688 8230 2968 3091 9686 2436 3758 1973 2167 6574 628 4486 3148 2395 6984 289 3270 1489 834 6231 6673 8601 5020 3791 3633 5507 6980 7851 1005 8353 6997 846 4985 1803 4411 5956 4596 5751 6849 4046 5240 779 2977 669 8 854 5269 3473 4674 7734 4590 9937 1650 7059 3028 4133 8049 5956 5476 4986 1827 1587 223 9040 2134 5426 5907 5920 9648 8664 9907 6088 3903 4521 3441 9573 6292 1429 1742 2137 9860 1971 672 9610 3120 3160 7303 1616 1226 8955 5618 4939 7769 3309 8741 2517 717 2094 3140 6851 9019 4137 9180 5690 5996 7347 1923 7145 1109 7910 6864 8581 8255 358 2735 9816 4491 2112 4745 744 9276 996 3116 6512 8110 8723 8412 1228 2711 7172 8344 6293 9215 6393 6567 9948 4448 3390 3015 58 2621 9369 3568 9701 145 8401 7461 8254 8602 4240 4971 3609 4855 4399 9046 1951 2803 3668 747 8741 3902 4781 640 2427 4550 2178 4430 844 4079 3440 8758 1903 22 5692 9914 6047 5317 1363 8999 4326 2189 6690 4831 5318 938 170 5824 3592 4582 2895 4194 256 8804 9556 1743 6258 4216 9901 9025 3377 7244 3614 5312 4403 3341 9529 6479 2550 7308 3796 7109 6039 2430 7848 1535 8125 2973 7526 3031 2885 3094 9333 8036 2955 4621 344 5081 2669 2911 6458 9958 3077 1137 2351 1180 6986 4018 7455 6594 1642 8630 2249 193 9884 1633 6191 6291 339 1802 222 716 2165 4068 1369 4385 2336 9824 221 153 1742 8886 5544 1392 3314 2281 7871 9221 7279 2672 5036 5435 7846 2531 3994 915 8905 4382 8906 2016 347 729 1684 8923 4861 1680 8381 6804 2323 19 3675 393 3713 6998 6314 2414 5788 4699 3700 6303 1841 8057 2778 1804 3678 1666 4617 5854 1249 5467 1939 5906 1389 710 9904 2475 2917 7022 8691 5486 9824 2971 6967 2461 4940 4702 5707 1702 4441 8179 6047 4348 1251 35 2435 2401 5247 2421 6399 7318 7838 1102 1854 9467 7003 4562 2370 1481 5292 2089 2979 6308 5777 5231 8097 6944 7885 6782 9858 5463 2264 4028 6278 6859 9000 8144 8826 8745 8070 8724 8785 3770 6301 1369 9518 6911 8633 9467 3593 1429 3853 5926 46 3330 281 5937 9148 7764 2188 1804 976 5723 5912 2283 4828 7543 2361 9035 6898 3973 3452 3679 915 2257 1920 2344 6184 431 6958 6089 886 1736 9529 1208 7812 9730 2591 494 2406 5984 2314 1294 4014 1262 204 9325 6823 2452 2988 7696 2295 8641 4907 7703 6742 5526 7274 216 4698 1822 2554 983 526 9898 2843 8245 2627 178 6494 6940 7443 9079 4227 9372 8222 5014 3724 6941 2569 4453 1506 8544 6185 2050 3471 6560 917 3586 6427 3009 9163 9913 1264 7674 7821 5131 6637 6233 2700 895 6086 6950 3190 4422 1776 1710 1274 5942 9882 5496 459 3924 4623 2666 8873 1744 1070 3471 9783 179 5064 3075 9038 3305 530 3937 4410 1393 9340 9253 735 9236 7926 748 787 5154 1527 5056 138 5843 4626 6523 8195 3192 5152 6400 5830 2122 1595 5428 6672 8250 1654 8227 2460 388 9620 6260 7814 9606 612 4753 2641 2482 7587 1290 1528 3794 3533 2307 2638 8218 8459 9973 8573 5593 7331 2149 5554 4765 5903 7059 655 6350 3917 3421 10000 9943 1228 2496 9288 8151 1595 244 2336 5071 8964 1428 8174 1541 7451 5139 2780 4843 2645 1116 4589 9445 5952 5789 1461 1165 2935 7548 4226 7753 4194 7242 2301 2031 9318 7999 648 5955 4696 6568 6701 2113 7222 6008 8396 5138 6122 1367 6769 8289 7374 4306 699 934 4011 9188 130 2532 1725 4762 6157 2592 9341 6541 1195 3654 6360 7573 1531 5716 7632 7675 8767 7616 1787 1406 2953 1775 6503 7096 3268 6578 5385 1056 5198 5610 9901 7967 3483 7802 1873 4560 7447 627 8930 2551 7699 2384 3497 5245 9309 513 9848 6230 1022 5922 7046 7756 3496 886 3465 375 6929 4421 4129 2885 1369 2322 1134 4487 6636 1338 4887 7396 6876 8597 3507 4250 3015 880 1514 7021 5603 4864 2695 3253 5722 6866 7890 7790 8773 2632 7156 5811 9344 6375 162 9189 9783 3253 1274 9477 2369 5304 5185 232 2465 7514 2416 8182 5184 1861 6658 4305 8531 60 7381 2059 7361 9476 1596 597 3581 3074 6884 8947 2721 9845 6185 3541 5703 3436 3131 9450 235 6066 5960 265 4947 5029 8226 2043 8177 7471 6783 6723 5762 5770 8887 6977 8571 5502 1857 2880 7517 7018 6113 2898 9056 9746 2664 8892 7141 6251 4669 7167 4640 1625 1435 1700 1468 269 6738 1698 8133 8924 1633 7276 8247 9522 534 4749 6891 3471 3651 7448 9037 6243 1875 3204 7693 2038 5744 7601 6765 6484 124 6138 3668 8315 4646 4384 4333 5036 6794 3957 68 6792 535 254 430 2512 6134 8502 9829 5201 5490 2792 9374 7045 3962 9105 6412 3156 6444 845 9467 7030 2111 6396 2846 6604 5212 8475 2595 7166 3784 1631 2069 8261 1939 9452 6422 4263 9058 2605 5282 3338 1527 1528 420 7166 189 9720 2507 455 8907 1290 9368 6265 414 2138 7433 5867 3056 3927 3633 4864 3175 8772 4018 6194 4267 847 4505 1359 2355 379 9492 1694 1817 7522 9763 2010 1754 2323 4627 4292 2959 1520 1267 8097 5921 3407 6402 1649 8045 359 6778 1205 7971 1250 3445 6879 6148 5137 7387 2639 2945 4894 166 2927 9294 9939 515 1920 5616 5681 7928 9830 8953 82 2595 8548 4169 1992 3159 9930 484 8781 377 8486 8384 2496 3543 5978 1880 3554 483 5366 2270 3600 1367 2073 4384 4483 7890 3264 1506 5710 9035 4822 7652 8123 7144 8399 6552 3163 4097 2833 3242 4605 6436 1685 9562 9626 5105 2714 3372 7992 7101 7309 6942 9770 4451 5222 1762 9949 6275 7033 3272 9292 5782 6126 1052 7363 2740 553 8378 4146 9615 6714 4808 9894 8691 5771 6525 490 1878 2947 5286 7035 3046 5861 4019 1190 3525 6089 6094 2376 5151 2003 157 5219 178 5388 3502 7624 9297 5268 3811 9201 1085 6317 4646 9859 3476 8638 3562 1686 9190 4555 9959 1225 9403 6909 7130 5206 5244 3246 3229 813 8092 8169 766 4496 6901 1953 2033 7418 2803 9853 5355 9685 6272 3873 9443 348 4670 292 9433 76 7565 4659 2147 6599 606 8740 8642 640 5527 266 1137 7698 1558 6800 4931 4500 5196 5665 6559 1306 9116 5131 8090 771 6444 4889 7447 8082 1989 6126 1683 479 3670 783 170 2273 1722 5289 7138 3708 2788 1442 3131 6043 8807 80 860 4254 705 1815 786 4985 1229 4320 5395 6218 4422 2790 2257 9559 7548 1964 2069 5231 2424 9570 6771 7320 2004 8548 8644 3940 9468 7830 8029 4596 5274 7908 3700 1504 4322 4853 1356 5783 9150 3971 3373 1278 1231 8103 987 3481 215 3541 7670 6308 3078 7989 1712 5577 3418 9675 8644 8420 5134 5108 7438 2523 8265 1731 2130 3584 5957 6317 7412 8412 3326 6556 3079 1124 4552 6931 2690 5032 9457 1672 2413 7552 1755 1805 3941 271 7550 3064 4370 468 7802 8698 7416 5766 4351 1938 9016 1377 5806 7069 3474 2467 6503 8227 7059 8321 5467 870 7230 4466 6058 1602 805 6267 6923 3177 4816 3103 6597 2894 9732 4520 8676 9952 8087 8497 7103 1788 817 4078 1819 3597 1887 870 584 9424 4361 3911 1078 8718 1655 4513 3710 6628 6421 6437 1659 3602 4395 8112 3370 2802 3335 5695 4718 9769 4718 50 1544 3032 8245 7811 5002 3909 2789 5162 1137 2730 3069 5442 7458 2323 208 7775 7011 5473 341 2908 4322 1261 2797 159 9732 5769 7763 9554 16 8000 4055 7742 1792 740 284 9294 4762 3740 8606 8243 2741 2401 1538 1638 4990 5499 7415 8039 5747 8940 4216 7970 4153 5968 7516 222 5777 4933 5467 8484 9760 7935 1847 4422 8508 339 2423 6722 3608 2320 5852 8156 506 4003 9463 7056 5888 3380 1462 3175 6189 1768 4487 8927 7360 8632 2866 4346 5715 5426 6406 9652 6836 4526 5067 3122 673 9494 8520 5624 2014 7101 7455 9284 5685 4725 1805 136 8174 2410 7640 2461 8571 4747 9144 2664 4974 7976 4722 1058 4828 255 7436 670 3560 4636 9716 2022 871 8001 5010 83 7050 5771 10 817 4119 2256 5737 4641 8224 9187 2540 1409 4434 2337 3223 7078 9588 1322 4764 3585 526 7752 5810 4075 6328 6923 6539 1607 4280 4948 9781 5091 2839 9239 7140 5283 9472 2280 3268 4096 2223 6820 9081 3268 4932 4997 1402 4871 9284 7555 8942 3004 6159 7158 1573 2270 8627 7240 5132 8254 5858 7673 5803 7006 7643 6889 6721 7557 453 9157 432 6896 1448 2303 4954 3975 9508 8391 6113 2085 8900 9266 4806 877 6433 2063 6601 97 7582 8487 7540 890 1387 896 4426 1753 5463 9737 1595 4760 9264 7888 5428 997 1989 9578 8369 868 3359 8458 2361 9208 8115 2234 3662 2535 4929 5093 105 7945 3288 1879 1100 0 2507 9892 1983 8516 1587 4050 3347 1697 7761 403 8287 7271 6401 911 1995 4913 6628 7925 3015 3849 8957 4264 7194 2018 7083 2396 354 3027 2321 3943 2797 8380 8956 3282 7801 7871 4751 4742 1638 9646 8076 6018 4508 6409 6321 1758 7601 6830 6960 2427 458 4643 7488 1968 9244 6380 180 9511 4960 558 7282 698 5811 2282 7666 7509 4536 149 2593 5861 8202 8244 3453 5715 8602 6399 8405 1028 2858 2480 5764 9226 5558 7528 2294 4560 4963 6454 1117 7925 6168 7729 9926 2955 9437 8306 8608 4247 2120 5309 9647 9514 5703 9576 6615 1107 736 483 2607 3796 1581 1740 8182 7805 5302 3793 3876 1727 2850 6292 6882 1054 1014 4103 1875 613 1194 7234 6132 9937 482 2851 5261 1763 7364 6187 2182 9400 9117 3272 3206 4136 8046 7168 4687 3694 3296 2655 7111 8659 3150 1409 9537 397 1576 3334 544 2302 85 5891 6685 9310 8955 1179 5582 3036 8653 8129 3115 3399 9344 7761 8205 5768 5840 9153 2258 1100 7190 7004 6162 1161 9324 1280 2083 8474 4886 1653 1932 8170 3777 843 9854 8856 5421 369 3670 4749 4118 6396 5863 1113 2586 4719 1225 8755 9426 3955 8482 8192 5115 6540 928 8944 1816 9548 7716 4309 491 528 5538 6904 4274 3285 5481 973 2282 3346 8963 5400 1021 3860 8086 1194 9238 9994 579 5666 1159 6819 9800 1320 9034 7844 2121 4432 683 1704 583 8136 8316 3690 5738 7069 7824 4971 3731 351 906 431 3214 8752 9963 6215 296 9052 7899 854 6342 6180 2051 7040 6993 9003 2257 1893 7175 1933 6024 5763 3172 5621 7152 949 3902 3801 1507 9643 164 3721 6767 8785 9306 750 244 4094 931 1255 928 2076 7185 2958 4630 716 5146 5728 9869 4001 4790 2125 9930 6517 7843 2005 1258 1251 4099 8907 3372 8108 5848 3609 7266 4959 6011 9034 4795 4001 8631 4383 5224 8870 8248 1710 884 5679 6731 7966 4583 1285 3335 2246 8535 3777 4996 9059 3453 2011 6101 2325 587 3851 7213 7434 1871 348 8174 553 4428 4554 9637 6294 4921 1384 978 4572 9990 6290 8115 308 6268 6302 7274 727 3677 3370 6214 3021 7062 8724 856 4999 512 8872 5698 425 9973 5508 4301 9682 3547 448 5586 7111 7004 935 1789 9065 6358 4709 8761 7594 6944 9381 9311 8501 4261 2663 6247 7656 3903 2160 248 4598 4495 1401 4094 8893 4846 5530 9356 6465 632 4493 5926 4403 4104 9961 202 2036 5028 9313 5259 4333 2929 7271 7581 282 7207 145 7642 606 5877 7867 9119 3569 6694 959 9495 1303 4529 9999 9034 5145 1049 7216 2945 4227 4524 4252 8108 2084 3726 2858 2406 812 3812 1875 630 3018 8302 7214 9500 5199 687 9067 3734 996 4244 4217 264 5789 8854 732 9839 3845 5729 1788 1269 8305 7271 1854 8372 1268 3882 3343 5337 9344 6084 6815 1169 6987 4638 2344 404 5350 9944 5902 5488 6686 6139 7711 4817 510 2626 6034 730 4765 2458 9686 418 1740 9978 3464 5129 8368 8326 9527 5636 3520 6206 9546 534 2458 6243 1285 1266 3679 9263 8249 9411 8982 6849 8830 1986 8646 842 9946 7738 8592 8525 7225 5192 4410 3195 9424 4801 3998 5385 3982 5930 3782 7468 5157 1890 3949 7291 6716 5929 1305 5766 9182 8284 1252 5935 7932 9915 3774 7355 6862 3764 9328 2052 8808 4013 6678 9580 2263 9921 4264 4700 5596 5142 1932 1335 6692 6898 8274 2431 9437 8096 3245 2947 7439 254 2732 1979 6858 4315 9086 7698 1654 2070 558 7068 392 2735 1196 2168 8436 8672 6358 6919 5805 2088 6591 9124 3955 4806 1950 5518 5515 9690 9973 1765 741 1208 5815 7354 6699 7368 7138 4739 7816 2205 3005 9659 8345 1372 2494 127 9724 9716 6060 7430 6215 5250 7185 2895 8334 9635 4576 1587 3805 4871 8082 5588 791 9242 8481 8604 9499 8326 6990 4673 5288 6292 5219 2923 2346 687 3451 7053 8505 4558 9423 5150 1629 5690 4666 2713 1942 4716 4486 7973 7191 3664 2774 4726 4250 9931 1738 3795 4565 2310 1572 3388 9046 8334 2766 448 9804 651 8844 8813 3197 109 8001 422 6054 3328 4617 9357 6987 7288 8534 2067 7435 4832 1795 1965 7281 7082 8081 4309 1423 2241 4562 1908 5795 1295 3644 1218 5359 2567 8307 5494 4523 7429 8402 1213 5157 628 7100 1645 8540 5202 3119 9145 583 130 4029 2242 9606 6163 3607 3205 4346 7702 2481 7938 3065 8138 4630 2159 3253 1453 8459 3509 52 7115 1102 8039 9137 3416 2918 635 6851 4310 6230 9566 3845 5713 7933 8691 2950 4916 3799 4786 7947 8031 6425 9795 5851 8903 7880 4840 1581 3586 1841 4706 6874 7326 5331 4053 6960 1897 2886 7614 5224 1860 5694 6522 2098 7925 8014 9847 6750 3847 474 4766 4389 8314 3524 6701 996 9212 5295 4286 5203 6737 6412 7240 6966 6531 4271 895 4396 7954 3587 5567 747 5054 7334 6714 3625 9379 2728 8782 3378 1807 5401 2117 9911 8843 326 345 6212 1478 5460 5778 9058 1039 806 8497 3448 5932 8773 3251 2572 8776 6480 3757 4754 2644 6125 5431 6773 3532 9059 4074 223 591 328 8627 1679 8216 6519 7944 692 2571 4638 4939 397 3768 4051 553 4463 2025 6190 6565 2149 4423 1391 1253 1210 8265 6805 330 241 8875 9910 2487 1565 9636 6408 3183 9923 5114 5303 6965 8394 383 4950 4490 7518 3320 1633 4329 9440 7723 6169 4771 7037 1524 3641 6657 9191 4563 7919 4659 8736 8300 4007 6265 282 8143 6449 6106 8955 1774 7409 3671 9467 407 6510 3802 7325 6059 7811 9226 1785 5089 5446 2355 1370 1562 9189 2773 3402 8025 9722 4095 1374 2315 6605 7758 8575 9283 3808 965 8084 4129 6747 5102 5535 2467 598 5266 9262 9809 6660 91 4393 3427 9214 8007 8938 8188 5128 3862 5272 7559 7913 8428 9089 1334 1721 6974 1269 6155 2085 223 2655 8518 1990 2722 3233 7169 1862 639 6949 8113 2797 8594 7982 2291 8963 6850 6543 151 4861 1926 7134 4820 4441 8560 5281 6088 9237 2718 2318 4754 8572 3349 6082 8509 9904 4116 7735 7583 3450 5409 2217 2690 8591 7763 160 5205 6820 2936 2463 7708 1098 91 5109 3074 3264 1537 8810 7513 5423 1551 1001 7679 9739 2563 1093 5741 9161 3703 5651 231 3156 4498 4656 6982 9575 5009 6017 6607 4173 9193 8864 3319 1269 9709 2497 1687 3546 4587 2921 4307 9235 1676 2075 8557 9622 6274 5409 9431 9702 9908 4542 7756 3429 2754 43 3798 3546 1496 2400 2348 2700 7790 4 5297 1274 855 2244 8383 7203 6969 7728 5359 4957 8198 1921 3944 9177 6442 6181 6316 7773 5816 5107 8552 5193 8694 1281 9918 3504 2721 4550 2341 7163 9183 7235 8029 4104 1970 9140 7133 5704 2916 414 5991 7636 5668 6948 3502 9171 3129 6266 6130 2932 174 3208 7243 5914 8618 3193 91 9604 5085 5381 1541 6043 4157 8237 212 9941 4473 549 4504 7843 6525 719 4145 4492 937 9374 498 7713 9954 7446 8033 2847 7756 8938 1702 625 6054 472 2509 2898 2156 1356 6874 1956 918 7264 1021 5148 1597 8914 4546 3181 273 5450 5185 2772 9614 6000 8459 232 6605 6821 1007 1064 3161 8216 2416 4368 1375 2827 7264 729 4514 9970 3255 8281 6705 2833 52 5098 4485 9184 5745 1928 5594 7639 9308 1410 9276 7585 1444 1904 1483 2990 1415 3041 5201 9685 329 2774 171 3563 6136 7542 1331 4042 5042 3130 2174 5087 873 6214 4703 2916 4570 2300 9257 5169 6782 3702 3084 4469 3264 2901 4832 4249 7202 4334 1514 8026 5818 9481 5957 5715 8569 7367 2793 601 9588 6318 2551 8813 9317 3451 7108 5683 4729 3398 5606 8253 9037 4406 1486 8409 3452 4230 3575 7662 4273 515 1889 8471 3054 7785 2290 7655 9614 5291 6099 9236 6191 9640 554 5281 1713 5879 129 2600 6904 7790 5483 5516 1641 3065 5865 5018 2666 7648 8958 3050 356 7192 7478 9725 9436 7126 6542 7759 3990 4138 6114 9845 5535 7906 6572 4918 657 3838 8306 1767 6897 6977 4413 9461 6565 9716 467 2687 8391 2726 4924 9778 8586 3251 9305 2286 2128 5458 881 1481 5067 2317 5670 7515 6487 2708 7546 13 2416 3283 2819 4936 5038 1316 3024 3869 3331 7152 1477 4009 2525 9098 6131 81 7820 2610 5647 1636 7713 9008 6456 3481 7738 6165 7593 3977 1569 6350 2105 5215 2187 6551 5359 4639 6956 9780 6452 8750 1174 5683 8000 9608 440 3632 9970 2918 3852 6047 5935 5568 8215 26 9816 6523 1265 3769 2262 8191 3079 724 3460 4946 7133 1521 5563 6292 2947 6974 2469 4668 5096 6337 7875 570 4276 6909 2941 2679 6524 8476 1743 7617 1353 5673 1661 6626 200 2635 5226 2109 9415 8306 6291 7449 189 7964 6581 6921 893 4963 6962 4237 1899 9889 7377 8225 6108 7758 5489 8765 5977 1829 2930 6947 8711 6282 1310 2463 113 5523 9669 4224 3237 8436 7454 7125 795 7614 4615 652 1991 8021 7540 6014 820 9819 6050 4134 6974 5528 4852 385 8892 4378 2928 4804 5847 6833 287 7319 5318 4877 583 9761 1829 5853 599 8704 6491 4073 2871 1377 8765 1549 2065 2369 8084 7063 4500 5658 7504 3999 8577 9323 7510 665 1253 5350 6107 627 2404 9983 1656 6257 8398 1290 5534 4947 6922 6565 366 3013 4208 1298 7101 1907 3139 9353 4275 4967 8422 8833 3993 800 6131 9393 7748 3525 7158 4502 3042 4535 8217 749 9906 6531 2969 4668 4467 82 6671 3393 306 6788 2126 4501 4375 7576 9815 5212 1591 3626 3683 296 5318 3621 1044 4715 9983 7547 9632 6893 9752 5386 8871 6374 7792 9136 205 5618 5580 5237 5674 7280 2486 7568 8175 3451 8720 2785 6390 4189 6601 528 9360 1287 7971 9196 5657 1361 3400 8676 6048 4981 4781 5166 7397 7657 484 2554 9583 2731 5761 9255 7070 6805 383 4651 9116 8040 3845 6148 8807 2157 6200 9947 2023 1588 6483 3576 3462 1812 9351 4740 2926 2606 6571 9012 6693 5767 3567 6851 9818 4569 5233 5950 1730 5206 8229 8775 8724 6425 3688 6618 8107 7600 4690 7363 2571 2910 6554 4725 54 8727 5473 7602 2822 1610 6280 9505 6850 6852 6722 3094 475 3673 2270 9989 8247 1319 9823 9348 6697 374 5325 9991 4095 2727 9327 7731 1490 6066 372 9852 6378 9044 8377 3162 2644 7500 6046 3920 2870 7736 3273 5287 2173 4800 1061 506 3391 9463 7555 7523 4014 9883 7268 3963 2897 7559 8195 1821 9896 5427 2609 4011 7572 1144 112 529 6657 8515 7703 6313 1152 6833 4260 8803 1982 9944 8751 388 7184 7877 979 4799 6527 653 5953 6544 8381 7209 7021 2032 1697 2391 4300 9499 1831 2768 6004 6764 5567 2325 3982 7906 3442 4333 1591 5407 1213 7507 8053 4009 4259 5610 4838 7285 5417 7378 4225 9309 4510 9739 585 2294 2425 8548 4725 425 3621 6076 9233 5942 4771 5024 2593 9300 4992 7787 7206 4831 2530 2106 2400 9952 4789 6295 4215 3734 458 3467 9555 4963 2430 9572 197 4250 5966 8332 8467 6649 7814 2791 5639 2553 9619 8209 5149 8574 6133 6192 7950 2770 8605 7897 2873 7929 6223 233 1060 5609 3683 5067 3382 3675 2459 4559 9971 1959 3226 5840 8172 7525 9329 199 8587 3741 3318 5956 538 6528 1619 5398 8313 1100 4447 9065 8761 8810 1301 917 7317 9284 8567 4062 4009 4195 2993 4015 3741 7472 2907 659 9980 4354 9043 4546 1496 3113 1043 2171 8561 4960 997 3403 3728 3996 9595 9523 7819 7606 1610 8797 836 5224 1196 3218 7836 1907 7240 1366 7799 3234 1636 8886 9656 3522 9802 7982 4914 9327 157 9530 7041 1827 7252 3191 9649 7475 8 4124 6671 9852 4435 8070 2892 5384 8311 7918 8424 4649 4909 4328 8719 4079 5589 4510 9195 8242 5059 7209 1826 2984 7988 106 5229 8348 7708 8122 2672 2929 1074 7078 4991 1549 7261 5610 8824 2992 3171 1781 3797 3493 5033 8221 5003 5243 8690 7731 1686 4916 9986 3445 9355 2532 5304 2562 3144 6491 2814 2587 9996 2574 5335 8461 7762 9752 6830 4413 3747 4306 7732 4974 6075 2375 5017 5467 5798 5166 7368 5046 6968 9228 6447 6834 92 6620 906 6697 5793 2292 7485 4492 319 3313 3417 4193 4829 6119 387 5273 7004 6265 5336 9143 9174 3267 3522 8240 7210 4488 1750 1219 3983 2628 5332 7859 9714 7698 753 6390 7979 4093 4589 9940 9602 6144 971 1661 919 5614 4522 8812 6053 7178 4656 1819 7730 2200 1212 5317 6779 2486 2464 9663 4896 9405 3276 9205 1441 7180 4017 5371 9383 8955 4271 9120 8700 4774 358 2301 1114 5143 5918 7304 3519 3016 5263 7673 3730 7549 5934 5456 3260 4243 4183 9889 379 2298 1952 6730 7001 6493 7968 786 8657 987 8392 6119 265 9268 7163 525 8261 5358 8827 8061 4630 9417 5468 1099 1237 9261 1509 9147 1840 8712 2592 8413 1437 9403 7675 9994 3127 1197 7060 4536 7630 7393 2493 5413 1196 2976 9424 5567 7439 8646 7084 351 6577 9416 4813 104 6388 309 139 3690 5281 6998 2465 4241 3651 9574 5351 8722 7499 3282 9411 5810 9451 2500 3094 2429 3377 5054 2975 1653 429 8739 9861 646 2086 8848 5710 1134 5365 5166 3770 3421 3304 4963 2675 6951 4441 3817 3559 5821 447 2249 7203 2017 6145 416 7273 3417 6232 806 7320 7185 6540 3254 3369 6234 9670 2042 1521 2868 8301 9474 8462 1993 2668 3434 1971 8013 9909 5871 5191 6801 3129 3446 1487 8305 5895 7831 4182 8335 1834 7486 264 118 6226 6881 6558 1639 5811 5904 5078 1069 7113 4926 3757 1383 6384 7722 259 4500 5296 743 2305 4079 2905 9250 151 2096 8497 2551 2297 7697 638 1002 9768 3437 4801 6089 6797 2580 6868 2824 2861 8496 2480 2975 5981 1792 2660 491 8151 3343 5014 6613 6114 4344 5260 466 423 5432 466 7708 560 2364 6679 761 8838 6177 9805 8604 2781 2591 1640 244 5712 3648 1509 6879 1086 1841 7793 7609 6800 8793 7215 2202 9883 11 5102 7802 7692 4208 2100 5290 8847 5989 1579 7828 8074 9359 3215 2061 3593 8433 2126 2336 3695 1346 1553 6616 4625 1724 4092 3706 4106 3024 4933 5384 7571 9679 8518 8468 9456 4370 2157 5373 6914 6140 2379 9492 560 6308 786 3242 2984 234 2342 558 3896 2652 6500 5284 191 9373 7877 7927 5634 3076 9456 6646 7407 3519 7425 4305 8943 7206 1930 4576 8429 5527 5525 3052 4182 5586 7984 8993 7476 1581 5609 8504 4306 1034 5987 6988 416 8901 2068 1549 3721 7494 1820 1970 9018 4844 2069 5695 5030 7414 7146 9065 1359 8269 2991 6513 8370 3192 2321 3634 273 3255 5798 8611 9845 2486 9222 8692 8602 769 8735 5941 8838 3775 8697 2732 6135 2600 1640 2713 3707 2491 8860 9988 6947 3312 4561 801 6567 4857 6386 8548 6901 7807 7667 5274 2230 4915 5 1226 4117 9105 5105 3420 9731 1094 970 6723 2298 2355 7879 2625 3972 6410 2612 6865 6406 9689 3168 4072 5741 1155 3707 4525 2300 6577 2022 9599 2487 3372 7264 2333 4513 5365 176 1921 8529 5098 8589 1681 9804 7718 3804 7180 4895 2045 8867 9994 7444 2517 1153 5593 4458 671 6250 4185 1848 7643 6978 9584 2759 7983 4769 3680 8566 1688 1451 9884 9814 5940 3953 8102 7085 6908 928 1723 4590 4519 4123 8320 5387 6875 4116 5843 1361 211 1656 7955 3977 9597 8109 3627 9684 7106 4354 1703 7993 9186 9939 9267 6157 9938 8502 6268 689 9857 1766 9672 1615 9431 1555 1924 3909 5909 9504 9892 6911 6451 653 5690 7212 7548 9393 8564 610 6532 7074 420 3539 9288 2961 395 5389 1618 4788 6752 464 7481 4153 5875 5636 5773 4074 4532 7307 783 5316 7507 4311 2631 3430 9150 8966 5273 6575 5710 2818 8189 1456 5468 5763 8818 3728 5186 5010 1659 1481 6652 5126 8146 3050 6270 3312 4336 7953 5744 5521 7172 5922 2608 2761 5288 260 1826 3109 9532 5087 8292 9182 4853 9173 8818 2914 6520 1244 3254 1529 1483 9797 6629 4315 2388 5573 8729 5796 6500 2179 6311 1697 4815 9340 1346 5305 3683 7250 668 4028 8978 2539 4485 431 8101 3677 3587 4019 3700 7214 3538 2381 203 4862 3992 340 7917 7191 6791 9114 9031 9307 3149 6755 3048 8496 9517 6547 9428 6342 4284 5963 4318 7066 6065 5972 3845 5245 8853 5850 1262 2203 5270 4045 8819 9485 2109 1583 8314 7794 8771 5136 1717 9897 3732 5707 9077 3669 7623 4409 9408 871 7540 7174 8145 9683 7146 1059 2807 362 9174 7347 9158 942 5695 7809 2422 1044 5806 1071 4523 9334 4128 451 9793 8041 7058 2184 6492 3525 7407 5076 8821 4991 5415 3810 9336 8322 6670 2363 8841 9615 5152 111 9987 867 5871 9624 1960 1163 1042 8679 6778 2641 3188 4076 9855 2938 2969 483 8109 1957 5436 1459 1542 6611 9404 6347 6677 6247 7772 2269 5624 2998 1570 5098 5818 2906 7051 4128 8186 1486 3023 4268 6576 3286 3713 5754 1336 5565 7401 1540 8583 4223 334 9931 997 9127 969 6113 1564 2760 28 8669 206 76 5355 6303 5017 453 9307 9230 6141 1136 2824 3088 8162 2978 8768 3577 5656 1588 2534 9825 6130 9404 2898 7220 2908 8312 2438 7292 497 635 8807 1970 5106 4774 1765 5718 2955 9668 8494 2742 1633 8153 3164 9887 2543 5527 7449 8978 6370 7338 1906 9084 1072 5543 4034 5991 2316 3923 8040 3085 6623 681 5870 960 7871 9685 1618 8517 1490 5251 8639 9224 9422 8715 8547 6458 8951 3292 4629 5248 2219 7338 3244 4799 6984 6623 7129 6177 1349 8035 390 8048 1709 5267 9195 7931 9988 6370 5011 8152 4705 903 8643 682 3081 1461 5031 9625 9359 8893 2840 5138 785 8753 458 773 4963 6306 3084 5763 8810 859 7107 8329 8584 2921 8335 6075 732 3514 1616 7491 3042 3630 5247 1195 3335 8114 3387 9357 255 741 6250 3375 1905 4758 77 3938 5419 2900 6388 3741 6091 6585 733 2554 2321 9809 4033 4230 6927 9347 5074 3356 4466 6704 167 6813 6777 6178 4556 3104 7998 4152 9832 170 6479 684 7358 2111 3653 1155 1874 1888 2603 8004 1089 3004 8797 5363 2742 4202 6524 4666 8786 4693 4664 9340 4284 1777 1956 6470 3311 1417 9089 8158 3289 2082 8490 584 7683 7844 1791 1825 3746 623 6358 3022 1369 1104 3960 7142 6076 7177 2338 7242 9781 672 8251 3096 3447 5208 716 9319 232 2502 5592 4109 2875 5736 7569 3287 924 6411 6226 2508 4780 8283 1042 3690 3014 3184 5503 7190 414 7217 1136 4026 9857 8659 4715 9123 2639 2348 8964 5202 929 1824 1067 6716 8487 8753 286 2783 5270 6068 629 2350 1700 3828 96 6245 56 9219 957 6349 9288 1960 3678 576 9234 8938 1211 324 7805 9363 6325 4627 6336 7367 3893 8037 4096 5654 7454 7850 2509 7441 8789 5900 3667 2365 4699 2856 6364 4214 2626 6030 343 7073 4912 2359 697 7535 6723 8871 3718 6590 2048 5782 3409 6648 6899 6844 7546 7410 7272 6364 7594 5956 5534 5341 6535 2180 8682 3373 4030 3554 3128 9312 3188 5954 7591 8981 6688 6140 5028 3498 6436 2315 7704 1780 8893 7410 4920 6752 833 3267 3558 5532 9038 2567 6296 8478 7074 2954 7257 390 3382 6323 9296 2823 4478 9230 2553 6584 9421 3240 2468 6738 5185 7677 4025 2139 7973 5180 10000 8693 578 1590 1070 1404 351 142 864 5431 1473 5133 5844 3326 2467 3489 5039 1081 5946 5169 9559 7317 7783 5547 2870 4747 4968 1662 9205 2618 2490 2674 6802 1940 8721 6712 2593 9202 9049 7693 4607 4086 1857 2402 7289 1590 645 2221 6241 7746 6215 7813 2792 326 9603 5937 7224 9582 9370 2979 7329 325 8057 9286 5633 5566 1392 6061 1128 2903 2210 4916 6449 2449 1818 3229 5254 4789 1361 5811 9876 8105 261 9671 6844 2769 5983 4140 3146 8411 4591 8526 384 8021 5219 2734 852 3912 5023 4310 7355 7093 5529 662 4470 7505 1314 5454 9032 514 2140 174 9398 314 4959 6236 3270 7702 6226 6363 589 4428 6146 5499 6009 8398 6955 6671 5605 2168 5672 4285 9050 3160 8008 4614 4369 1364 7370 1389 5220 8336 1859 376 2105 1753 3980 1219 2901 6117 1064 2523 9370 3882 1431 1235 158 220 5589 1153 2559 9547 7549 5421 1733 1998 920 2272 3268 1329 3040 1502 1500 62 7093 3818 3444 819 1301 6338 5249 8672 3156 7799 3232 8115 9919 3048 7687 4719 9696 1003 7250 3029 8316 103 1303 2881 3239 4313 2357 8880 9427 3102 2031 1241 3083 3064 5265 3730 2661 6466 9704 4861 9855 6754 8301 4676 3575 6988 4111 5648 3944 8692 114 4123 4611 2642 1059 1009 1028 8092 5639 989 7046 1309 7306 196 1445 5216 9636 5922 9920 1079 9325 4299 5227 7385 5867 7871 6069 8187 4919 8013 5135 8944 3117 3737 9621 2794 699 5781 6713 7617 7563 5314 6606 7596 7608 7408 2501 2327 6317 6874 401 2284 5189 6249 2447 6544 5991 228 7116 2830 2474 9714 3013 3555 1553 268 6410 7737 2455 4438 5526 3240 355 8148 6426 2593 4972 9000 4549 3731 3112 7971 9942 8177 7091 7128 2618 7984 979 5789 1736 1096 5296 7810 9958 4740 2317 3852 8499 8097 3545 6821 8036 212 5046 2598 5547 5089 7028 1996 9815 2120 8677 4618 5588 6117 2099 6054 9262 7758 1034 290 7324 6062 6832 4032 3431 5344 3824 5120 7801 4596 9093 5582 9457 5424 3184 2082 5272 9376 3750 9713 9984 3883 4081 8005 9229 7696 317 5135 8371 1566 6293 2430 5269 1332 8670 8043 7580 9872 4358 1096 7364 6382 3165 4525 2344 5960 967 7761 4040 3659 50 5361 5835 7906 9205 2394 4468 5243 7941 5147 9908 8786 3277 3083 9790 9913 1972 4843 992 3193 8577 8259 4627 4066 6160 6930 178 4885 4276 3346 2360 4851 414 472 6904 1289 6039 7617 2418 7318 6259 9097 2571 9729 7276 5146 1765 4481 7470 4521 3240 9937 7427 4665 2668 9608 2105 5288 277 2030 858 5349 9053 7816 6042 2322 5165 6144 9013 417 7114 5306 6480 2916 5351 565 4635 5308 9267 9314 645 8383 915 2160 8137 1046 1112 2292 2483 1675 8565 2676 3850 1505 5903 5850 5540 1329 6760 5629 1139 8068 6562 8931 1018 8596 6821 6487 2539 8980 1465 3395 7348 2606 1888 4272 3725 3920 925 9137 396 859 3694 7842 694 691 3588 3811 2500 2255 8201 5234 5291 6349 6484 315 8359 4745 8064 385 6798 9011 1113 657 3278 9661 589 3421 3760 9547 8052 117 5724 1320 9528 6031 8341 2689 6507 3486 2494 8785 120 4610 4352 9113 6132 8370 6363 2619 3302 9955 4198 5480 3207 5358 4265 6432 1952 4675 7399 472 7299 9885 8385 6646 3352 3028 1846 682 6348 1748 3368 3279 9342 4892 3511 9719 4970 5913 7598 890 3765 9287 4134 3552 8373 390 5077 202 3545 2964 5471 3380 8185 6366 5363 7501 6402 9860 2707 8055 7867 9188 9776 4675 4071 1272 1757 4 511 819 183 4493 0 4971 7291 6249 9307 2613 1593 877 6030 3527 3125 6933 6108 1246 4587 6840 366 4873 573 1967 4948 2323 4304 7486 3353 1971 497 7807 2860 235 1844 1410 3847 7458 9499 9133 4475 4424 369 9227 7859 1036 2511 3530 1067 6513 6183 489 608 8149 7085 7630 6757 2867 217 9449 721 1032 4601 4613 7850 3321 4379 399 4455 3081 3847 7339 31 722 9227 7132 9157 8004 3793 774 4694 5964 1448 9798 6017 7475 7741 8922 2685 6115 6082 9027 8859 2387 5254 5681 6668 2850 9506 6582 6096 7659 5692 4791 2418 8102 8884 6681 5903 7073 1416 9865 4148 2255 5452 5876 7644 7385 8834 2691 700 5627 8296 2376 9810 5597 8850 2612 9399 2285 3372 6493 1339 6864 1833 8214 8912 687 8512 1700 9428 66 4173 9018 2698 3715 5486 8014 1915 5332 6116 8985 6471 8570 6435 3589 9453 5752 6684 1743 3699 7432 2551 3085 9 8265 1766 8113 2365 1183 5022 3962 6653 4962 3428 8879 1582 3129 385 265 509 4846 1983 3392 3042 1168 1098 4152 7415 1948 6912 5857 6602 173 9790 4918 5622 6352 6142 3415 4977 7020 9661 7838 9721 686 8050 516 8191 5236 5758 508 4190 7759 6287 8831 1605 6925 9619 5751 8033 447 6225 633 7986 1422 7780 4131 8908 1508 1359 4020 1540 7449 6223 5527 3954 9889 7688 562 5289 5075 9054 7392 3548 6727 1555 168 2103 9722 462 8295 7281 1132 8225 2969 7588 4501 9257 6359 8776 798 4148 9595 1927 8466 8046 2849 7401 4806 2666 652 4756 9848 5429 6991 1796 2536 1258 3262 7899 7966 4080 93 6345 2893 6172 718 4952 2992 3660 5571 9561 8083 3747 7285 1902 1663 2694 2280 2162 9915 9220 387 7177 8128 6007 7044 336 8604 6034 8904 1742 6858 7760 549 4569 7148 9130 6918 1096 1067 1429 4305 5859 7776 6575 8308 3985 2253 1982 395 2654 1415 9345 3060 3219 7308 8944 6116 9131 4309 7829 1094 3039 9537 6770 1898 9169 651 3805 3316 2414 4920 2182 6401 183 6092 982 8359 199 1847 8594 4356 9594 8692 145 4969 2245 5235 3992 7870 3498 3091 7778 7836 7843 3508 1622 2824 6354 9060 8870 1161 2393 2080 8353 2382 1114 7826 8411 1189 9275 2698 4047 6774 5926 3692 4300 6658 977 7075 703 5250 6465 453 3155 6122 6402 7369 9935 3681 2086 7853 8348 6660 2576 3954 9813 8540 4712 8145 1229 7090 9827 506 6837 1086 9202 1390 2384 654 6054 4544 6443 4601 7610 5594 4972 8770 9917 5359 5048 7699 8379 7991 6325 9659 9178 9915 9819 9404 2248 7689 5522 1490 8022 5610 8728 8470 1031 4122 4394 4444 4734 9739 8413 3732 5129 5311 3922 9273 3133 5710 5019 3143 5488 8481 6742 4563 4323 9793 6944 3085 2281 4833 3112 5922 8892 9058 5261 3349 7580 9531 8521 2841 1920 4775 4047 3370 9799 5527 2999 8142 6143 4024 6416 7935 4435 9309 7521 8804 5593 2397 4173 9928 1180 4137 2038 6169 9022 6440 53 1090 3095 4174 8110 7450 9021 9561 4539 8374 9297 6889 3263 4353 835 7007 8020 9752 1770 7804 7162 6338 5130 1956 2289 2967 2013 5920 892 672 1151 4544 1760 8986 8769 4397 2087 1571 6934 3356 654 9282 981 161 1825 5531 4541 4656 7041 3943 3776 3611 9890 9348 4370 9054 5792 3872 2485 376 9071 9570 5189 3602 2815 6279 3328 8875 285 2627 1493 9359 4419 7966 2040 1567 4033 6658 3620 3965 7528 9987 2713 2843 3610 4578 1759 51 3912 5054 7130 9496 9825 6335 7309 3496 3804 1644 1343 6693 7276 7250 2463 6299 6228 377 8868 4451 3360 8053 7154 8584 5608 5276 339 8176 8315 6355 7244 9937 3366 6110 2367 1267 9846 6187 2758 6619 3393 3570 5148 5787 6637 4491 4075 4762 3782 6216 9837 7695 397 9229 3998 1059 7409 358 6371 9366 5655 5890 6241 335 8043 7148 7296 6949 1465 7165 4176 5705 3744 4409 6006 4257 7840 2590 2761 3590 9592 8473 9815 8698 3206 594 6249 5973 786 3745 1474 2601 1513 9057 820 4102 1298 8605 4180 7423 2441 4803 2320 7141 4563 3047 3753 6708 5105 2730 8528 1094 3798 1511 854 9381 2882 4722 8977 7704 6934 2751 3870 281 3201 9873 1262 1103 1663 4408 2928 8748 2033 7578 9067 6044 2931 2502 8743 3060 4024 143 5332 2814 4461 8409 339 8206 8265 931 6452 2211 2736 792 7685 2554 2167 3963 9977 6016 9402 4575 7576 4027 7453 2869 1800 4066 2655 9928 692 1098 6183 2226 9 4705 7549 8665 8027 6471 9016 8871 6617 8602 7645 8514 5798 9920 9461 6638 4119 8576 6679 2734 8243 8187 2068 596 3389 1202 9827 6021 4889 1892 9902 6756 6268 6159 4907 6121 391 5153 7982 3255 262 3531 7135 2411 7371 9673 2291 4947 6493 4005 2331 268 3720 7193 4143 7975 6541 7640 7621 6087 3353 7590 2136 6812 841 4020 2384 1659 4840 6128 870 5743 7620 6333 7100 1279 9801 4816 5812 8397 9037 7816 663 7855 1110 5775 5430 3169 5084 8302 2718 181 1659 2391 9201 4417 981 404 8347 3583 8537 6082 395 7345 6609 5472 7541 5684 5350 4668 6028 834 8470 9594 2020 7182 7987 7100 8420 592 8978 9279 8289 1102 2512 6191 5409 7206 4376 2358 2329 3216 1526 6289 4518 6461 3608 686 721 4962 198 2178 3186 6854 9327 3172 6841 2484 6994 8962 9309 4180 3450 9 1085 2677 613 4350 7907 1082 3589 7672 2713 8085 1871 1310 7530 5615 6096 7682 4228 9454 9151 8977 5416 5349 8629 2549 9662 8520 4570 9729 4018 3706 364 7108 7919 4459 5376 8336 4924 8173 6630 840 9694 4920 4221 1744 2424 9093 3663 3587 4075 7607 2510 1615 8883 8287 5947 6760 6551 6869 9282 5426 4900 1329 3973 2661 7883 1086 5143 932 7137 6650 7080 2523 6786 7752 501 5468 6068 1937 5046 3861 7971 8058 6493 9640 3506 6640 7046 3852 4693 3985 2701 5506 2608 9797 5359 9723 6174 1357 1649 1345 1348 139 2458 8853 7021 8071 1512 2488 841 34 7720 2909 535 2186 4774 6009 5853 9371 1433 662 2706 5075 5409 1637 638 9549 1349 647 3 3149 2784 6403 8034 1761 4379 9721 4774 8619 1174 4660 2271 1064 7574 9931 4259 2578 8435 1574 8133 9936 3666 4648 524 6445 5548 2667 7744 7413 5877 8337 5020 4811 6571 6848 3852 5067 5351 3449 3943 7557 2436 2543 602 1301 962 9628 1928 2419 1764 7355 2066 2446 1203 4628 5451 5242 9490 3919 7890 7132 6715 2008 9045 9628 4956 3436 7753 554 5967 2564 6402 3137 5653 1082 801 514 4131 6382 3056 8152 7594 6512 5301 7366 2177 5356 6919 5157 9282 3014 121 2689 4105 6812 1527 7977 5481 2427 688 2299 3932 8401 9894 8115 4552 3313 2957 6846 629 151 5910 5619 6111 5524 44 1713 7910 8209 3304 3458 2421 5447 8273 4480 8697 6401 8662 9674 3222 7126 645 7453 9682 8964 4754 8827 7478 729 4661 5449 293 6673 9655 1028 7774 6836 7594 9973 9369 3783 5163 9681 3651 7360 4336 4919 634 3759 9495 4163 6468 4347 70 8695 3755 664 3633 7360 3915 6504 36 7045 782 1246 4483 8769 8954 6828 267 8220 5016 9834 838 8136 9505 3496 8750 9049 4711 1898 3847 6373 9187 5383 2903 8930 3281 232 7036 1305 5386 4023 7862 338 1629 2127 4230 2769 4789 4212 6808 2651 6986 3343 2685 5921 1599 4731 5070 8885 8989 1123 1248 2548 1989 54 3924 1081 4424 2932 1857 7393 5530 1989 8199 8758 7623 8368 2000 7884 4559 1364 5836 1507 5787 2890 6355 3101 8934 4100 298 1415 1039 2658 2388 5604 2627 8553 8762 3181 7842 5757 488 5573 6377 7084 1696 8395 6593 3479 2744 3115 7920 9606 1096 3715 8099 9133 7501 6345 5279 6043 3262 687 596 7420 3081 60 9354 5823 280 6103 5549 6808 121 5163 7593 1396 2196 1572 9742 8528 9198 1908 9713 2224 7756 8099 9069 9037 5582 1962 532 5194 4031 5112 8799 6973 4807 637 1746 899 4918 2243 4231 6219 2507 4598 5569 6750 1218 8699 5960 1230 8163 5052 4912 6666 372 428 4671 5369 3027 1524 2251 8600 9878 9822 1640 5939 1857 1559 4328 5468 5215 2027 2992 9443 3478 9539 1291 3793 804 4530 5103 9014 8868 1305 8993 9459 8946 4869 9049 4874 1645 6613 667 5110 6884 1523 5460 4408 852 2242 1126 1545 9638 65 1750 7814 696 7687 5916 6651
10000
8879 1751 4330 2601 9680 9194 4056 1343 5473 2758 3033 9322 1701 275 7705 3578 2075 2774 8350 3909 6683 86 8568 4477 9448 3072 8071 8971 3897 972 7040 3457 6364 3153 8647 4795 5640 2231 6627 9679 6742 9475 4713 4413 4080 2042 6884 4177 9916 8153 23 1877 6644 9678 3132 4144 2100 9447 3020 9506 1965 4076 2170 658 3782 4095 762 1182 6467 2178 3573 4530 1845 9413 46 3443 1814 225 6772 1752 5592 3380 7324 2365 2408 2019 6041 5326 6735 6205 8501 4506 7264 3302 2390 3387 6376 5786 3080 3977 8026 8010 4487 7167 801 4130 50 7099 7595 2598 1006 976 7516 8589 4736 3339 6773 1809 4705 2305 4643 4576 2900 6982 225 7753 8676 1069 9608 7445 5699 4967 3675 7362 3291 4515 7812 6399 4417 2628 7870 3613 7178 2187 280 3840 7961 6300 3586 9039 8350 2370 1799 4385 6075 8552 4174 1619 4453 8462 5082 6614 332 1031 9292 1755 3952 4633 4130 4002 9108 9411 8682 2997 8143 8656 55 2442 320 5363 9074 6876 9305 5591 23 7881 3168 3069 1777 5019 6960 4115 4455 9604 3268 6585 9856 9260 9240 5847 1574 6224 7730 3215 4012 5320 750 5507 5847 7723 3951 8724 5462 8079 3728 7058 9214 269 1249 1690 9259 2244 3789 6729 718 3358 7652 6756 8765 1189 1681 8987 7229 2223 3616 3514 3579 6076 1586 599 4201 191 9625 6703 1970 4594 9644 7370 3425 1531 5583 3878 1946 1532 4101 9802 8796 3951 723 7798 4539 8864 2736 104 8020 3544 6747 5418 1639 1453 8252 9549 3757 9431 4549 1 6997 5717 5847 7411 9114 2691 440 1597 9366 349 4509 3154 2819 2571 3837 740 2939 3208 3425 3238 2172 4833 7550 1003 7364 3696 2203 515 1931 3345 6007 4908 7074 2521 1036 2606 7761 6194 124 2807 6136 575 8733 2868 6887 1778 1389 2581 3469 1199 2518 6800 1776 7120 3756 2722 4360 8523 9093 8697 9694 9594 5407 7422 2578 9736 8730 9294 3532 7357 6961 2820 7292 4574 5172 4263 9933 3508 328 3215 6648 4842 6152 8772 7616 1491 9525 1889 2077 881 3764 8741 1854 9176 7853 6465 9513 2215 865 8486 2945 8831 3797 2071 3940 831 8329 9943 8907 1215 3956 8831 9048 1369 5556 8602 8807 1532 4254 4278 5440 8993 2231 2921 721 7007 8036 3363 2289 3612 1464 8486 2421 7247 1170 6916 8957 1313 5273 7551 2697 4527 5532 490 542 188 447 396 497 1370 5283 2702 9598 1328 1353 3119 7877 1609 7192 8831 6087 937 9910 423 2453 5789 5125 6210 1886 8257 4749 4786 4273 2609 1393 8941 2423 9836 9443 8847 7811 4705 8046 8556 1255 2467 2879 4734 8215 695 5146 6216 7682 661 8309 7121 7656 430 723 9817 800 45 4280 4024 6191 5658 5594 1453 5922 8452 4506 8684 2456 6638 6188 9224 2014 3863 6766 2445 4414 8383 3733 5269 6054 802 5999 5081 2789 9450 6149 686 9052 645 7696 868 6663 3406 3938 6720 9864 9146 7537 5817 278 8615 3027 2060 1057 994 4387 769 2005 6417 4142 8660 2035 9106 8671 81 4286 4237 2907 8969 7760 8166 4079 8448 3176 6194 3075 8656 1051 6548 4387 3968 2537 1073 2318 6554 4835 2799 8547 9362 5038 6678 4875 2598 339 3976 6877 2138 6033 8656 7059 3504 1705 5072 4126 1346 7568 668 6392 4777 6387 2566 5811 6122 4761 693 3057 6607 3753 6046 5569 8904 3063 4814 3140 381 1386 7697 6181 5041 6736 4584 4761 8404 9432 8689 8277 368 3700 1785 6035 3955 9110 8207 8499 2923 4512 5432 2199 7629 9995 1008 5569 615 4746 942 4773 3912 3352 3541 3423 5817 3183 8621 4222 9619 5162 2001 6467 3635 2316 1674 1475 1549 9828 7450 8621 7642 2027 8919 791 9936 3254 3950 9720 1497 3243 8070 3551 2207 6635 5292 3698 642 6662 569 1258 1374 8272 8137 5364 6378 1561 7564 8203 6671 9052 8592 137 174 3028 3419 435 481 9602 1748 5481 6799 1835 9006 2095 9784 8583 214 4004 6181 5469 7737 8148 4323 4647 9766 1961 6807 50 3501 6418 6027 9990 5665 2194 949 1249 5099 9890 1161 2018 8617 9421 4699 1783 8834 4788 3700 3790 6504 8681 7820 5618 432 9610 2282 6672 3190 2795 2583 3532 9938 9862 8287 2422 1204 3934 7393 4505 5491 5532 6852 1257 1511 4180 597 4816 2130 8514 8783 6672 702 6010 348 5529 3893 8067 6479 7023 7133 759 8508 1572 1908 2110 6988 294 690 3161 907 8523 3328 5919 6399 6518 9952 1448 446 6328 2523 7465 1190 5249 3487 1637 2875 3581 4161 5579 5829 852 7041 8340 9015 3004 7147 9372 1782 7952 7950 6954 9197 2336 3454 8593 4321 4757 660 1897 3966 4980 9085 81 8647 7330 3179 5613 4889 3889 7813 9015 8660 2236 6675 755 3472 3829 6132 2033 874 1678 6071 7397 295 9923 778 8313 6033 9248 9516 1062 4740 4681 9405 2978 258 7423 4181 9550 2713 6600 9795 9384 6893 9383 6158 4856 9055 9906 9835 7474 1468 8555 4842 2378 8769 5999 9490 6293 9318 4066 2407 5412 9262 1686 4823 348 8199 5072 9330 3185 2869 3119 1775 3030 3654 4823 2314 7043 6622 9239 9172 897 6681 376 9140 7749 2539 6520 1928 7490 6843 500 7241 2849 3537 5070 9202 3737 8519 9940 3610 5337 9869 5927 3997 8523 2269 9193 286 4664 50 5647 6676 1930 2334 9277 9994 7113 5592 490 8998 2412 6655 9674 5877 8921 2402 7113 4358 1531 9021 6265 9386 6198 5647 6667 1192 3549 244 9204 7895 6978 1609 2387 3117 8659 5139 9363 5518 1969 4127 3146 4375 6531 8871 2440 3942 9627 5091 8339 4454 664 482 2690 7838 3665 16 106 8419 7114 9836 6400 6378 1025 903 1913 6343 8255 3310 1229 1330 3167 5486 417 785 1084 6147 8647 917 4575 1312 4801 9937 1198 5265 890 7424 6681 2903 8549 3209 9543 7263 6736 2353 824 6035 3612 4584 4425 275 8114 7219 7253 9811 4612 6401 2659 953 7356 2289 6606 6744 2130 9769 2247 5645 318 9100 1508 8062 7768 6299 781 2637 9263 9859 1094 4317 372 6509 8584 8741 4305 1100 3199 3251 3320 7436 3802 1461 2173 5147 5863 2805 3319 5648 6575 1781 7654 8924 1296 7606 174 3357 2691 1665 1287 9878 2676 7 6223 1845 3585 6912 3898 8409 5206 2168 7663 8122 8947 9395 5651 6160 1986 3119 3575 7331 1217 8932 4861 5031 4335 9708 805 2763 9483 5292 782 2307 6481 4817 8360 704 1548 7064 4512 4665 866 3874 7401 3356 4098 1664 6526 7707 8752 1774 2322 7589 8186 8411 2790 3058 1231 229 2645 1511 8053 9650 8785 2988 1676 3168 4277 8510 6879 2811 9380 8947 5572 8049 9936 7175 3831 6979 3795 8836 3981 1883 8442 2903 8904 5217 6691 477 5545 3750 9378 7366 375 8074 9643 8922 7023 6599 1949 7431 7836 1000 6597 8134 3865 6636 8491 2400 253 5981 36 6162 8857 2353 1382 2800 2956 3668 5722 5372 2608 1412 6444 5997 243 5489 8832 7328 1718 4340 6634 9329 2463 1193 8566 2854 1191 9349 2273 5363 9303 6519 7482 9734 646 9134 9676 8753 4399 3853 7044 9977 8877 4731 8957 264 2594 2078 619 5421 555 9915 3765 8884 7096 9801 4108 8312 4781 2129 4884 9922 5533 9989 8391 9069 1081 1376 4645 5681 7403 8940 8315 7501 586 7231 1501 5848 2933 3854 8912 6580 7333 6397 7825 3211 8835 3059 429 7405 4503 6233 1277 1040 7559 8108 8719 8068 6299 8879 2456 9414 7151 8287 8146 2521 2121 5244 8456 9450 3213 8092 625 8718 5214 8591 10 6530 3051 3890 6040 849 4412 489 5904 6392 6241 5437 7481 9325 627 501 2045 2751 4580 8876 2882 5613 6136 4396 4115 2990 8578 6441 7547 9725 6456 3213 2299 5783 4819 3042 4040 2180 8727 9438 4411 6412 3640 3187 8948 9381 1689 5573 6633 2693 4271 1304 5371 3057 8733 5535 7918 2914 5625 6374 2747 9428 2815 6613 9652 3631 3641 5625 8679 9960 6062 1674 3662 8265 1740 9173 6409 6049 5993 420 8022 8502 4306 6328 9153 5314 256 9992 5250 7991 4707 4287 3673 124 3181 5023 1965 8393 9452 1220 1854 7884 9814 7933 2700 768 3262 8544 5465 9535 3866 4409 617 1409 5967 3443 6463 5039 1445 5328 4811 7433 1761 5353 5370 3314 1756 3548 2842 5998 3513 6872 7796 8593 1595 3901 6983 7329 5198 750 263 4354 2452 1787 4644 1427 576 5797 2905 7481 6273 8670 1999 9694 8580 7747 9199 985 9913 2156 7831 110 4451 5914 2126 3850 8425 8630 9139 5706 6589 2667 2242 5421 9132 7014 6817 956 5315 9561 8297 6807 7369 8829 7245 4579 4893 2745 2264 8072 5535 8359 5526 4581 8869 5562 9639 6913 5959 5199 4719 2912 8225 2111 4989 1944 1359 7014 5444 416 2230 102 645 702 2554 5027 6103 3761 9606 3802 1191 3873 2148 1896 5340 5199 1134 3413 91 5308 5569 7872 553 8548 3343 6974 9102 2984 1644 4651 4968 4659 8516 8598 6276 6321 9608 8038 2360 8185 3638 6931 7356 7226 4795 6771 2452 104 2125 6001 8442 2747 6042 4717 3426 1140 8615 3578 2832 8902 1734 2190 3119 1030 2069 3279 9938 2346 116 4994 1517 966 6179 132 1472 8512 4009 6805 4299 8020 2623 3341 9056 7588 5652 396 8724 2704 7727 6619 8498 1426 7471 2899 2960 5735 7865 7606 5256 4265 5950 9208 4352 7927 2222 6208 2535 9358 535 5331 2333 1478 8371 7431 6265 9073 3950 1675 6430 869 9000 2976 7201 1981 7680 2876 1037 7490 3523 3249 7256 3559 9248 9544 3049 479 5338 2978 2826 2542 9447 9287 3507 6749 2804 1651 6997 5356 9587 1234 4967 3871 9062 9021 2357 3874 2728 5326 5958 4006 9463 8850 3329 5246 9108 5047 4370 6846 2001 8013 7586 8078 3585 2647 6440 4748 4049 320 9355 5449 4276 4159 9463 8161 1908 2956 7320 9889 9539 7189 44 3060 9355 2856 7211 1144 2655 908 5424 4038 9763 7676 8634 8154 1843 3510 8033 5355 2265 9495 9147 8502 3981 2140 2445 460 1614 2207 5968 6506 889 8978 3087 2838 616 728 4346 9080 8010 9938 7628 8497 8248 8288 9321 7182 5723 3450 6098 8426 5855 3025 3879 8765 6460 997 662 3309 284 4556 4949 3871 6354 1343 9382 9401 5254 1793 7540 1088 5683 2670 3441 9347 1533 374 2444 9456 2743 9615 5705 393 1515 4960 3257 7831 4541 8378 3159 928 3216 80 9446 6808 7702 1354 3447 9723 8189 1522 9972 1886 2378 6517 793 2472 2486 1893 3395 2578 1934 7542 6719 7644 2287 876 1886 9926 1462 1899 1846 6268 6597 1712 2121 2960 685 1981 522 7315 2228 5618 8669 7170 4074 3243 3507 606 4810 9369 3153 7068 6230 5526 3414 8784 219 2930 7460 4939 8535 1697 2451 4621 2885 1645 1476 4660 372 9148 6468 8598 2303 5523 143 9444 5351 2205 2459 9770 4697 6153 2110 280 9689 3172 6008 5733 6234 1081 20 3516 9320 9768 5656 2100 9559 8135 279 1592 3749 7433 1943 2324 4513 3125 6944 5882 9006 5351 8841 6007 6346 5028 2135 3473 443 4249 1227 2558 420 2307 7894 881 6921 2017 5928 2653 7853 3781 9134 8107 4553 988 2725 9815 1007 7259 1398 7065 6982 9679 366 6755 3738 2129 2072 4610 8700 1753 5609 5233 4277 2598 124 3634 4676 530 4091 960 2042 276 5950 6644 8132 9247 7396 6038 6933 5050 1063 6076 7255 9668 5702 6094 4670 6965 2825 4032 4116 7857 1743 2242 4114 7565 7113 44 1811 722 9092 973 1941 8424 2009 634 3395 436 6759 9074 3765 1644 7361 6531 4524 1474 8011 2652 6943 8458 698 8919 215 8468 1596 6000 7336 1759 2426 9711 499 1772 5615 996 7593 1383 3202 8329 695 6694 7421 1665 4038 882 7568 3755 5441 1305 783 4714 5916 8694 4514 8061 4919 3268 6563 2866 1871 3220 406 285 9259 7128 2977 5716 8711 8652 5821 7320 6978 7036 9767 4157 8129 486 3351 1974 9195 89 5468 3259 3282 9944 6595 2565 7200 4165 7167 6449 7156 2439 1293 5787 9587 1049 8595 3941 2264 7782 310 525 943 4358 6602 6796 6972 1641 5088 5412 9655 408 1111 1908 828 7322 9642 7956 7657 2036 4133 611 321 4303 9593 3865 8910 9044 1113 9222 4416 9407 49 5161 4084 1077 5188 2820 692 4186 9975 8222 620 9660 4876 9796 8141 6471 9930 8670 8074 3664 1066 3254 7589 9671 7192 1970 6792 6262 9879 9118 4794 1672 6731 6258 1631 2432 3543 7945 4696 804 7946 7862 9355 4360 4067 3822 2854 5280 7158 2998 3455 8444 9682 9750 4736 9549 9313 1866 7308 240 1097 4327 2705 7058 2286 431 3511 7655 835 8447 7548 8856 2810 1731 1458 6729 899 2594 449 4251 1557 8941 1371 3853 6051 9364 8404 9756 8265 9579 7349 2401 1834 1368 7281 367 8806 8251 9628 4747 8326 500 1156 8955 6537 4260 4982 8767 2264 2633 1970 7393 5833 8551 8407 3819 9356 7214 8304 6124 7170 188 8832 2827 1011 420 4251 8848 767 6861 7771 5246 7754 1535 2946 3095 6230 9231 1394 4907 9759 6606 1499 1376 2585 8370 8186 9673 4430 2709 9828 6938 9169 8268 2464 7591 6424 9479 7817 819 4376 706 9647 5810 3757 1931 4237 1448 9518 6938 1843 5809 6998 721 8099 9041 4065 2900 7987 4654 9063 9145 3672 5460 6183 5800 1753 7540 9519 6523 2977 4798 740 9908 6908 4637 9991 6165 6287 8958 4073 4338 7033 419 4352 7422 8383 5118 2485 1061 7273 190 2505 9188 5538 1674 6323 2332 2618 5825 9502 3983 6662 4509 8890 8957 2048 5 8233 9402 3637 4356 8759 6555 8727 8221 3734 673 7141 2252 4235 6474 7856 2479 8637 7293 9862 9433 1116 6961 361 1038 1461 4913 1210 3513 1850 9609 4067 5861 9825 2674 3351 6674 1768 3811 3495 7784 6678 6 5598 3056 4073 717 4169 5262 9114 8372 1546 6563 5446 359 2712 5903 4561 4949 8119 2369 4295 2040 1595 7027 5208 517 3166 4737 4482 462 9293 6822 6587 1035 7701 7933 1070 8450 2077 4238 9741 8818 9391 8955 685 8957 8864 46 6565 7564 9030 2383 1587 4448 1304 7255 4437 6778 8470 1713 3710 5348 3026 6463 6169 4342 8944 6917 8821 4079 9531 6485 9003 7214 5105 8302 6244 9293 5117 1479 5362 5575 9639 4279 5137 807 1812 2033 2208 9815 2958 959 7827 5919 4036 6250 728 5755 1857 1153 7773 1287 6921 1013 3720 9764 8811 9097 6469 3393 6901 5150 4072 6730 2060 1638 8432 9490 4258 5368 6101 9822 914 6209 7954 125 805 405 9734 9378 4933 2226 4894 8689 9508 4099 2931 769 4805 6165 6144 4488 9121 7125 7067 8151 6724 819 5355 7140 4294 2651 235 5091 5156 6940 5966 8028 7259 5569 8806 478 9358 7382 5054 5225 3616 3150 8297 9971 473 6965 2143 3973 6054 4228 6626 6246 2143 3019 6860 5513 4738 887 1776 6496 5472 9890 9965 5685 3750 879 150 6971 2625 3059 1940 2865 2492 4818 2966 7404 7015 7837 7765 5089 6573 2200 5177 1103 6392 454 1698 1295 2897 4602 1637 1512 6103 8247 4115 8739 8471 6361 982 100 8795 245 1775 7775 9647 8458 6489 7883 8102 9155 2094 3209 1296 2832 9467 9757 5871 7275 223 4476 7309 2210 6693 4310 2688 6963 1247 2412 1817 2697 876 3340 8663 4116 3748 7843 5605 3735 7046 5664 9645 6322 8721 787 7556 9078 5740 2765 6037 4337 8422 2864 5075 2095 2021 9133 3810 8248 5313 4148 5931 4396 772 515 7032 4169 5005 6019 4672 7654 5546 2386 3224 1256 1825 2292 3171 2525 7331 4677 8802 8048 1390 7385 7182 6523 3379 3979 4808 2725 8016 2780 503 3139 9094 8829 6217 2780 1192 7778 5793 206 8894 995 1102 9940 6341 4045 683 4176 5389 3184 543 6334 9975 3760 5324 8934 8241 2372 4370 3759 5423 3760 5006 193 585 1701 8432 1132 6493 7217 7768 8276 4695 8424 1097 6962 5658 2822 4568 4163 4167 5889 4286 4290 7004 876 8711 3444 8766 5924 1080 7784 9875 3562 7378 9051 1755 255 5251 3947 9760 2020 2409 8792 7479 8230 8396 4185 8828 6324 9304 9490 6972 9606 8645 8429 2539 9811 998 5014 5152 7884 9482 2176 7853 1714 4493 7363 2253 4158 6174 3810 596 1467 9801 8854 6247 4139 2867 4387 2165 3337 9121 3709 9705 7365 2666 8543 3857 3903 9306 1690 2473 1846 9006 8191 492 6420 2574 9282 3442 2824 8471 8432 808 9471 9126 3474 2748 2387 1984 733 1916 244 3032 3768 2879 34 266 1032 8552 6323 7558 7110 6216 1877 742 488 8321 9779 9144 7878 6328 1993 183 8974 1369 4841 3102 6105 6286 1522 4731 1011 3854 9060 4740 5231 3997 1393 9660 8361 776 7906 4527 6899 9016 2265 3194 5158 5068 6695 9645 5183 1600 571 59 3253 276 7488 6623 2988 57 6063 4570 5397 9639 6212 7168 1221 5429 320 754 7141 7091 6388 6915 4401 1507 1209 213 6438 6077 4900 1417 1479 3683 4623 25 7323 8874 5307 1647 6534 9690 4405 7691 687 8565 246 6017 9202 3189 7043 6876 8982 3314 4820 9076 2307 6191 8753 9297 9250 6639 2610 6363 9943 7522 252 8650 3835 8846 7101 9142 9100 8520 9269 1938 7741 8669 7951 1190 5965 501 6078 9688 7024 2959 5947 7430 1270 9328 7446 6177 382 9743 3878 2072 364 1425 2174 7071 5873 7447 8552 9458 9159 3060 6228 240 4959 1288 9065 95 9365 6038 2280 1193 7552 5918 5498 8363 5150 1929 7545 7973 7486 4764 1478 2260 7999 4862 6309 9865 3029 1222 1582 8877 9034 2370 4592 1505 9970 9702 6599 2257 7139 4362 2900 2665 2308 9882 7823 5476 8392 9627 1219 7360 874 4330 6003 4364 2160 1724 9069 5678 4811 6108 7964 743 5225 7128 8286 2071 47 9469 2318 2069 6015 8141 0 9412 295 815 1038 6542 3597 5606 6717 4507 865 7526 2812 3461 2228 4562 7700 2910 8242 2669 9174 5375 4587 82 957 1457 7954 8522 8465 2994 2636 4289 7415 3938 1476 2232 6876 1187 6381 8884 6113 102 7888 1079 965 5757 9215 966 1498 1903 9410 6091 16 2916 7599 1789 1411 5160 3046 7002 1324 714 5942 3725 7218 872 9330 2230 3270 718 537 7575 1161 7048 9726 5143 240 75 7927 4201 1419 8260 9404 5116 9204 5361 4801 3719 2307 9297 8550 7673 6769 9717 9098 9389 3495 6752 5646 2154 9751 4212 4571 7736 1893 6773 1443 8432 2314 7768 3312 5093 8821 1354 3493 1158 581 4224 5444 743 2518 5763 9199 6607 3633 3001 1125 7672 4862 3495 5897 7173 4194 8585 3964 5527 2480 6892 8682 990 6645 4472 8940 7133 637 7033 7336 3174 9638 8977 3588 4118 4908 8879 8247 3198 8964 4974 2897 5208 3733 6268 4881 6650 2259 8850 777 5420 5472 869 7299 7279 4533 821 6446 5899 7356 5497 5774 1311 5967 6505 2612 3374 9249 2994 159 9733 557 8861 5460 5317 1755 696 8083 5070 451 9831 1666 3826 1633 1365 1640 7580 8315 6355 1552 9847 312 2331 5382 4832 7293 6374 884 2902 2755 389 6653 6077 3830 5163 4391 1362 2902 10 1354 2215 2985 7171 5140 9271 5854 975 173 2587 6843 831 1293 5234 1818 5525 3515 2999 5685 9637 4253 7211 5567 524 7177 4628 718 8066 1636 7257 3133 2115 7597 9747 9023 811 5797 9664 5999 459 3778 1077 788 159 6433 4716 3542 4981 199 3330 9485 1941 49 4545 5705 2065 514 3514 7019 747 8298 4656 1055 1179 8892 4913 1536 3627 5518 2855 8936 5884 5670 3991 6124 9291 5578 2400 748 5920 6355 1157 544 971 6677 7977 9328 9463 213 314 6517 9358 7020 8970 963 1207 8957 6338 7196 7823 4305 722 3958 7847 8207 4375 2053 3568 3175 9343 4734 5025 9519 6143 3686 336 45 6432 8040 7511 6176 2575 5475 5375 131 3571 2632 5700 181 1194 8081 3481 6217 5129 4179 2130 6408 3008 4683 1732 7526 8802 4174 3010 9537 1001 3060 9382 2448 3585 3626 5041 5423 1560 1142 249 523 9360 652 6910 760 5835 4002 92 8863 9105 6783 8362 4149 3980 228 2481 1911 1448 6291 6432 7275 3603 2229 106 4613 5480 7479 5473 9217 9117 8897 7391 5296 9266 3048 1437 2801 9722 9725 6938 5106 2744 6475 760 3783 3936 6866 2935 138 2317 7496 6062 5795 8530 3056 1273 4191 7568 7591 404 9762 2065 17 7289 1876 1488 5640 2655 3697 9023 100 2964 3097 7068 2756 1621 9961 2800 1106 5776 8592 2039 8556 9385 8009 70 5997 9265 1547 7106 1743 1836 8243 7152 3464 8774 6085 5444 9015 9021 1336 9642 5127 9322 7598 7707 2743 1543 6254 9109 8466 728 824 5565 3872 7843 8765 9893 3538 1100 8970 6151 9972 2532 8331 9533 7857 2824 8340 4523 5434 5095 875 1572 8419 2262 2754 7811 2662 19 884 2910 9030 3502 4825 8792 2088 3746 2216 2547 969 4128 1452 4545 4566 7983 4567 3463 2157 8599 1797 1081 6905 5896 9458 9870 3215 167 2073 213 2090 591 3405 830 4538 2445 3588 2149 2139 7191 8159 5884 2083 1691 3992 6110 3177 678 2140 8246 1532 6847 5496 770 6670 4152 6485 3228 47 941 5643 9746 3781 7208 7486 7530 5830 6518 9577 1572 8802 3674 2163 1163 375 2652 9801 1468 6811 1212 7695 4891 6195 9963 669 2607 9536 8698 3574 1955 477 4319 4062 8867 4520 1095 6342 6420 2657 2471 9297 1329 3326 1941 6877 7976 229 8209 915 6011 6649 9128 6038 6843 6443 7544 664 6277 3831 6455 2506 1378 9344 8390 6450 5931 5925 990 4967 9522 4701 4173 4923 592 7224 7069 6414 3216 5016 9906 3089 3681 9298 6829 5632 139 4952 9904 6175 2740 7432 3109 2121 2767 6313 2206 7108 1924 1449 4841 2406 4189 3546 6732 2251 5628 9089 5252 4367 2478 1661 8432 8408 643 8745 8077 9734 1607 6677 2416 3933 5097 1386 9843 9353 6230 4319 3614 3293 9170 5551 3922 2195 4615 7551 3058 5990 943 5974 8710 3864 3684 4022 4271 3314 569 3946 1270 1289 5993 8667 8183 6646 458 6125 4375 6058 7649 6396 9235 4400 8181 5420 7430 6576 9614 4395 5496 3266 5906 3930 7153 6073 9245 7736 4437 6439 6335 9742 8237 6263 1041 7059 3418 4593 2072 1295 2901 5623 4678 6061 362 8773 129 9382 5440 5019 8323 1434 5598 3037 6538 9763 2336 5293 6081 9432 6247 6505 4949 7318 2977 1848 3924 221 7425 4524 2239 3925 6028 9642 1944 4353 2975 6304 2007 4684 862 4338 8920 9560 3201 4060 2579 6806 1906 4931 5189 5061 3497 914 7418 9282 6760 3604 7502 3702 1708 296 491 8751 1998 8121 8697 5837 2736 2327 1970 1300 6035 8994 7317 1513 9125 4601 5215 2562 3426 5943 4577 2887 7093 8281 7547 4255 4375 8160 796 1842 8146 3178 2680 414 8667 6732 5594 2418 3646 7286 7582 7421 2163 9458 7044 6558 5307 6663 3085 3194 7668 55 1826 4565 1014 764 5850 2498 7197 8798 1030 402 6020 5332 8505 747 595 414 2490 7927 2919 2097 1076 5065 3052 5239 7587 3192 1964 6970 433 9899 4933 3714 9398 2022 3565 6520 8668 1422 8099 2694 574 3251 1992 3245 6194 5666 5751 2525 8488 6402 2883 438 9845 3055 9430 7940 4032 5635 2094 6119 5771 3493 3844 2430 2768 2470 7253 3716 3114 8555 9885 9960 2855 23 4707 5957 7760 3638 5800 3694 2116 3713 6934 6993 1427 8311 5734 569 7692 6506 1501 802 9031 7522 746 8379 3070 6374 9947 8156 1979 8284 2595 3275 6244 632 1616 231 8050 2042 2555 6495 1634 5803 9070 3641 9146 9178 2996 1468 8077 7122 4294 8751 4231 6595 7839 3281 5313 7251 4303 2146 2378 3437 3550 2502 2320 2644 8328 276 1738 9952 4784 4157 2522 5670 9178 9274 2527 3016 2926 5795 6635 936 6177 2998 5530 3458 6088 807 6383 3968 7844 4008 1092 1879 8709 908 4449 6501 8057 4518 1712 3871 103 7955 5165 3753 9156 4995 1999 9202 5307 2432 222 1175 3600 6313 2859 6574 939 8334 4699 6542 3755 9353 7758 5986 6326 1036 5141 4535 7801 737 5923 5217 4119 9317 1191 2855 1102 6034 1416 7014 4385 1179 1269 9277 5606 5405 7016 4450 277 9331 1496 9440 6159 9706 3465 9681 5259 7386 8964 8137 5861 3028 986 7817 8 2246 297 4155 2764 7120 2593 244 1165 8128 1574 2227 1471 2452 5037 1200 3306 9364 3991 7045 6611 7581 8715 9282 7436 6651 595 9279 8572 7775 3532 1215 2702 6985 8037 7927 3790 1309 9862 3037 2160 7173 6379 463 7542 5556 9449 8690 8761 7784 8924 6887 5773 3886 3407 9366 5058 3326 1888 9873 1502 6262 5387 5058 3086 505 8396 9473 5486 2976 3820 2042 2371 748 2597 1983 9602 1134 5766 385 5719 7967 6195 4461 4633 9224 7472 4654 7863 112 818 19 2298 6895 9195 7606 6482 5016 5065 8925 7131 8133 6568 4878 9378 7337 9717 7375 5071 1458 6877 3298 6318 5694 6989 553 4209 5416 541 377 6663 4002 5783 5156 3614 7704 3263 616 9647 6326 4462 9257 6989 3055 7608 7231 1295 1800 9264 5867 2250 9327 6228 3649 5260 3373 811 6077 9724 7634 130 2936 6029 5730 1804 2646 8667 2639 7580 6775 3381 6988 4910 3846 1283 5144 4751 8593 9168 9337 5495 6446 5712 4615 6782 7120 4063 4891 5413 4288 4786 3627 5036 4217 1195 5002 1987 6480 9328 9887 9651 4007 9952 3972 4234 4518 9475 7387 4670 3709 9419 4417 6716 4322 281 8615 9197 2807 2393 3678 782 9720 5377 8200 6883 2102 9919 7815 3580 9430 8735 8558 9545 4417 1634 4082 2583 1697 130 9355 7299 2114 1002 2839 1886 7843 710 7846 5354 4937 8496 5697 3157 4703 6763 6070 5516 7743 9594 2161 2058 610 4004 166 703 4944 4557 9284 7091 4987 6250 1050 2431 3660 9282 894 448 2317 5828 1747 2234 1880 3342 7560 5461 6446 5836 8663 9746 6416 3118 5419 9541 5527 7722 37 9099 7049 1292 9398 9985 3578 1126 4277 5906 9052 4888 3099 4249 5361 6497 6355 3625 1386 1187 3650 8880 9023 6078 787 3353 4859 3007 3121 6674 2581 2223 548 4074 3193 5079 7495 4796 3000 4343 6661 3406 1765 306 4935 3800 7385 9493 6810 8264 6492 8851 459 535 9046 5141 2307 9323 4597 6249 9544 821 2506 1469 7983 7178 4686 1055 7631 4317 3085 615 4949 3405 5218 957 2542 3741 8791 6006 768 2676 2653 9160 9986 4592 6916 6403 5543 2968 7347 5517 2612 3259 3293 2186 8524 2511 3830 152 2233 266 2202 5409 6574 9398 1766 3531 3349 163 3763 359 3595 3232 4155 6689 7675 7224 1109 2012 7008 7475 5983 175 7168 6993 2326 7837 9988 9993 5691 5164 4081 928 2843 4554 6065 3450 918 1281 2835 3781 9530 9111 4232 7989 2795 3850 475 3551 4437 2159 764 2081 8850 4849 7511 1115 9527 268 1488 7441 2671 2677 2169 4795 853 6116 958 7198 6776 4242 8953 7578 1664 7803 8113 5261 4267 6781 1734 9842 2996 4320 819 6329 5894 8873 3725 8795 7220 2524 7686 2430 5562 8286 1050 2947 2548 5188 9810 657 9583 5623 6312 6458 8745 4616 4173 8308 2415 4053 7953 4081 3074 7395 9394 1250 3052 1633 2129 1385 1408 772 1953 8698 7502 8413 687 3861 5679 9057 6814 819 1211 7445 810 7941 4773 590 3695 9801 2474 5775 1696 9629 4125 5815 2919 9800 5215 1792 8093 1671 2828 2875 2328 8064 6353 4170 4092 3609 9135 7444 2978 2679 351 5909 4739 2451 2364 1851 6155 2886 6174 5251 4270 9684 6266 3151 3199 24 8840 3203 3315 4749 4823 4948 7255 303 4992 8228 8496 8177 8332 9817 9504 5416 192 4439 7612 340 2723 169 6130 6185 8314 5723 1169 5131 3104 7343 8140 4216 2976 6508 6998 3427 2620 9793 5186 6784 3820 4391 3030 7411 8159 7768 5224 2793 2621 5876 9293 2516 287 6854 1319 6543 5722 8892 1371 2322 9905 2192 455 6043 9383 2583 2472 9707 4683 1917 1168 5285 6725 3577 688 2484 9689 5205 5174 9528 6590 3810 7141 4003 7590 2525 6694 2823 4860 2947 700 7069 6176 1245 5492 4246 8427 443 9031 5564 1590 3187 3354 1752 3654 8819 662 714 4466 9402 8756 3677 2572 1052 1371 2896 2487 1546 2832 1249 6096 4850 8378 1845 6102 8819 2517 7134 8903 6834 8778 8183 6577 4881 138 1703 9549 1797 8697 5352 4294 9113 8802 958 6380 5067 5006 2188 15 697 6361 2910 9339 8232 8156 7245 8592 7871 4006 5139 8532 5362 6352 6581 4616 6542 5092 1945 9761 7132 2118 3566 4852 2953 1831 2308 7145 2372 2933 1230 3167 2998 280 5007 1047 745 4658 2672 4144 8714 3554 1847 4610 7956 8373 9311 1833 1475 7717 7315 2513 6656 9635 9984 9733 4549 9426 8631 1581 2635 8416 3263 1816 9003 326 934 3593 7077 6918 6714 343 2754 34 1022 88 5698 3222 2642 8834 5515 3168 8912 6488 3089 1578 63 5271 760 5351 2940 4426 4002 8674 3849 9008 31 5820 9062 2651 6847 2800 9249 1023 977 7390 6522 8748 7081 2687 7493 7145 3998 3721 2905 9106 3388 8218 9984 6313 3339 3514 7924 6676 1364 8284 5508 1868 8885 6594 2900 6515 7452 1716 4060 7111 9046 4992 1780 13 1218 3110 2540 8287 2569 3295 3696 9974 2496 1624 8856 8324 3666 5723 3061 7554 9831 1037 8656 7813 5330 324 6652 7901 8077 6318 1556 711 6922 6065 9535 2736 102 8818 8563 1645 4364 4052 1229 2087 7652 9940 7284 6713 1913 7547 8243 1813 5772 9722 6864 9495 8736 4046 8864 4897 5733 8150 2919 272 2468 6402 6174 6039 6541 8746 6299 2798 5798 9416 1543 2266 5303 7343 3344 5047 8310 9718 9265 2662 5626 5343 3662 9868 4470 7129 147 7280 4880 2236 9491 9958 368 7291 4392 7785 2338 6750 6931 9670 4989 1031 7174 9405 6493 7936 353 9214 63 9064 9753 7492 5029 8159 4176 9161 5766 9354 4656 6645 4518 1233 8340 3170 9965 8258 4952 1843 6733 7570 3973 4734 7509 8503 5625 3379 6531 9527 8788 8736 1750 6239 4799 9572 8744 458 4345 4751 5177 161 9911 2730 8433 6463 162 5352 2800 1937 514 2687 6528 2286 7515 640 6499 6557 4749 9058 9860 1002 296 8918 2935 4432 8759 4139 5874 8521 1710 3628 8 9114 8841 9390 9102 3112 674 5404 7904 4999 8861 9028 3882 9748 7761 4291 1736 9065 5695 6815 3875 238 2447 7324 6071 208 774 10 3487 752 5651 6395 6607 1668 9702 9772 5830 3330 283 5856 6347 4796 1590 9141 4277 9262 3138 7180 8869 4820 7077 7353 9330 848 8235 7861 319 1938 8696 7734 2654 6790 572 511 1851 3343 7007 6100 2013 779 3783 4446 4843 4964 4129 2154 9854 9753 708 6445 7929 4493 5618 6913 9152 6567 6131 2700 4929 632 6190 2322 2065 1914 5301 5639 9787 7146 7826 2243 5167 6970 2920 3018 2962 2046 9977 129 5435 3865 3530 4831 7202 481 4237 8174 5034 7870 6370 4973 8866 4727 5335 6100 9785 3650 9843 7161 5345 2797 1579 3797 8755 3690 5120 100 8013 1340 2247 4709 5456 5696 3574 1665 2723 9763 923 54 4081 6461 2092 3028 1497 1113 7738 3880 2345 7590 8104 2573 6973 4435 8782 8938 4036 5677 9104 5259 5263 9079 5320 2801 2964 9575 5001 2790 5673 2292 5122 1661 6653 1894 8230 5368 8015 6033 1376 7350 1090 896 5504 855 8668 772 5951 5054 9818 1519 4232 7343 7440 5034 4411 7726 3773 5998 3519 5842 2312 4875 7182 8665 4846 1837 7557 1951 5839 9512 4919 9356 7527 3267 4259 4741 9880 3328 600 5461 3790 8000 8364 8754 496 3641 3198 2044 8681 3567 6902 1362 1124 3293 3926 8538 9844 2985 6997 613 8404 7773 8290 8764 2868 9122 1119 5777 2852 7862 8901 7785 3216 157 4673 9090 7123 3013 5176 1025 5135 2974 2002 7293 5009 6694 5352 3484 5364 3709 7907 8386 819 1663 8386 9249 1759 5836 6960 7837 3080 4792 4574 6250 8135 1435 7851 7253 6207 2663 9707 6512 9647 1069 5085 3677 3439 6488 2237 9628 9905 9430 4209 6161 7045 4292 5594 862 9987 9626 9422 9598 475 605 1837 790 8720 9757 9078 5575 7859 3733 9460 277 8704 3833 5576 2682 1559 1392 8852 9739 6710 8553 4759 4710 2788 4830 6387 4537 8431 8465 4874 7500 9549 6073 7176 2796 9192 6077 8032 5383 9355 5710 8518 2071 8492 1821 9704 841 2935 2350 1170 7227 9565 7581 8827 9981 1212 2255 4902 8664 8854 3072 9968 7403 1342 7571 235 5376 9512 8669 4902 4303 5385 1620 4356 3376 6970 8132 2619 8570 6409 8574 1717 1359 2985 3565 486 3439 8653 8237 5598 7117 8787 1869 1342 9471 4026 9990 8055 8827 1307 4507 5514 9444 186 371 9385 2734 1726 7295 7667 9455 769 6068 5171 2421 9179 6966 6929 9587 3403 3621 6122 1465 5129 8267 8822 338 7613 194 5216 3197 2073 6464 327 1991 1996 9431 3950 9576 1307 170 4073 8726 2058 9396 7771 5036 2202 5163 5727 1986 3987 6989 692 9403 967 8701 5375 8765 1655 8229 2015 699 4643 5369 999 2222 4904 3476 7553 3384 6561 1141 5623 8698 8129 3369 6211 6587 2291 7206 1292 3555 5712 8350 9823 6569 9311 4019 3424 5787 3964 988 116 5470 8921 5271 7048 1480 6008 4782 7378 4035 1408 5477 6321 6153 3922 9581 7984 9307 3046 5850 5680 1895 1659 6223 4754 4032 6437 697 2195 8324 3931 7725 7965 2977 7486 461 2595 8924 9740 6911 6196 6715 76 5621 4085 4833 2901 8539 1346 6188 4176 4201 1125 6753 1254 572 1717 7566 5297 3354 5484 8772 4908 6710 4351 702 6116 2038 613 3095 9178 8959 20 2217 8034 3506 135 4326 2338 7972 6876 3416 6917 2200 8341 1678 4313 4246 4433 7426 1901 8664 9486 3766 9698 5193 3463 354 9426 6746 9422 735 6854 8114 6588 4261 9942 58 9333 2845 2836 8284 8791 4558 8341 7443 4417 5241 5744 1833 3885 5384 8808 7433 2224 8043 2019 7430 4356 3220 348 6960 9057 9174 1963 1731 6287 4439 575 3327 4998 3412 9677 8255 8564 1065 8310 8084 3367 8984 7698 7261 5884 8388 3644 3834 3513 6630 4652 7780 7364 228 4113 1544 3810 138 9913 204 1846 5719 3162 8399 6867 379 3052 8928 2092 6486 2183 5712 4333 2733 647 4292 1111 2791 3811 1392 570 5834 7376 7566 2194 119 4399 4579 1086 322 927 8105 9692 4458 1633 9257 3524 2614 4435 6082 3935 9024 1233 974 7908 5071 1618 2366 2362 4539 8912 7628 461 9623 9142 7776 2474 6386 4190 9409 6666 3353 3003 2907 6114 1280 8126 4891 2361 3039 4745 229 4342 3505 2824 6868 1633 1767 8742 845 580 3152 5004 6268 8615 7071 1625 6250 3524 823 7780 196 2446 8948 6543 7350 2782 918 2481 575 520 9741 5492 3873 6404 6784 2220 1148 9359 5904 3220 6705 8908 9558 510 163 5553 7616 7795 9910 5128 491 981 1569 8108 3987 2237 5464 9225 201 425 7559 3542 7560 1465 3104 567 7396 2812 2625 1532 1788 3345 8856 6236 9279 675 8344 7743 1238 6387 8120 2335 3041 1965 408 4159 5180 4576 6676 1832 8126 1817 9330 2739 8964 1120 7765 103 7451 4207 5019 4012 6669 881 2370 3695 4940 4802 2158 3009 5907 2362 1521 6509 252 2360 5608 2966 3517 9629 4421 1348 2325 278 9557 4449 4998 7308 7773 2953 6157 370 3411 2992 6892 5785 5174 1546 3680 2138 7705 6700 1292 7628 9874 4916 9129 394 2194 4429 5651 5883 9573 8848 5746 1834 6263 607 2153 1732 1741 9420 1809 5237 8798 9526 1489 2797 7042 8855 6629 4678 9939 8779 6776 4182 7847 9109 7011 8416 6902 2079 3504 7595 6215 963 158 8195 8610 4411 5111 7474 4240 387 8375 3780 7181 9133 1451 9249 1794 9369 532 8039 4777 9293 2140 1404 7162 4927 714 824 6613 9359 8668 3303 6439 9960 2094 3233 5341 3775 4564 8852 4407 8353 7160 4430 7357 640 8260 2584 1921 3670 9405 8647 6721 5219 4494 7072 3071 2425 159 2755 1080 2727 3265 8055 2431 238 5886 5387 24 3410 3568 32 998 337 297 8987 8503 6175 4074 4779 6607 7429 3920 9727 1822 79 55 8456 8537 9367 9308 1474 1987 4130 1951 6655 43 379 9496 1512 6299 9301 2494 3851 2275 8101 3302 7483 9535 8715 9456 7533 732 6360 145 8876 5518 4918 8901 1346 8972 6967 7864 4227 6365 4013 665 830 377 9776 9658 8438 4543 3590 4080 7119 1945 1585 4002 7301 1351 1574 8575 1395 5215 1514 9898 9097 6051 4245 5402 8212 2318 9393 5063 2458 297 3098 4256 197 1120 5947 3333 5307 3918 4550 6764 6735 491 7315 5269 6145 9416 9948 9785 4102 4642 9535 4478 6626 7076 7235 2429 879 1564 959 9019 2260 4374 262 2281 8832 1500 8306 2493 2257 3645 8410 7319 9772 4734 18 2445 6407 2305 551 8697 5679 8205 1147 8140 4293 5320 2227 7660 3725 5873 3156 6743 5104 2617 3641 5643 7445 285 137 4827 1428 2612 1551 9175 2285 9038 5439 1756 8994 1903 6859 1137 2894 5363 5668 9248 293 4699 6513 1874 519 996 7612 9856 2832 3589 907 4333 6987 6691 385 881 1396 2093 9200 3969 8558 2348 7508 1419 485 1470 2879 3285 2083 9302 6999 1124 5748 1467 2049 481 4333 8722 6131 188 8155 7035 7130 5326 3676 4236 5112 6255 753 5004 2911 2364 7205 6864 3584 4912 6272 412 1754 1443 5454 3876 112 5995 8179 3358 5064 8057 2439 4251 3848 5729 9147 6911 1361 8047 6714 8761 2770 2673 5207 1663 2067 7517 3002 6459 7422 62 8345 6422 6853 6347 5752 6556 2500 2130 4522 1254 7240 6697 8942 7241 8366 4416 4807 7754 7652 1319 2615 9472 984 3402 5924 246 598 6763 1783 8360 4969 8201 9267 7919 4937 2385 2057 3855 5131 4454 3432 5039 878 5033 6869 6199 8973 2496 1809 2470 1423 5509 7091 4141 9905 5837 2680 5847 4207 9418 2819 281 6548 4528 4637 1440 2027 1656 8078 3204 8957 9018 1315 8703 2404 7595 4080 41 7029 3825 5025 3692 5527 9613 4710 8199 8236 2928 1061 8654 8467 4542 9612 6877 8795 380 6638 6638 4254 299 5690 1611 1650 716 2977 1492 2637 6079 5095 3212 4570 1347 3055 4049 480 1940 6577 834 5094 8648 6944 68 3927 8137 2331 1646 8277 6308 866 957 3319 2673 1023 3303 1720 9743 7319 9023 9703 9902 810 1313 1465 4522 531 216 3438 4879 7779 1913 3943 1752 8132 1620 9661 7645 9089 6798 746 1719 6356 2549 5812 834 8312 4233 1614 9532 4667 7645 8583 5384 5974 154 1973 1262 3375 7168 5582 3661 5532 8685 2713 1955 370 7742 2727 9144 8658 7268 8562 56 7727 2254 7667 9809 921 3714 7666 1834 6807 1733 6991 450 9052 8388 1819 7700 2533 2126 3322 9760 9635 6294 4117 7882 8034 1976 8773 3243 7948 5551 3714 660 7330 6868 9169 1737 114 2982 4698 8962 244 8995 6002 5765 7627 8200 515 241 2780 4208 4803 3181 2211 3494 6475 3051 2658 1991 6401 9585 623 6298 9870 6265 9035 5773 7469 4252 6527 7735 326 6372 7249 5841 1086 7158 1939 4028 9471 5974 2327 1465 5273 899 1891 6661 4885 2378 6363 1191 72 7869 158 3564 3237 5963 760 8563 4227 2564 4621 3471 1843 8817 3639 9468 2243 4727 8877 4797 8247 1080 3610 386 167 4938 1755 6964 9841 1222 253 5183 3745 767 2414 1653 6034 1167 6177 7803 5975 9012 6359 4764 6623 4015 3786 5406 3812 5076 9010 1486 1531 51 5338 279 1941 4524 8170 6891 4252 2547 8037 8283 9588 6954 2003 5243 7740 4043 9040 5520 5258 1821 2241 8945 1251 7357 8072 5398 1613 2195 3837 9703 6096 9220 8155 8301 1613 5592 5935 4253 2535 6166 747 9806 7567 2634 3720 6280 309 2515 4843 4795 7129 6058 4590 6927 7578 7676 2315 600 5867 1059 7234 1667 447 7547 3335 1001 8192 7599 2007 5925 6295 4318 7875 8709 3766 7883 1002 3547 1600 7973 5210 5028 3739 8684 261 3042 7246 4857 1194 4943 8245 5313 7520 2966 6280 816 2654 9218 2830 5444 4252 6462 8652 6599 2416 7387 3046 9093 8457 4919 748 7351 6825 7022 4107 2229 168 7296 6180 3389 2356 7835 1107 3383 5542 3411 8986 6568 7796 6841 2266 5867 9891 2054 3569 8667 7065 8256 7785 9951 853 6659 494 4313 8470 8574 6445 9688 3829 2889 942 5482 6070 3855 4255 98 5682 416 8598 9895 2372 7770 3277 9465 6850 1373 5363 9767 7362 7029 4216 144 5149 3143 5270 6741 7376 946 7760 8195 9754 7591 8188 5554 5640 4172 2601 7148 1261 9612 452 3952 8633 4254 2411 2964 7812 3441 6593 2133 7461 3379 2953 977 2884 2874 2412 7899 1692 1743 1228 7615 6078 8029 6978 9940 1977 8057 1746 6929 2693 937 4825 2582 8899 6094 1868 4734 4394 9051 6621 9455 9067 3812 530 6140 2879 1696 6960 9479 128 3396 9576 2935 3066 484 2952 6770 9316 9004 227 1567 4360 3020 6512 4401 8117 1268 992 6919 8951 414 1170 7382 7611 316 3539 1317 6554 3178 7301 644 5610 176 539 4771 9556 3248 3418 3026 6770 7517 3007 4158 4581 6172 9462 3667 1853 7218 2619 9227 4565 7267 7098 3959 9096 87 8846 3642 9221 532 6515 5326 4261 997 2560 5731 9011 5325 1781 9889 3587 9907 3684 2084 7569 2588 8081 2952 8862 1425 2622 9381 1931 6350 3640 5702 782 4890 9227 7032 974 2055 7052 6877 7414 6473 5425 2812 7432 2723 9059 4976 5831 3365 9635 8015 4338 9607 6121 383 7416 9 8284 8947 7124 4937 45 6859 8112 5953 6763 355 2779 730 8939 167 1692 9257 2814 9748 761 2718 3050 1273 6085 4903 3902 533 4579 4244 8883 9378 566 9581 3689 2840 2570 5709 3152 4051 3379 2839 107 2748 4008 5857 1101 667 2522 6131 5429 5636 972 1859 3706 5531 4647 5383 547 3703 6632 9517 8262 9083 9179 4666 3410 3172 4023 3157 2657 4825 4035 6457 2674 9700 6991 2166 118 8804 436 5682 9245 8820 3776 2006 2069 4414 4427 1482 2649 9499 942 7279 5461 9804 6435 5129 9849 2193 924 1931 2337 3976 8133 6577 3245 1232 7882 7533 5062 9633 6089 4552 2622 1074 243 6290 2986 9753 4394 1522 9279 3328 7342 5601 1602 9600 2169 2962 6480 7312 1245 3753 1636 7890 6101 3803 6566 2098 6939 4490 7757 5218 2476 8334 6531 4126 6276 1685 2324 416 6975 1973 7349 3744 433 73 9356 9717 2594 8733 4400 5167 2251 4431 1000 3130 2723 1734 1028 5797 3772 5437 5810 162 5206 1541 4438 3438 2286 1644 9533 1721 4907 3895 808 8477 7235 7948 9687 7552 2288 4275 7637 9919 2078 6133 4117 2151 2512 1530 8220 8933 3870 4167 5264 8842 1793 9678 2954 121 4956 8892 7915 8071 679 7068 8072 6262 9413 3248 3423 3841 2787 9648 9659 9145 7045 5804 1560 5864 936 2718 5575 7655 8894 4748 7099 4504 939 8515 5464 8248 5886 8639 8690 3147 8871 2814 5253 7163 7828 2211 6627 2816 294 8321 4360 6519 7901 2053 9576 2757 5937 4999 3550 5224 6115 1313 9594 6419 2765 9100 2605 2828 3007 5740 141 1741 8737 3004 5778 6647 2752 4913 7327 2819 9051 6736 3091 9649 4127 2953 208 1485 2777 2662 4025 4481 1428 4709 9334 9394 2867 9732 187 220 9920 6840 6462 2789 7264 651 2201 6715 6529 4 4297 5614 862 9514 5919 7050 3181 3032 1093 7818 4670 644 307 3794 1226 817 1382 9419 3598 4024 6074 3289 8826 2910 2203 2626 4880 7596 1534 1422 9697 3640 6263 94 766 6879 348 8665 2352 7559 7960 610 5248 6553 4603 6557 1816 6848 899 7766 7142 2126 6404 4610 3578 8613 5799 169 241 9378 5334 3739 7586 2842 3274 4446 6941 1476 7285 6973 2402 3652 1823 3368 3247 6723 1878 203 4243 4638 1526 7131 4909 2248 3277 1624 6374 5717 4522 4713 1905 3221 7532 2927 7600 7698 6362 8574 5931 7808 6884 518 6913 3414 4112 9902 4789 2950 737 4545 7021 1138 7755 5370 5573 1639 8382 9019 7231 323 1417 8100 9250 3093 2825 4911 2994 674 2763 4702 9180 3591 7295 5040 4368 4379 1274 8129 2756 3588 4401 5658 7018 5492 3217 8208 6368 9381 4186 7350 9343 176 2711 5880 4807 8782 6057 3692 6201 2241 6848 9165 9303 679 4601 7661 2833 3241 8449 7108 4361 1035 198 52 9758 5552 3721 8206 5524 5127 7892 4389 2857 1497 6403 4563 3841 5263 9666 9886 262 532 9528 3610 7814 8743 1272 4290 7001 817 4992 8007 6726 1537 4810 3639 7464 8277 8561 4291 4518 3477 7488 839 6491 6146 1349 8883 7395 5757 6809 4200 6784 7657 2152 6352 3831 6621 9067 1100 6025 4864 1427 8510 6107 8479 9976 9359 549 979 2443 7418 7788 2735 9451 1802 181 8470 5047 5480 671 7445 9209 6308 334 4752 3869 5952 6748 7018 545 5528 598 3733 4062 7277 4374 6960 9701 8342 4024 3461 443 6493 7914 7209 3456 364 6628 7716 1970 8978 2222 2998 3004 6891 6722 7788 9414 4607 1331 264 8386 7407 8324 8307 7059 5391 3572 8231 5398 9794 764 6344 7712 3362 9382 6794 3348 4991 2771 8438 8252 7890 6550 394 5159 5286 358 4959 9355 2261 2277 1932 7461 961 4298 9191 6923 1273 8930 6577 7254 487 6670 6402 3374 3060 1002 1142 6589 2668 9467 242 7775 3140 9506 9524 2905 8338 1312 9283 8790 2617 8036 1966 9205 2521 6859 5289 3343 3823 7596 1481 7496 99 8747 6928 5045 4299 2811 6639 9622 4783 2584 494 3379 9688 8774 3840 1427 3889 5354 4955 9855 315 1850 4624 5878 9266 6857 7366 438 6232 9810 2943 1040 5570 8824 7195 3110 32 6027 4234 9949 8691 2660 4449 3801 9198 8398 4553 4019 889 2403 1234 7633 8827 1829 6787 7724 8224 91 6330 6175 4441 3633 1866 5631 8645 9501 848 1686 6219 4138 9517 2325 8372 1526 5383 24 3272 7352 759 1874 7798 891 9815 2557 6754 4888 696 7311 785 3335 509 8407 8837 515 8480 1074 7442 2610 6588 2461 8662 2713 9840 6793 9015 2848 4849 4901 8627 5345 494 315 7498 2413 8459 8317 9493 5552 9256 3012 7650 4515 1455 1233 6864 8844 35 6930 9704 1840 9827 6305 1805 2809 7737 6654 6421 2169 254 9133 542 8689 2186 274 3933 1966 7475 930 2870 6902 3188 4334 4597 4412 3577 5342 9746 6250 3012 4146 5472 8551 7938 96 1330 2926 179 4837 2336 4886 2659 6126 3521 6681 9775 304 9593 1474 2559 3650 7512 5967 4073 146 2992 9032 4362 9336 7394 6636 963 4094 9994 6172 7354 12 2160 4811 3969 6151 5214 2178 5051 688 5766 5814 3642 6961 4191 8212 1296 8729 7202 6016 4561 266 3982 6555 4456 8356 8958 2406 1947 5771 9338 7401 8165 4075 8483 6052 4529 6554 6735 2494 3237 2083 3781 7010 629 6244 6606 7595 9901 8666 6680 4648 9589 1207 2119 6108 9526 5085 9288 7939 2853 2210 827 4203 3047 9909 8592 6339 3023 2716 6729 9235 2110 181 6288 6831 6523 1190 7433 9325 9558 6687 2898 3098 5648 6176 9998 9666 9843 2528 9633 9882 8981 4062 3528 5252 9057 7822 6550 9109 8433 7602 8117 7388 3068 6097 7107 202 4933 1989 4047 4174 8604 2828 800 8573 4120 9961 4047 1567 5363 3279 9881 8648 3106 9822 1386 2535 2065 6593 161 480 72 1089 4744 4874 813 7641 6535 2405 1103 4996 3716 553 4657 9240 1158 3567 4923 1936 273 3344 8463 9419 8121 5265 2495 8905 7701 2169 543 9690 8849 7123 5361 6287 4868 2617 2218 4863 186 5398 2479 911 8496 2992 3826 5518 3803 507 9342 7937 6989 7014 9971 1676 4276 9153 6564 2049 9312 8932 556 6062 6591 8748 2157 70 1395 7763 5971 4030 45 7349 6692 6701 1646 8621 7055 9369 5459 7869 2505 4757 110 5072 4061 5035 8040 4220 1974 2676 5209 3695 1188 3181 7899 5173 6630 1588 208 849 8129 8031 8124 3218 2778 1200 8131 5728 1017 3698 6865 1411 9430 2938 737 2402 5464 9565 9791 1162 9679 3248 8448 7934 3168 3440 7530 660 3110 4886 3012 4815 5087 4506 7349 4695 9010 9976 1 4438 8083 7065 420 7273 8757 6815 2108 3694 5164 1076 84 7707 6775 5265 1248 9966 1168 7720 558 9131 5853 1471 7918 3914 2727 8818 9717 5687 1285 4390 5761 6283 3155 4190 606 9912 1202 9147 5800 8337 23 5641 5674 8922 1295 1563 5258 7403 4269 4444 6429 5992 4077 9867 1916 6526 768 8059 7746 44 828 4670 185 9631 4027 206 5103 5225 5107 1920 8840 4526 301 4073 9899 8944 2451 2919 1334 8841 395 3424 9643 6268 6449 2626 653 3908 8417 6090 8912 9087 6542 4566 344 7287 8751 8855 203 2483 6418 5270 2579 9962 5536 1483 6260 4628 7165 9835 3385 3337 3878 5612 6840 2165 3278 909 3110 9910 7674 4914 4319 338 8243 8310 875 7077 7985 697 8283 9914 9148 7912 697 9774 2755 672 1924 9821 1518 8861 4622 3643 1292 1505 3271 2379 6386 6202 1642 1576 5493 8800 4516 9069 5546 9189 770 5618 2670 6542 3948 3055 1954 1825 9732 6607 529 4837 7451 2603 2404 296 5137 3700 9840 7706 114 7799 7821 4466 5953 4563 4854 7868 929 8713 2254 3222 1309 7271 1040 4739 6396 1203 9376 5553 3995 9446 4461 6901 7961 6348 6687 2167 6675 2945 4066 5352 9440 6159 45 5952 3802 222 2258 6297 1207 8759 4934 269 2125 6127 7965 9101 7346 97 3540 6361 8469 6574 793 5417 849 6444 3874 680 6491 6484 3910 7110 137 6077 721 2117 8698 1437 7027 4357 131 8929 9629 1977 179 3544 9611 717 9705 1937 2701 961 3887 472 2345 5977 2216 381 9966 4297 5553 2589 3277 7537 6078 9313 7659 9788 6007 3789 1836 9412 3058 6429 682 811 8739 7051 704 2179 7593 5715 8077 4837 5270 4223 4478 9675 2245 718 5226 4683 9123 9911 4612 4674 5396 3688 8418 1483 2037 9133 266 9192 1978 8978 9752 6378 5699 5740 8673 3462 4643 4636 5409 6523 6654 2570 2750 9783 6078 2447 2020 8082 8110 857 5159 6674 6224 197 3845 6691 1680 6881 2286 5072 8876 6931 499 7334 171 4855 7354 2527 6907 6653 262 2147 3223 5788 1030 5996 8257 5982 445 1163 6135 3261 71 1111 7228 3774 1477 6933 8143 1538 5177 6934 884 5682 8627 7209 9372 1013 6118 2112 2936 4188 4951 1229 3427 4018 9678 5347 5039 7247 9292 4347 927 6150 4328 5986 3502 1590 5240 7660 9560 891 5231 7540 2017 9382 1309 8596 9430 8708 6518 7122 4920 6629 9514 3519 7039 5408 6362 2016 9072 3851 3191 5280 9949 8108 4322 9167 7536 6487 8961 113 6131 7679 805 3043 3979 7835 7766 1453 8881 4347 4003 97 1642 9235 3041 2686 418 9887 5896 7085 8009 3963 3555 3107 2353 9891 7848 3484 2183 3446 9265 6633 4736 4244 654 3048 9186 2185 5278 3933 2684 6468 7539 6161 9727 3061 4231 2708 7197 7756 3879 2612 3667 8764 5540 2305 765 2239 3904 2987 355 9424 1538 4118 2 1069 6935 3094 3734 2870 8458 4569 4806 2265 3480 4864 8104 1156 9906 9682 8606 2446 9963 148 7917 5429 5260 1377 5378 4402 5604 2078 6373 943 7250 5301 7150 9312 9983 1137 3305 9029 3623 2036 482 61 6444 4658 4028 3497 2535 3019 7086 2466 2101 8073 7362 7658 7649 3577 3338 1235 6785 8294 553 6527 6583 4894 7833 463 7257 56 3396 9150 5922 857 3900 6200 566 5489 5131 2776 8248 4984 2216 4713 1389 615 7748 4874 878 2167 8127 4427 303 7116 7753 6010 8295 2736 7012 7429 6885 2256 6082 9325 39 7040 2619 225 655 4015 6632 3127 8328 5846 6611 4298 6744 1162 4632 9399 7337 4378 5161 9748 7957 9604 3422 1711 8564 3564 9618 9350 7936 9409 8874 4551 9800 1267 4221 9809 8291 7000 563 9654 5160 5137 232 4621 9784 3400 2341 6831 7151 4859 3546 2089 2159 3644 9674 4214 6242 1661 2142 1652 2571 8979 9596 8743 1222 1709 5399 4723 9214 5561 3735 4120 266 66 1199 2989 7379 7158 2676 2252 3163 9692 8700 4983 8154 4918 2828 2647 5587 6515 7554 8257 8055 1052 8411 8211 8623 2315 2109 3359 7376 8615 8946 7914 947 5403 8956 4753 1104 6355 8555 810 6298 1262 3275 4184 9429 6063 6566 5012 7660 9420 9821 8789 4440 6412 401 5317 8442 7018 7271 4412 9295 6337 3158 8873 3955 60 7287 2525 3298 6471 1955 830 8896 972 9403 2305 6835 1370 6294 6566 2169 121 1621 6859 5286 5838 5220 7366 8299 6657 4551 5415 8179 8564 6530 5283 5370 5873 8086 5768 1636 2820 4174 7704 7060 4499 93 112 856 6331 8581 7313 5530 8536 6798 8699 2175 4770 941 5855 1168 6794 6268 5781 4183 5326 1745 2521 2869 4205 4956 4260 1125 8393 9645 7738 4851 80 2354 3304 3302 8671 6660 8755 6976 278 8397 3823 5214 7699 686 1040 7415 325 4016 6688 3178 746 4887 4387 2521 3476 8399 6737 995 2840 740 5452 794 8856 8760 3659 498 9973 4554 1133 3483 4409 9476 198 9566 7098 1084 9951 7792 9771 7942 9434 7978 2210 4468 5515 2504 9097 4402 1794 3436 5940 6377 9984 4428 8628 215 4895 5206 692 7602 3352 5798 6187 8063 4901 8346 232 9388 5273 8163 3649 9388 4115 308 5517 9576 8986 739 2299 7081 17 2762 4111 4428 2410 725 3821 1474 5796 8690 9838 2292 5441 8529 4593 287 7678 3132 5114 2516 669 3725 1578 9232 7209 7533 7719 4680 8725 7156 7541 5940 9988 5985 1862 5058 1092 8412 6969 4379 8563 2604 3300 60 8206 8552 2115 9934 5242 8519 6495 8426 4529 1737 9347 6885 2607 4009 3600 2757 7034 510 5907 8988 6172 4586 2715 7524 6881 7873 4792 8459 3437 1616 7265 3153 40 6290 6600 2978 9672 3500 1416 6087 1511 8677 1479 7679 8861 8202 2450 4831 2403 6250 5927 5568 9226 5118 6788 8990 9727 383 6887 2502 3859 2187 7539 2366 3605 7762 1950 7377 8234 9490 441 2482 2805 3735 7725 9391 927 588 7019 5183 4468 8882 7340 911 9047 4596 7635 7317 9517 5291 4251 1156 7293 6893 8133 5143 5142 3318 9721 8598 1268 8923 8860 651 7412 3442 7582 8424 1086 5779 9554 1061 5249 8095 9871 951 9139 9519 4956 6055 8354 9970 6399 2746 6635 9010 3442 8282 4318 9019 8384 7262 6734 3364 8603 374 2548 276 7847 6530 1298 2472 3896 9726 6539 1782 2955 1876 9873 456 5467 1445 8965 8959 1634 2534 9290 8847 8568 6340 1610 8368 2192 435 8002 115 6582 6357 9764 600 1940 771 7449 9603 2161 3595 7881 2404 9658 9090 2358 6350 9064 9940 3784 3668 4503 8378 7154 4977 9952 7440 757 3974 5180 724 6893 8041 5372 7540 8372 6779 8496 3691 3129 5543 5805 7308 217 7976 7245 3868 1663 2798 3572 1640 5290 5394 5574 699 5214 7208 536 5856 2080 1533 8598 7838 9887 3647 8463 4486 4590 4315 732 5098 6023 8341 8804 3428 1714 1250 5101 1046 5055 7919 842 1677 2496 3716 5287 806 3251 6563 8777 7273 1865 5313 6447 8746 9858 1223 613 9548 7174 7378 7313 8810 875 2328 3803 4957 4374 5851 6985 8394 4782 4315 6750 7750 9412 4807 405 3799 6934 7000 4885 354 1087 7077 3570 2207 5231 7860 3582 8169 8290 3412 1950 5817 9540 8162 5997 7422 2624 9853 2413 7195 3826 1711 8340 6447 9167 3414 618 2239 9255 1453 5430 9162 6034 4985 2681 3715 3713 2868 4916 1482 6158 6108 1130 9011 5684 4166 8807 4054 9553 7091 6374 392 7644 3396 4913 4778 6296 7715 4171 6369 2894 2004 5658 9376 5844 8925 4643 1348 7979 4386 9990 1882 6958 1042 7240 48 5516 215 2647 2712 1260 8415 1540 6627 9249 9040 1176 4696 1620 3734 4912 4480 7856 6334 959 9679 4180 9215 3332 7976 7368 4715 423 2104 9690 2054 8782 6636 4728 3954 3297 469 2483 6959 5699 484 9423 9586 6299 3066 1909 9139 3090 6809 6178 7412 7531 2017 9826 6185 6807 6780 7135 1277 24 2286 5135 6457 3940 4552 2849 525 2202 2097 2189 3607 4401 9640 8916 649 1185 3420 7171 6936 9072 3616 6897 7999 5866 264 1536 7771 7411 1182 5364 2453 4987 4523 6612 1970 4494 4813 440 2690 3461 4019 5741 1026 7502 4981 6479 5906 7115 5032 2295 6175 860 1802 9004 6287 4035 8021 2101 6219 3574 1089 9299 9577 5844 6248 5486 5832 9546 2587 2993 7962 7187 6154 4304 1518 4892 9959 736 431 3544 8971 5298 40 2931 5480 5624 1041 3412 4441 4727 4191 9000 6542 7882 2304 2958 8739 8780 3746 9382 13 4926 7681 3951 3824 1083 4140 5917 4521 6192 1371 6124 7900 4790 9506 3243 2438 5858 1520 1875 4271 9639 7503 8617 8471 7644 9660 5190 3500 1040 2195 132 4743 228 9554 5279 4676 3995 7222 8119 7134 6961 1552 8418 3183 848 8656 6127 8225 845 979 1636 8780 7871 3984 1405 5112 3377 9540 1381 5317 1508 1063 4098 3749 7096 7886 8763 6759 2798 1702 242 7960 8986 1271 8991 7472 1594 742 6641 8593 5244 6934 4934 2111 5417 7440 866 6660 8977 37 2339 7009 9473 3242 4004 1181 6099 4313 2936 3214 200 6623 544 864 3025 3198 888 3031 8228 7073 5492 5490 309 5348 2262 2755 4723 1565 1570 4739 2513 447 6614 6698 7870 600 1689 5161 1235 4195 5238 9647 9279 2321 312 1563 6583 6953 4093 3371 8508 2304 2109 2223 2238 4552 612 516 5234 3802 9619 2137 3017 2885 773 6102 6189 2291 451 1566 759 1237 1865 3403 4194 8752 5025 3425 3663 9435 1655 3152 3732 2855 5957 2974 8470 6206 1912 3517 2593 3985 9792 4164 5497 6745
