10
6 8
3 6
4 6
5 2
5 1
2 5
6 3
3 5
2 4
10 15
6 5
5 4
1 10
9 6
7 9
10 1
3 6
1 7
2 8
4 7
2 3
3 5
8 5
5 6
8 2
12 0
15 43
11 7
15 3
8 5
13 10
15 5
8 6
5 10
9 6
14 8
5 9
9 3
1 5
8 12
13 7
8 13
6 5
4 13
11 9
7 13
5 6
8 11
15 1
12 14
3 15
15 2
14 7
4 12
12 2
5 1
3 4
14 2
10 15
2 5
10 8
2 3
6 3
9 7
11 8
10 12
1 11
11 2
9 1
4 1
25 43
21 17
2 13
10 19
18 6
25 9
17 5
5 16
20 15
9 23
6 7
17 19
16 10
23 25
3 22
8 20
14 12
22 11
9 4
8 15
4 25
23 4
17 10
1 22
25 23
19 21
1 6
25 4
13 2
14 24
15 8
12 14
1 2
17 21
13 18
24 12
24 14
7 2
1 11
20 8
13 6
18 3
11 1
4 23
50 119
48 25
24 45
35 20
33 29
3 23
46 48
48 46
25 27
15 10
24 40
25 46
26 8
23 34
28 25
49 42
13 42
9 39
42 39
21 11
41 15
46 27
26 6
5 22
35 42
35 44
3 8
38 46
7 17
9 3
21 33
26 39
2 25
11 12
45 20
26 3
31 1
39 8
13 24
29 4
16 20
13 40
47 50
14 7
39 23
11 4
28 2
6 5
48 20
22 36
22 35
7 43
29 14
49 32
46 42
1 22
36 28
38 28
6 20
46 44
23 8
43 49
12 41
23 39
8 3
40 45
8 44
21 15
17 30
29 30
37 31
26 34
32 14
37 1
27 44
10 43
2 46
21 37
10 35
45 24
1 18
30 4
48 38
16 37
36 16
47 18
22 16
34 9
26 35
20 44
49 29
35 23
22 6
30 15
23 9
8 9
11 49
45 13
17 19
27 46
13 45
46 9
5 47
20 39
43 10
19 21
5 1
40 24
20 34
7 26
19 17
50 47
44 42
38 27
45 40
18 6
42 8
50 22
4 11
28 23
100 296
35 5
99 22
88 57
36 99
37 26
6 23
63 79
81 72
45 67
23 48
84 62
29 64
28 69
51 2
51 75
82 1
82 20
59 75
24 20
13 90
14 6
38 78
98 64
32 93
7 19
70 44
66 70
5 58
99 18
76 85
31 85
100 11
59 76
93 87
61 93
41 99
80 54
45 100
54 98
74 35
88 62
28 87
89 72
64 31
42 45
86 32
71 86
28 85
4 43
89 10
94 71
40 49
3 11
17 81
55 12
38 48
82 24
72 17
10 36
27 47
76 43
51 22
38 51
72 75
45 66
75 28
41 52
6 21
75 31
62 88
27 31
56 46
88 59
77 20
81 68
67 70
73 68
17 68
54 74
64 29
15 84
41 19
94 86
35 82
12 25
14 67
47 59
44 66
7 60
59 27
19 18
65 21
79 62
68 23
92 9
49 79
79 57
29 22
37 83
11 45
25 26
59 87
23 6
17 16
62 64
16 17
52 18
28 33
48 26
71 75
38 88
84 15
7 38
69 48
3 71
77 30
22 64
83 72
52 41
77 97
87 69
81 89
4 8
25 65
87 48
93 30
26 46
57 79
27 13
64 65
66 44
38 75
14 44
38 7
79 75
40 57
20 47
9 32
83 86
98 62
37 72
18 41
95 24
2 10
67 100
87 65
19 10
72 100
3 4
63 78
71 3
84 79
81 39
47 27
55 21
69 22
63 2
30 34
41 36
75 48
30 77
2 75
53 42
20 35
58 92
13 8
28 96
55 56
71 63
3 94
100 44
52 10
4 33
70 42
85 55
2 18
99 52
94 3
97 58
46 13
29 31
70 57
62 57
94 87
82 9
93 95
29 4
69 96
11 70
53 96
34 82
79 88
61 32
88 84
38 60
6 98
21 76
53 32
28 22
24 97
5 74
3 86
34 1
42 14
5 20
73 17
55 90
43 33
64 22
60 71
16 81
86 6
22 31
82 35
82 54
99 36
63 31
78 87
8 26
88 49
18 19
75 22
58 27
11 14
86 71
48 69
6 90
99 19
96 48
47 75
40 22
89 73
63 29
57 40
36 18
2 51
73 39
98 6
1 95
100 14
91 76
90 91
36 2
98 23
20 54
60 14
76 25
84 88
68 83
45 96
4 76
53 64
41 51
50 80
96 87
57 84
31 13
71 94
78 63
83 17
21 8
23 65
42 67
97 77
26 56
52 51
32 6
51 99
40 79
12 43
37 81
89 17
48 28
23 98
27 96
66 42
49 15
71 23
33 90
75 96
21 4
60 38
31 22
90 85
39 16
63 22
56 85
81 37
32 61
48 90
76 46
59 47
20 50
68 89
72 63
45 70
300 895
296 115
145 21
230 80
186 83
4 12
45 59
10 58
164 243
280 180
59 96
194 300
98 262
90 56
50 112
233 264
235 291
127 61
78 175
63 270
85 47
66 11
71 68
100 270
190 289
162 222
167 291
55 20
297 64
76 9
191 252
19 125
144 29
130 155
183 215
220 138
278 209
183 216
4 75
205 117
45 22
281 4
189 53
244 57
208 234
149 66
205 244
297 152
229 231
245 104
60 40
225 50
255 144
37 3
254 245
39 135
148 11
95 229
91 195
75 172
279 9
12 75
160 294
56 119
31 93
198 5
14 93
36 137
219 79
130 251
127 243
114 126
120 206
206 177
124 158
260 165
203 56
271 300
287 280
208 202
217 266
293 193
61 58
27 50
47 208
256 296
212 26
42 284
290 298
209 278
294 247
11 66
218 45
112 31
174 300
220 88
183 236
43 126
60 129
104 218
73 178
33 114
241 100
163 85
134 98
202 176
175 254
149 271
110 234
88 78
184 110
23 233
280 23
130 179
87 61
138 47
35 234
21 182
75 12
13 164
62 161
263 39
145 300
144 117
111 16
110 66
97 228
260 80
163 47
58 70
95 266
252 54
105 172
179 198
41 36
24 99
289 234
71 183
213 142
73 139
208 134
106 16
156 6
262 207
12 251
289 147
1 136
29 41
205 261
221 82
292 175
233 297
248 34
87 140
148 141
292 254
194 116
149 252
177 98
288 41
277 259
186 19
33 126
259 22
192 242
48 53
3 33
243 3
7 299
246 80
215 236
24 68
259 79
165 77
60 141
138 218
297 73
281 291
238 234
177 240
128 159
219 66
190 79
89 2
183 68
132 234
65 84
127 284
166 14
85 138
234 22
84 213
15 215
135 128
75 92
33 208
21 296
101 77
213 114
171 192
158 18
191 209
57 141
182 65
218 175
51 205
180 219
241 90
123 78
243 42
132 52
103 219
70 168
156 129
259 49
180 124
191 283
193 230
132 3
134 105
34 245
106 260
1 154
122 196
251 281
232 265
200 263
272 297
297 233
134 172
294 141
188 14
155 53
112 238
269 223
83 221
183 189
260 193
108 202
202 74
29 141
212 165
34 48
78 108
72 270
174 263
154 170
125 185
3 103
181 188
229 204
73 124
22 270
168 11
68 99
257 34
64 233
280 18
147 89
47 138
13 43
219 134
49 92
236 216
123 171
133 298
64 180
199 83
69 262
139 23
272 158
77 16
277 147
277 172
129 173
143 107
50 11
126 177
108 78
300 296
267 4
179 132
252 249
43 127
45 126
184 134
173 144
158 264
44 268
147 47
144 141
114 22
95 265
273 46
33 110
259 219
246 202
25 23
151 73
61 107
81 150
133 278
175 45
54 276
127 42
80 212
25 272
110 161
124 25
179 147
299 20
210 241
243 219
298 143
171 108
30 288
269 14
9 83
202 172
264 287
191 133
11 110
80 165
155 96
188 226
75 134
46 38
109 194
116 135
124 64
71 8
252 257
192 185
11 62
184 52
226 225
40 81
107 222
228 292
103 132
268 166
277 179
266 239
22 197
220 110
260 67
282 294
143 61
284 13
121 247
47 85
24 267
70 286
94 143
116 11
104 169
204 134
290 117
141 117
176 74
70 142
106 230
171 208
118 171
3 250
238 269
106 111
75 4
89 157
137 217
109 128
184 9
158 151
258 168
149 189
202 208
286 206
110 11
195 231
64 280
43 281
172 110
41 1
31 50
126 234
278 267
250 226
216 15
179 251
210 234
257 86
97 34
283 290
64 152
243 22
158 235
22 62
271 235
244 255
21 174
244 129
240 72
149 79
215 15
6 205
138 189
79 259
245 162
37 148
232 154
280 287
96 59
214 109
219 259
187 203
190 157
243 13
236 219
242 250
167 265
218 245
193 101
60 156
77 246
37 173
172 208
81 109
204 229
67 111
269 181
61 140
11 120
82 227
250 52
144 173
298 290
195 170
166 114
209 133
130 21
165 235
34 96
214 81
285 295
215 71
42 47
299 95
16 121
191 278
46 20
281 75
254 34
114 202
162 61
215 99
79 168
170 22
282 193
167 38
117 261
286 87
237 62
262 17
154 82
38 7
268 83
119 17
28 207
267 133
6 173
234 54
161 63
10 213
108 220
77 160
274 61
275 237
8 99
102 223
151 18
154 36
15 297
84 27
232 35
189 138
274 107
261 255
17 203
252 235
245 228
49 69
119 120
51 244
299 137
39 296
146 170
211 214
56 177
198 143
138 163
86 22
254 59
59 104
248 105
254 53
216 8
166 188
230 106
209 191
42 243
113 8
239 95
88 108
259 38
169 228
253 293
236 68
35 172
206 161
5 140
113 216
259 229
203 240
187 197
133 191
165 253
127 13
81 135
86 241
144 244
158 33
86 11
192 33
18 25
203 275
65 70
60 117
123 118
22 234
267 209
82 223
136 201
278 59
169 257
224 187
59 245
262 92
222 94
174 214
168 94
263 150
296 66
284 43
20 285
193 160
248 53
185 19
148 37
123 220
262 90
241 54
112 187
92 176
80 101
145 194
104 248
214 150
157 190
256 81
215 24
135 200
152 139
182 145
35 136
170 114
59 155
171 78
93 166
116 211
297 264
207 100
182 249
23 124
178 180
152 252
271 104
283 278
76 44
27 198
235 252
133 290
29 205
248 169
51 173
9 238
1 273
219 55
220 112
209 267
127 143
34 292
105 134
255 40
252 271
199 76
269 19
61 22
88 123
135 98
43 22
102 199
99 71
256 145
283 209
149 190
162 27
118 65
26 193
96 104
47 163
234 90
3 150
8 265
77 130
148 132
15 236
54 28
290 283
111 230
114 66
98 90
87 27
184 186
277 205
25 117
252 47
196 83
155 248
61 274
171 220
175 104
155 245
34 59
127 43
166 82
8 172
3 37
185 93
130 149
32 206
65 168
43 284
276 90
79 208
72 69
269 31
183 22
190 179
91 239
129 6
46 232
2 79
80 160
93 192
135 159
277 254
132 37
113 79
106 121
106 282
96 228
99 215
128 150
170 291
234 197
139 18
84 142
159 145
97 257
117 59
126 33
50 223
147 157
103 37
224 17
157 179
217 7
57 144
283 234
149 235
216 167
79 231
289 89
167 154
234 240
107 126
291 91
15 68
77 101
58 94
85 231
296 116
47 189
132 251
274 33
271 259
162 70
42 43
175 22
299 239
195 41
22 207
204 35
12 4
107 268
55 131
57 173
87 107
288 167
286 110
142 87
266 273
271 149
15 130
5 213
271 37
53 97
198 142
67 247
53 134
236 57
130 291
150 116
257 218
15 22
40 51
292 257
117 244
282 246
4 281
39 300
107 162
175 34
68 113
124 31
131 30
78 220
234 241
281 251
57 117
137 38
282 16
66 86
200 21
63 32
78 118
213 5
231 91
74 119
14 31
235 149
274 65
106 247
107 140
200 194
289 208
8 236
201 231
114 234
164 42
66 234
2 157
18 124
291 55
85 189
43 258
202 105
38 231
166 227
271 114
37 189
291 232
78 88
115 174
44 125
176 49
89 289
212 111
73 287
130 33
294 26
247 260
147 179
150 115
277 210
210 277
103 148
18 152
267 262
139 264
269 234
86 234
88 190
229 55
270 241
49 28
45 48
141 60
135 263
185 279
290 191
117 57
52 279
185 226
8 31
27 87
289 179
251 46
217 36
28 275
22 56
179 2
64 151
17 98
196 184
69 32
289 157
13 284
56 207
277 193
48 155
68 183
26 212
128 214
200 145
168 143
36 154
49 62
249 115
300 256
98 276
234 98
140 258
201 146
103 51
244 40
172 202
268 269
295 204
89 190
144 156
286 274
279 196
84 198
208 22
293 67
265 20
295 167
155 254
171 271
151 178
143 153
116 296
9 166
100 224
243 43
177 90
74 275
215 113
178 233
223 102
118 88
291 170
117 198
67 101
120 54
15 71
197 92
238 82
23 272
141 65
299 232
110 22
94 162
77 80
227 122
29 63
207 49
223 110
109 54
247 77
249 296
192 186
153 10
249 263
112 100
1000 3482
992 116
834 627
520 996
467 21
247 727
774 651
307 711
742 134
124 957
589 319
694 926
595 456
143 736
352 940
221 201
962 813
721 505
963 214
184 743
102 711
636 736
553 754
300 84
382 409
942 810
343 49
284 620
824 190
323 734
852 162
89 102
274 713
456 224
548 746
474 427
849 995
518 438
46 736
923 307
781 867
205 471
285 41
908 172
176 638
862 882
913 145
863 252
937 609
697 388
99 791
469 302
644 720
301 265
391 797
414 56
194 437
735 339
883 864
56 365
434 626
438 741
880 187
12 232
167 533
48 719
578 109
514 736
319 41
746 127
560 506
912 357
382 626
244 409
725 733
370 954
105 736
548 434
254 526
932 752
396 408
260 844
887 135
496 659
764 260
270 556
172 26
672 118
876 799
833 483
485 294
271 239
111 355
597 636
493 929
158 856
187 508
612 333
551 104
945 1000
683 73
652 45
57 891
632 272
175 497
660 408
218 369
413 793
341 613
425 484
827 501
90 668
921 222
625 574
602 704
49 118
739 698
942 127
515 464
188 382
454 755
594 950
810 942
774 159
885 645
364 148
277 190
776 981
591 905
650 579
487 730
437 75
20 850
75 437
466 545
190 440
461 416
414 288
344 356
157 639
819 756
743 92
920 132
934 781
364 501
452 797
823 195
171 419
145 39
49 660
655 712
882 982
812 228
753 275
804 869
522 904
763 197
440 396
271 44
42 927
814 131
554 185
303 716
118 533
93 398
432 521
186 487
886 661
501 522
867 702
451 785
112 999
312 560
633 451
595 469
852 210
65 717
823 768
820 771
442 18
51 470
927 887
834 836
587 955
832 408
65 982
418 405
366 702
675 50
960 966
238 894
457 550
349 644
209 524
131 127
734 518
648 812
803 414
141 216
109 966
767 45
946 578
400 390
898 335
632 260
174 592
840 915
627 36
276 39
248 536
519 468
887 377
641 76
41 844
787 689
456 48
116 937
51 637
813 648
822 352
253 345
467 718
105 771
1000 306
713 287
655 592
857 319
902 417
809 384
39 776
588 682
586 176
890 469
366 456
56 171
218 562
407 626
461 925
693 218
736 796
25 596
762 340
769 388
968 224
19 800
936 47
748 606
509 731
744 935
303 727
124 357
733 397
139 577
269 560
605 555
166 80
857 866
971 819
693 552
519 817
137 472
322 381
882 159
793 460
884 215
427 37
740 641
937 389
724 165
2 569
481 844
405 698
277 636
663 26
173 3
242 349
385 492
411 562
795 224
897 191
512 262
430 939
415 288
172 907
26 933
782 257
287 733
390 18
404 747
490 347
113 711
248 282
915 840
784 149
56 416
791 42
54 985
576 764
398 221
637 236
438 907
490 771
446 993
472 698
925 728
404 914
978 644
144 859
807 554
269 536
271 790
660 190
660 970
709 587
362 214
950 960
22 890
224 728
216 506
380 695
683 330
976 653
818 516
514 862
941 510
559 983
932 882
725 148
530 982
740 425
616 776
150 901
261 636
204 739
800 533
723 93
578 104
74 153
262 831
154 976
353 641
566 488
979 533
615 174
744 949
161 787
296 708
213 587
134 690
636 844
663 201
107 343
526 662
701 282
81 932
36 620
283 713
287 501
789 903
206 59
478 626
46 157
382 237
474 631
586 133
688 557
771 95
238 841
806 72
51 948
203 838
987 57
58 111
926 29
26 353
197 750
610 66
773 824
122 384
732 800
384 547
324 809
176 377
456 131
214 897
631 848
258 749
138 629
792 255
199 363
648 990
24 965
159 340
936 293
581 556
24 860
515 526
589 516
780 906
937 647
524 868
168 276
116 750
404 158
581 56
250 544
484 112
511 181
364 522
687 678
44 834
818 709
22 159
793 106
4 460
560 553
36 499
514 381
401 841
600 410
350 343
983 844
804 534
573 383
165 828
128 577
118 242
33 330
61 69
88 979
451 261
639 88
730 30
609 477
351 473
11 378
391 467
21 221
473 58
322 743
311 732
736 533
107 324
924 401
12 149
136 434
712 772
546 575
528 322
68 448
377 702
369 956
780 253
327 682
200 961
395 357
270 844
514 845
204 94
925 867
301 234
159 48
929 419
45 933
522 361
525 287
584 736
122 708
934 381
167 982
539 23
184 774
859 1000
636 504
319 661
380 196
694 791
842 81
643 857
21 804
914 112
843 306
621 517
631 519
172 902
942 643
844 736
924 191
809 623
836 798
717 481
402 32
840 137
228 403
29 342
348 191
156 656
736 131
189 873
738 806
641 192
924 337
23 831
423 865
664 561
573 631
537 708
979 530
201 391
683 294
609 88
489 174
581 30
671 666
734 407
681 578
388 698
610 443
315 961
467 767
848 151
861 695
389 899
533 127
67 334
424 320
200 207
724 468
581 412
416 352
605 129
556 537
181 48
801 827
664 583
905 543
633 889
73 597
585 597
675 2
527 450
285 481
746 805
508 534
839 204
79 993
787 114
904 82
636 983
894 728
741 200
425 547
646 852
379 927
176 728
391 869
970 133
946 726
454 333
773 357
781 181
533 88
990 671
666 818
981 672
391 676
546 115
372 292
118 999
606 262
835 34
336 148
594 789
274 949
639 826
788 530
617 430
52 825
311 849
538 356
861 858
392 867
276 84
875 848
561 771
727 447
56 814
211 147
326 628
505 670
657 341
17 293
666 312
687 674
286 357
319 736
781 224
983 731
673 51
606 433
944 469
290 255
97 798
285 239
400 294
967 359
301 219
794 485
433 723
18 90
429 42
731 181
317 863
451 581
862 698
540 814
148 725
663 715
530 472
227 223
445 804
2 124
46 61
541 78
161 12
44 270
44 556
787 191
534 381
844 838
713 397
866 857
375 8
361 986
682 34
180 693
762 590
927 392
538 5
161 689
207 736
452 894
117 778
919 694
53 420
983 883
403 623
301 451
746 167
993 464
653 941
499 236
828 10
81 348
856 404
250 64
672 539
6 4
278 909
741 93
603 977
616 413
593 440
658 735
783 88
555 231
242 472
469 586
779 402
543 307
207 864
441 974
38 83
241 181
267 857
437 223
825 197
750 763
820 320
241 453
785 581
758 823
736 530
495 808
629 1000
479 384
151 573
469 224
132 14
497 101
958 694
734 914
226 114
341 846
363 800
555 759
307 724
234 411
67 426
330 680
581 853
272 764
24 885
568 682
593 912
734 747
134 992
775 889
947 625
276 460
484 547
784 581
822 765
929 697
611 693
375 577
254 995
798 892
318 698
442 400
202 197
161 319
291 872
684 764
308 654
466 429
197 199
750 604
381 927
641 160
78 911
56 996
74 34
513 795
382 449
625 19
947 611
401 238
271 391
800 444
853 41
419 332
517 668
274 733
101 502
836 628
639 465
919 344
132 822
910 206
334 616
52 88
294 196
816 506
87 851
795 938
737 326
808 422
8 43
933 944
472 732
730 566
643 170
62 819
581 340
159 862
9 207
698 800
892 798
763 23
604 328
11 26
158 736
901 696
693 700
786 736
701 666
977 552
996 80
539 484
105 689
773 10
29 261
838 917
996 169
448 71
387 524
708 236
350 970
626 136
689 119
467 201
470 708
97 44
723 685
46 77
289 13
379 586
613 881
18 380
768 758
553 228
772 440
405 59
856 164
408 167
511 731
623 965
255 932
903 163
48 940
811 14
577 760
697 449
478 567
201 880
790 438
408 970
883 159
222 166
69 23
229 6
150 780
608 630
36 746
744 287
476 72
219 451
558 944
596 149
180 96
161 664
439 414
934 985
455 718
2 828
58 544
344 660
439 413
744 522
934 69
384 42
311 547
409 557
240 985
56 311
441 783
521 953
889 180
312 193
946 446
811 895
985 862
292 494
853 187
663 689
772 790
414 439
689 12
485 195
286 631
183 816
642 33
736 756
904 935
820 114
56 372
170 224
765 431
55 404
321 656
935 336
481 388
509 586
89 871
684 403
160 595
562 700
536 8
579 173
199 358
2 324
693 785
551 380
222 873
679 422
919 520
11 42
183 855
875 402
995 431
934 862
356 401
317 535
35 699
527 833
342 694
702 456
726 844
128 60
39 616
472 979
891 843
241 844
96 989
914 368
961 741
643 586
738 536
986 575
164 227
347 664
222 590
319 49
423 211
511 509
9 93
872 579
705 780
827 82
753 153
928 285
392 133
904 198
931 162
949 655
474 1
179 73
503 120
427 155
402 875
583 12
417 222
808 250
397 198
913 67
434 449
634 957
236 326
713 801
833 944
992 385
444 167
978 131
879 706
178 972
477 609
333 480
202 194
6 67
261 993
783 503
944 791
78 192
212 286
485 886
82 283
595 133
368 202
202 368
36 673
736 348
125 446
267 942
223 55
786 514
948 737
782 900
756 624
531 865
698 533
419 928
11 886
932 425
780 162
830 995
908 239
244 83
208 258
997 655
81 162
693 633
9 398
51 270
543 773
139 127
736 372
309 262
412 967
151 692
310 703
479 220
780 335
773 543
119 26
799 677
271 131
112 479
325 222
885 860
883 867
622 572
766 669
884 259
323 505
886 127
438 503
982 416
856 323
499 270
921 80
404 55
608 930
466 786
550 210
51 65
650 77
226 583
663 831
578 71
21 592
305 736
338 385
13 278
214 901
400 442
322 131
407 38
420 985
814 719
854 602
691 375
840 43
438 681
143 643
704 291
382 478
194 227
712 274
265 831
443 376
581 988
914 323
791 384
840 26
714 444
791 582
764 24
420 108
732 444
523 325
182 495
156 504
119 290
633 301
358 86
422 653
944 112
294 858
566 954
127 131
926 694
23 934
915 11
611 517
5 322
3 988
583 331
956 19
956 700
576 403
63 858
787 728
248 812
409 707
759 524
191 224
391 101
327 575
762 585
974 502
210 644
169 844
878 222
660 719
256 986
345 40
916 598
28 936
121 861
706 125
46 90
616 426
885 767
236 170
493 816
538 926
693 261
260 885
530 979
938 11
48 131
591 421
914 255
541 332
401 924
927 456
514 786
888 918
989 834
91 943
915 970
678 970
809 860
19 621
89 631
931 65
737 708
736 384
684 799
896 193
259 755
775 700
140 528
87 582
220 825
864 200
305 506
99 969
677 809
444 702
210 494
208 298
261 786
229 288
752 842
920 244
290 81
413 276
344 56
368 227
814 340
95 131
826 888
646 70
34 423
59 264
445 797
308 686
678 645
935 801
926 272
514 791
440 472
623 441
336 997
347 820
194 103
643 875
886 302
806 815
651 847
197 582
927 731
520 513
231 268
462 531
846 790
110 247
542 622
921 983
538 122
14 558
238 265
795 127
622 756
912 89
840 753
859 852
892 556
361 398
907 879
841 238
360 123
654 906
414 672
736 886
503 601
757 558
342 344
46 290
642 670
659 432
563 889
705 874
827 364
417 902
795 781
255 792
4 715
540 91
86 550
696 335
214 78
518 224
518 22
821 832
375 247
238 539
396 970
784 105
430 955
285 65
347 784
618 990
292 732
880 804
41 972
331 320
858 435
297 987
183 589
82 525
697 363
311 131
225 466
859 872
406 130
294 225
520 805
644 94
340 781
44 236
316 859
532 5
951 815
147 865
250 846
922 535
335 90
384 969
308 864
137 392
311 15
955 980
218 19
315 864
554 988
916 201
572 622
877 568
901 998
433 381
6 803
684 809
824 401
332 931
411 736
172 636
792 932
797 280
790 518
867 392
720 750
564 351
366 176
701 248
929 277
307 113
901 192
717 52
140 256
207 315
146 933
23 381
499 131
408 49
938 999
652 736
15 514
381 862
266 21
225 879
504 101
11 915
692 2
299 403
998 373
167 800
620 556
507 861
977 180
369 219
595 352
801 274
271 907
723 9
458 251
514 453
455 598
947 234
977 625
831 728
990 516
107 684
921 878
472 131
49 440
492 87
862 728
419 80
747 786
938 929
853 211
399 653
754 868
241 440
747 437
581 792
873 590
678 373
841 409
962 922
657 495
187 452
660 392
383 905
139 849
270 9
637 892
104 789
745 3
822 757
744 336
871 923
24 242
421 773
108 743
664 424
703 735
16 790
227 712
46 261
516 818
455 243
677 860
747 194
954 833
261 56
383 837
507 492
421 519
112 624
669 263
347 787
361 207
736 831
846 182
336 733
524 214
458 955
956 873
697 154
949 827
756 457
958 5
956 693
65 622
146 243
392 461
360 239
900 755
621 977
641 235
287 655
980 213
329 704
581 97
727 920
840 736
736 582
777 911
401 999
280 101
907 467
49 728
451 603
224 127
243 676
764 237
112 969
164 463
790 740
980 549
104 950
145 616
461 469
158 437
736 484
251 985
649 580
983 932
707 811
990 141
229 172
961 661
305 648
943 669
31 291
75 734
800 137
418 268
878 720
736 909
118 377
152 83
270 948
135 781
585 390
229 300
265 356
283 26
790 890
629 24
141 312
799 684
419 938
94 210
12 206
890 464
272 681
928 559
128 139
897 319
209 788
45 146
734 223
391 321
393 123
989 633
127 831
428 213
172 663
559 890
849 100
745 297
590 968
126 177
718 869
880 933
75 164
508 436
988 297
11 509
522 725
946 699
602 766
184 720
728 131
942 143
695 551
984 387
233 708
940 511
84 793
584 973
698 167
361 444
938 520
128 152
655 989
340 366
319 472
398 200
899 108
878 169
543 692
417 238
710 36
947 205
26 840
840 728
366 352
772 354
532 887
499 15
106 145
864 723
832 98
377 731
46 772
265 539
763 453
490 105
858 584
465 273
293 835
894 187
524 129
373 335
956 574
424 689
929 795
283 539
85 884
69 159
693 96
34 480
538 561
965 632
897 362
419 171
694 931
48 831
372 992
752 162
507 839
676 652
371 762
342 538
927 638
514 9
392 131
800 224
254 662
571 512
325 943
865 488
357 10
681 422
981 913
245 897
869 508
216 980
171 929
41 381
498 475
220 651
89 421
763 825
302 595
627 673
802 529
993 191
685 416
357 356
501 904
590 9
953 443
759 788
736 416
404 189
908 689
969 999
46 917
518 200
446 464
64 482
570 998
767 156
530 698
143 464
942 875
525 103
147 850
785 96
755 782
620 948
887 416
98 354
318 126
819 83
837 1
138 881
899 204
911 686
707 60
301 218
555 268
596 787
363 167
855 991
646 339
597 592
540 70
536 317
680 861
603 205
360 650
187 534
459 179
317 754
835 462
577 450
312 812
348 322
415 168
855 428
215 278
230 571
103 712
169 489
871 1
775 451
50 102
938 127
729 371
570 788
837 905
289 749
628 627
926 932
2 50
325 540
905 427
494 979
19 205
68 7
725 655
80 9
620 233
223 625
86 739
981 84
599 992
226 149
172 581
814 728
357 593
355 564
676 175
760 407
438 88
236 770
511 133
715 532
350 636
887 831
459 683
921 417
214 209
46 224
803 672
334 413
413 67
890 831
364 935
945 523
985 805
660 396
679 24
624 88
950 295
110 375
101 21
957 565
133 135
592 880
616 334
422 679
59 157
433 393
678 500
820 787
663 172
603 956
479 425
369 205
617 228
567 110
359 74
370 742
231 240
325 606
529 248
862 137
736 177
340 377
173 262
378 188
426 439
792 464
676 41
83 895
404 639
795 931
418 911
24 422
825 108
543 10
810 267
99 127
999 791
326 284
549 855
139 895
929 171
423 208
428 618
501 841
714 372
983 786
771 820
290 999
722 304
334 736
88 137
93 741
272 965
746 54
590 902
846 58
49 86
917 130
93 864
492 542
93 224
125 435
425 224
455 156
242 647
72 104
324 681
626 577
222 878
582 116
684 324
287 744
217 99
126 972
800 831
934 61
686 150
61 224
166 814
416 638
29 958
882 23
450 454
29 694
664 596
657 704
840 224
29 532
472 831
388 65
54 702
776 26
939 951
358 542
717 388
232 31
4 67
570 235
757 139
215 796
792 290
667 235
655 525
48 731
992 92
285 717
695 683
34 826
799 481
255 985
673 44
877 203
890 311
594 390
481 396
870 490
596 320
467 676
955 141
130 796
882 61
481 239
915 993
388 982
411 180
357 817
797 201
205 989
479 882
528 186
234 611
209 777
142 281
746 408
255 831
611 401
354 120
829 998
740 790
352 133
736 743
137 698
143 810
595 181
736 359
798 983
337 418
845 821
394 851
712 949
925 940
20 832
820 518
384 69
723 927
874 893
517 693
747 55
914 48
410 567
56 65
725 949
799 632
707 281
474 675
964 232
420 63
261 46
337 687
685 176
658 263
669 613
781 595
100 128
26 11
481 88
541 363
302 127
944 384
249 329
417 921
300 168
886 732
932 509
648 587
998 759
123 297
740 271
640 473
11 462
863 279
181 638
219 224
847 338
102 957
342 630
374 521
414 300
145 776
627 710
504 45
619 459
86 702
42 547
66 542
952 440
397 725
873 636
28 510
145 300
548 247
178 982
581 944
520 795
960 81
504 676
952 769
894 853
537 97
483 17
424 655
736 728
402 344
914 227
307 631
219 530
872 3
471 956
396 530
665 458
592 101
320 809
233 753
314 305
340 133
331 674
51 170
322 533
520 289
544 735
497 321
494 453
117 295
163 729
590 166
177 454
973 121
820 299
862 805
141 990
456 135
712 364
691 271
541 54
410 303
828 1
658 111
172 908
188 760
754 671
56 581
526 23
986 28
580 458
781 719
908 663
401 356
904 397
822 38
993 162
273 654
876 299
962 314
116 582
356 462
655 586
746 660
834 637
736 381
657 123
662 844
484 99
272 41
981 334
106 67
736 54
633 234
326 537
46 581
790 22
318 730
318 203
697 659
551 442
863 549
323 202
233 798
397 949
729 607
514 782
105 331
985 934
18 35
606 249
841 798
517 234
456 927
267 402
888 140
938 220
871 427
164 636
338 550
344 538
813 962
687 645
311 982
300 6
956 451
11 750
89 569
419 541
424 736
968 80
611 180
975 549
170 44
411 369
23 882
384 698
196 225
582 66
280 436
210 937
44 15
44 737
885 741
5 926
124 591
787 95
320 331
139 303
513 559
532 261
490 25
691 533
596 232
711 378
769 896
239 749
517 451
696 698
974 444
801 397
623 632
59 500
184 224
672 415
710 537
292 457
408 118
437 158
894 112
437 532
547 484
448 117
850 327
92 572
49 54
796 994
308 910
369 517
302 377
21 598
660 746
506 939
785 889
510 753
928 41
704 367
56 291
477 992
725 713
101 391
111 650
927 127
31 820
474 525
893 555
402 267
37 692
35 578
492 453
455 489
253 511
930 380
460 168
920 895
840 9
201 728
712 391
917 546
23 862
61 728
732 661
145 439
28 208
814 615
394 389
481 624
170 836
832 115
726 448
203 178
119 372
296 236
728 127
786 728
128 100
613 64
440 49
654 247
565 634
192 308
969 425
585 814
532 993
151 711
846 325
359 30
514 204
32 74
10 102
311 388
391 652
376 974
165 474
302 224
54 49
339 932
446 721
946 192
586 379
668 268
1 736
715 663
944 969
895 811
361 741
704 523
982 886
56 363
215 503
94 899
629 761
679 736
68 117
251 183
827 148
160 387
951 842
27 774
799 809
996 166
847 851
910 751
216 217
311 814
707 378
834 737
739 492
413 415
820 664
924 841
288 106
45 221
580 802
413 334
499 673
240 398
794 839
35 584
259 54
931 332
322 348
123 657
129 868
478 293
772 46
73 921
284 170
331 161
51 284
985 800
207 200
240 345
785 517
761 309
719 887
954 275
212 675
127 224
18 921
737 710
200 315
929 386
906 245
453 599
907 285
855 617
627 620
332 938
343 107
63 584
342 532
593 773
472 167
840 326
78 639
933 489
59 220
42 220
358 494
303 410
677 260
741 396
801 636
963 405
309 748
82 997
408 396
465 362
232 149
849 237
915 637
776 439
684 350
106 776
780 40
562 947
598 804
541 319
878 417
375 478
25 689
386 231
239 275
994 140
56 355
792 191
110 626
108 328
679 68
33 7
37 212
559 736
583 226
670 35
432 370
594 498
740 999
392 379
581 511
982 530
968 590
158 463
795 929
163 475
355 64
176 509
927 586
912 113
153 821
189 222
168 334
556 499
634 2
501 287
207 862
756 94
467 592
387 645
530 167
820 689
131 831
876 260
207 979
666 896
61 805
538 958
691 890
430 183
915 841
472 127
950 778
456 925
987 554
857 643
296 948
80 189
58 473
569 543
768 844
148 830
428 648
490 787
937 714
749 412
340 469
392 416
113 573
122 786
930 585
587 952
43 557
787 596
814 547
99 651
779 866
862 685
70 185
58 658
21 504
220 999
698 831
635 291
348 842
149 114
99 547
770 537
596 472
520 559
581 547
816 701
458 248
799 876
713 733
650 988
895 920
260 965
389 985
62 567
299 576
565 923
980 499
432 752
569 212
919 31
15 708
332 929
915 26
571 606
847 647
542 86
66 647
830 136
544 77
686 472
222 902
238 241
456 366
757 254
65 239
373 898
343 576
516 476
228 46
983 9
660 472
558 830
26 667
347 226
386 192
313 619
837 10
66 599
129 245
924 265
446 42
288 817
463 194
286 634
520 332
513 928
839 53
304 617
818 587
875 857
524 570
241 93
21 445
461 456
715 99
399 126
246 957
705 998
464 81
720 66
102 905
343 679
610 74
46 921
662 548
611 574
518 999
263 640
751 78
237 944
541 520
130 528
24 736
572 886
198 364
398 961
873 127
97 499
914 747
612 659
995 434
39 439
424 49
726 736
136 100
140 838
775 563
598 45
798 710
259 531
465 605
114 424
519 307
120 612
931 513
956 517
674 214
723 736
502 365
172 890
281 849
771 347
781 469
22 740
914 55
150 337
250 306
961 864
123 564
970 746
589 769
206 829
882 831
5 166
838 259
417 169
221 592
109 680
159 61
888 399
734 164
618 665
260 764
481 883
539 356
814 514
153 85
481 697
170 97
541 548
881 658
607 179
221 321
907 22
866 810
22 265
464 862
748 355
805 127
363 88
772 983
161 176
912 923
913 544
450 496
515 461
93 736
56 731
117 931
904 712
119 870
539 41
691 907
247 760
656 534
361 290
129 687
537 233
373 209
116 934
263 854
56 117
3 606
320 226
86 542
226 771
926 538
97 777
40 963
944 479
747 856
43 971
415 145
347 191
235 386
792 530
860 299
96 517
475 778
648 665
663 509
977 369
277 736
257 483
838 366
925 685
544 657
80 166
1000 249
845 774
133 131
561 95
583 320
384 358
265 401
411 989
140 186
219 234
597 729
824 565
866 127
890 805
409 152
276 6
856 176
301 611
857 942
539 841
996 417
213 855
611 219
38 142
93 781
233 892
137 979
262 640
51 710
187 656
433 482
274 725
362 641
174 266
805 224
840 23
806 746
264 524
71 125
418 76
697 961
745 512
926 532
896 213
747 368
735 325
212 573
980 217
331 983
447 716
142 736
958 29
749 528
985 131
255 993
515 409
645 687
883 277
440 224
991 975
232 226
172 736
342 311
505 330
48 366
115 258
677 272
169 590
50 23
834 673
143 969
525 917
964 689
166 921
740 822
229 84
673 834
381 61
607 459
982 732
271 265
626 971
983 277
288 672
752 322
425 42
425 719
352 392
198 655
276 229
870 331
96 700
931 541
996 878
764 576
273 206
295 642
21 174
522 655
725 283
75 856
283 287
841 924
491 269
275 374
148 501
217 319
886 135
46 319
26 93
267 779
446 630
983 275
815 430
736 472
902 921
907 518
610 690
958 149
292 116
823 858
36 556
204 582
601 211
96 574
804 767
436 853
972 877
689 277
875 236
194 323
232 490
16 530
220 969
549 939
32 267
139 407
273 346
966 608
243 486
417 983
553 549
907 691
829 969
413 913
775 353
410 62
848 165
424 347
615 592
160 40
52 27
694 5
942 779
193 991
716 515
841 479
729 695
493 666
381 925
95 784
288 414
598 489
262 808
332 520
429 607
102 848
162 348
112 23
12 95
634 50
604 599
323 951
55 75
237 707
439 145
185 77
284 798
833 162
177 575
860 983
934 530
836 15
823 507
366 586
791 99
805 882
681 260
278 503
123 843
804 718
647 394
311 637
163 68
438 899
17 835
647 87
286 711
334 803
843 495
56 377
946 171
445 467
668 984
403 24
691 311
701 722
898 667
88 831
106 426
108 69
723 741
604 372
747 825
424 25
860 107
481 717
995 447
170 948
280 187
368 734
398 9
792 224
157 373
497 81
50 736
58 564
71 594
266 445
342 919
217 252
187 391
138 57
52 647
631 155
962 820
240 337
162 389
162 792
95 149
844 521
632 799
67 415
754 131
544 807
701 305
786 781
191 842
157 264
212 565
961 49
769 720
637 673
719 469
480 959
150 777
157 686
559 513
302 48
328 763
932 290
887 685
464 932
548 132
656 916
342 537
444 363
930 768
517 219
734 158
170 178
649 991
346 736
468 50
513 752
781 887
533 530
550 389
783 354
535 649
457 494
260 684
784 66
909 79
86 116
742 462
308 983
181 595
610 838
175 804
476 216
270 499
620 774
690 441
248 269
207 723
802 141
969 224
416 927
29 968
856 437
831 131
992 87
448 401
924 985
42 137
281 361
348 127
736 959
135 302
673 270
200 9
663 908
559 928
977 301
12 596
804 99
516 560
878 996
638 867
102 50
10 421
684 559
599 831
860 321
766 983
980 491
497 255
581 49
751 998
748 669
348 464
11 239
187 916
107 677
22 271
978 199
477 197
885 681
968 814
115 575
260 403
786 831
149 964
681 799
961 315
799 350
288 168
449 760
1 569
632 921
715 772
552 611
362 736
629 182
997 801
927 719
934 131
75 914
201 497
670 758
322 290
997 581
369 63
736 732
132 662
358 774
463 62
365 289
636 887
32 942
139 760
347 161
323 227
412 986
992 242
614 318
453 108
689 31
908 677
82 355
204 550
984 674
932 993
710 434
866 238
676 615
346 387
319 624
477 184
293 832
913 776
837 151
179 699
195 163
714 494
274 336
655 148
441 98
321 804
176 719
40 639
421 631
114 149
387 465
360 310
221 391
19 844
717 969
47 178
246 474
500 696
65 481
817 246
361 9
408 440
911 465
346 780
390 73
300 793
908 480
856 914
417 873
509 352
534 455
390 545
86 52
957 960
733 525
298 154
628 15
322 81
406 610
277 408
894 340
15 798
750 743
508 804
928 481
786 814
576 324
624 385
739 763
269 428
790 907
736 432
779 428
84 616
944 159
514 159
789 726
581 509
168 4
236 470
234 574
63 330
608 985
918 259
169 968
715 726
384 533
868 337
162 191
412 208
683 18
574 989
329 891
618 815
803 793
470 660
558 409
552 977
372 92
364 287
996 873
740 131
366 127
195 446
25 547
144 640
468 395
827 389
197 604
788 705
49 970
547 985
944 511
957 724
6 776
282 314
549 812
970 408
238 736
679 350
330 930
88 698
932 547
674 645
369 562
193 216
482 481
786 723
331 890
982 131
781 302
97 537
401 265
787 161
715 172
872 657
426 824
56 982
319 831
81 644
517 563
431 449
88 982
763 159
401 209
103 725
831 224
525 733
77 16
470 537
697 321
41 88
38 247
515 434
224 831
121 313
871 543
684 260
271 691
922 428
836 326
685 392
136 557
699 946
820 907
372 720
255 81
902 222
576 350
825 27
376 566
623 681
18 879
939 269
947 311
587 279
311 890
857 143
356 841
42 586
375 100
770 470
219 603
122 958
830 315
469 887
104 551
580 311
670 867
786 842
122 823
337 570
154 399
149 561
498 814
318 215
381 805
262 745
132 139
938 931
498 459
220 384
218 180
361 127
189 996
637 296
172 384
575 130
135 377
89 692
56 755
820 31
728 224
271 740
356 924
956 218
921 189
190 720
492 978
877 384
190 396
194 463
300 977
772 88
447 8
349 743
980 818
670 916
676 391
30 527
404 463
619 758
933 101
396 54
10 675
402 143
581 890
198 103
452 45
554 945
19 562
285 592
556 131
762 498
740 54
541 873
630 950
195 435
466 584
717 697
69 862
351 230
778 442
419 795
852 230
731 379
72 506
106 460
969 87
252 560
563 219
541 419
588 614
574 562
756 453
519 427
226 41
532 122
552 785
938 928
740 696
427 212
460 145
492 599
733 713
146 399
811 60
685 511
402 948
112 384
391 201
118 979
674 893
338 394
5 29
919 29
790 736
101 280
42 384
488 796
190 774
479 944
156 175
471 736
498 680
836 44
159 805
357 675
844 746
239 831
932 842
580 418
397 148
876 684
736 877
452 187
862 985
700 552
614 488
852 988
501 733
397 336
769 549
403 350
97 326
733 287
83 736
230 703
171 541
577 378
946 791
7 68
883 636
470 892
39 4
770 637
409 254
60 688
143 435
311 266
145 414
797 175
61 381
876 632
155 675
375 14
79 20
538 311
783 588
733 56
685 925
847 572
88 886
463 277
914 404
866 779
285 697
81 999
70 571
204 862
539 265
241 924
368 530
449 385
271 348
344 958
904 997
317 529
672 84
798 637
933 652
163 768
854 433
654 555
218 999
583 105
11 970
435 380
486 445
605 40
425 882
894 797
700 19
313 380
771 964
339 544
29 722
150 874
7 794
302 133
665 92
844 698
908 715
984 235
328 108
599 184
893 129
561 114
133 127
154 140
487 865
306 646
368 156
822 254
6 276
56 890
311 844
189 590
869 916
900 423
472 982
908 840
14 431
959 845
482 355
829 654
700 563
971 558
217 709
581 352
659 127
391 497
875 779
715 844
369 218
347 25
593 395
969 384
279 738
426 122
736 48
62 688
484 791
833 257
152 375
426 106
999 384
105 384
961 361
496 976
904 827
996 791
118 408
479 42
632 965
532 787
355 173
648 823
468 124
285 319
19 956
523 185
429 225
36 170
143 866
739 847
634 113
36 770
800 698
974 527
885 876
851 714
134 833
583 435
976 742
707 831
940 638
727 822
5 919
526 447
922 491
546 444
547 384
180 740
989 180
412 941
524 984
268 160
5 538
611 785
4 168
525 522
772 261
585 7
661 530
180 621
25 490
950 384
736 659
347 424
506 813
861 294
576 166
356 883
41 319
832 974
648 636
422 677
943 263
844 319
695 65
404 223
965 809
471 552
892 834
902 15
239 285
4 300
545 699
969 479
41 736
953 884
386 786
103 148
802 736
981 6
355 1000
869 880
694 919
813 896
630 768
241 356
772 703
772 590
302 586
433 22
772 515
785 219
881 635
787 820
547 862
581 934
169 873
663 970
868 353
205 736
58 433
695 778
76 751
219 930
380 762
660 440
711 957
261 377
230 316
745 635
908 775
328 899
786 81
117 429
1 824
241 638
353 605
640 138
161 598
702 340
929 541
100 469
508 452
893 865
815 493
739 586
834 233
108 204
236 983
326 844
451 381
444 530
241 401
722 975
271 417
891 360
849 38
997 274
620 296
515 159
388 723
158 404
478 765
367 571
599 763
397 983
323 841
552 693
436 243
867 340
708 620
652 767
733 274
60 139
371 169
928 917
255 290
261 602
228 282
386 500
389 494
971 156
135 638
20 406
842 181
740 691
292 937
673 97
277 883
16 144
588 845
258 74
958 344
857 875
805 381
201 221
895 110
698 137
359 34
464 993
1000 91
330 485
461 595
265 319
557 600
114 596
747 285
99 461
989 471
388 786
80 590
107 876
76 78
997 198
135 131
270 836
518 907
32 46
896 458
205 775
864 93
3000 9993
76 873
1028 20
1833 938
2114 1691
1918 775
897 2814
557 1967
1269 1130
2973 2
2657 2727
1236 2043
2516 880
1494 2853
2135 2228
670 2671
2116 880
503 830
2834 1107
33 1169
1615 2197
1338 303
2641 1451
2971 2601
2469 1042
2775 1115
1325 2934
2516 2725
1417 284
807 2494
2179 2507
293 367
1654 2040
2112 248
332 1022
837 2907
88 2230
617 1022
1199 1422
2769 1746
2777 450
2151 585
1286 469
2963 1489
1737 2227
220 896
1215 2988
1524 1529
446 2574
667 2524
1412 1163
440 2870
1293 2479
2630 2816
1060 1103
1456 1144
1817 1243
252 188
2163 2695
1243 940
2952 640
1764 499
1094 251
781 2232
2992 633
1771 2131
1524 1185
1144 661
311 1734
1048 1059
942 917
952 1029
1599 1691
2568 1226
2803 708
2224 2339
2239 2546
2093 1488
2618 1204
2722 689
1405 923
1041 2672
433 2915
460 2720
523 1841
2227 1335
1920 2166
1010 290
1197 1182
943 1480
120 1706
707 1302
2631 91
660 902
560 763
560 689
1614 2079
14 2999
539 2990
2228 1428
1315 2302
2155 1983
1756 1629
2496 1098
630 782
559 142
1070 946
2852 1429
576 1117
691 682
2368 150
14 2706
1455 2826
554 903
845 2807
2608 1791
2317 2337
1008 56
2019 2675
2358 1777
374 2959
1681 2539
347 2158
975 1528
2193 1709
1288 195
2993 1819
1209 1950
207 2641
133 2351
597 803
923 1405
1913 2780
712 113
1448 2265
1833 1025
1761 576
106 1704
2940 1524
2146 1022
2878 1440
2195 2090
166 720
1325 786
742 1173
1164 117
434 1019
2266 2105
563 177
2682 981
414 2134
1631 2711
645 984
1215 257
1497 1280
2629 2929
1918 1689
2125 1231
2195 2361
1786 236
2701 2967
81 1810
2661 208
1650 1741
1985 290
258 2244
2445 150
1330 2358
1180 2287
2319 1448
2137 1224
586 1598
1182 1184
2598 945
1903 37
2280 1908
89 2984
1949 1904
430 2073
1326 2062
2171 1248
315 606
1864 2509
27 125
2674 917
2902 2517
1978 1039
661 990
245 173
1414 341
523 2538
1858 2274
1567 572
2933 2059
469 1286
2120 1170
1480 1008
2663 222
2640 2150
2955 2664
2772 2785
2934 2318
868 931
1326 1481
1268 2237
250 2656
434 2155
2778 117
212 387
1001 2209
2095 27
1813 2091
1182 2719
937 2513
176 1438
2355 741
2952 1538
545 2713
2715 2221
2898 631
2328 312
2649 1780
402 475
1972 2823
1163 2543
1522 2926
544 1995
881 1101
1571 2252
1753 818
2406 561
1525 949
1385 1136
1525 602
2208 1626
1518 844
595 2108
1619 2451
1674 1515
627 1403
504 2649
2469 554
2842 338
690 2511
1743 1835
1151 2079
1492 971
1646 2643
1421 2375
2346 1248
1958 1937
621 103
1207 2678
1877 1790
1276 601
128 870
522 692
2498 1296
837 311
1080 622
425 1559
2765 1794
671 2800
2171 1823
2418 1700
1823 1248
2194 1232
2286 949
1051 1419
1262 756
1859 2454
539 1029
2211 2588
2997 795
2016 2291
316 1738
672 245
2174 1690
35 2599
1256 899
896 630
2470 1417
2066 1308
1254 2303
1047 935
2713 2918
2785 1462
971 1294
883 2661
970 1865
2622 2975
436 175
2001 2281
2185 1337
943 2749
1267 1647
2970 1115
10 732
488 2141
2692 1795
1762 2670
1335 677
2572 769
2205 1153
1750 2276
1651 1426
1558 896
494 401
1862 2481
63 2463
757 803
1451 1762
1137 2223
312 1249
128 2181
1382 1777
1102 1171
2899 1262
1308 1816
1927 1685
1476 1080
883 1558
1133 1101
2855 2690
1678 2296
1658 2416
1886 2873
1987 220
2923 1599
595 9
2194 2701
2990 1029
198 2575
157 502
13 432
2728 2911
2608 1541
1449 370
1714 368
1161 2087
1043 2014
2263 1635
807 79
1333 821
1350 123
1622 1868
2119 246
1399 2825
2603 1047
759 875
415 332
2382 588
1103 896
2192 2604
487 1347
288 176
2427 63
237 2112
1689 1918
334 1058
2589 534
1989 32
2816 826
2880 1658
2474 2526
1482 326
1774 620
2488 242
1078 184
1868 2746
2142 2293
1799 2981
1826 847
2943 2809
1978 272
1511 717
1440 1122
621 1151
1061 1049
713 1541
832 1115
2335 2294
2235 2179
1098 266
880 1959
1767 2625
1510 815
2445 2924
871 1173
2499 1751
1063 50
1166 1864
1871 1272
2462 2199
613 1869
848 1761
1391 601
1190 382
2125 1848
1374 178
1004 838
1241 713
830 2245
448 2936
2010 2634
1314 2055
1835 1257
540 1807
537 2763
521 271
1634 1766
2262 904
162 435
703 1196
2939 1266
2828 1561
1730 2748
2961 86
97 2949
2369 23
2478 574
1047 75
2544 2411
245 2130
1178 1455
2367 1977
2036 2463
628 807
1760 304
378 288
2682 966
238 63
1316 2744
2140 1151
881 2107
1910 1033
471 889
1948 1268
1666 456
440 2407
189 2487
344 2800
1539 602
2096 674
1096 413
2381 279
2707 2066
141 2724
2124 1286
2531 2080
1344 600
2986 1240
1332 1127
2477 1034
880 1477
1792 2606
1093 13
2211 2134
2663 1767
1517 1542
875 2988
2597 1643
637 386
557 574
1717 2460
1961 1155
2660 2466
1784 2398
2685 2626
111 1366
2623 2493
725 687
2867 2933
77 2368
607 2740
842 1458
2834 2900
87 433
2921 997
1793 338
691 78
1335 1944
1421 806
2727 74
470 1775
793 2640
1194 357
2820 549
806 53
272 1363
39 2830
2519 1060
115 2845
2898 1931
1146 785
2707 1436
2688 2068
1634 2651
2329 554
2238 2601
1632 2464
1671 1728
767 657
896 461
1389 2426
1634 1326
2304 337
777 769
2081 2941
982 2603
2353 214
1470 511
1764 2351
780 2637
74 2414
723 174
1452 432
547 78
2091 1730
1586 897
1360 2801
2013 2736
2157 1485
858 173
1921 1591
2711 750
1192 1783
183 2027
2279 822
2411 1684
1347 1534
1610 1526
655 1634
2302 736
1538 352
163 2151
668 2506
2771 259
2995 1699
348 1160
3000 1198
2916 2125
1101 2005
1820 2117
460 1311
1268 1128
46 86
957 2011
2743 2447
2306 164
2122 2796
1624 1184
2516 400
2893 1654
551 653
924 1777
2967 1286
896 2583
2666 22
1488 2724
1665 1009
1083 1493
1970 1723
2926 1566
1114 787
90 2223
14 875
1204 1310
461 1155
1233 1696
1549 1618
293 2506
1987 1218
1960 2248
602 2460
29 2614
224 2020
2350 254
721 804
2480 1190
493 1441
612 2129
1802 708
2366 242
321 1041
2464 1753
499 1982
1119 934
297 2883
823 1604
1352 1116
2482 837
1536 1034
238 2463
1618 1695
2982 1786
2547 865
2080 1775
21 2630
1525 2539
2198 2857
1853 2484
129 1763
1884 1554
137 131
872 627
2355 2299
839 1111
2841 261
636 386
1494 105
322 2850
322 1270
389 1885
357 1510
2885 2769
1858 1306
1012 2793
20 697
1828 2921
1696 1389
1811 1692
2035 805
740 630
2852 2043
1835 2751
2231 1955
2976 140
762 1458
270 1971
697 2692
2887 650
209 1852
252 2043
570 2573
86 704
1213 2962
791 2619
1257 2604
955 524
680 2417
2162 1402
1746 1492
969 2974
2443 974
994 2048
2095 925
2692 212
1092 1435
2133 133
1010 1059
2864 2103
1945 492
1242 2662
1646 1816
108 491
713 556
1081 2720
159 666
2300 814
2211 1910
1145 468
573 2764
804 2290
681 1542
2867 1540
2828 684
11 2986
2926 2644
2516 1888
1911 377
2622 946
510 2822
1888 1522
2379 2694
771 2548
1505 1121
798 1090
196 2263
1854 660
2824 1828
2798 2167
1969 2388
2491 168
1491 2737
1794 1851
2809 1601
118 854
2406 490
1035 2503
2100 1952
1411 643
2875 1543
630 532
278 2237
2650 1762
1478 2217
2327 2209
2613 2436
2783 411
2249 2864
1531 2500
2900 2066
2166 1042
694 632
2213 214
1194 2639
545 634
760 680
337 2850
133 1758
2729 320
1314 1025
1461 117
768 1881
722 423
1787 2679
1491 653
2845 329
1372 284
1074 2622
1364 1912
416 1120
339 137
1544 2051
1318 467
879 2518
770 1261
2377 218
2342 1461
2965 1082
870 2
523 321
714 2630
126 2114
2589 1280
2218 2292
1305 1848
1647 2967
1478 1345
532 1582
1990 1960
2905 629
2488 2826
896 1987
2730 2221
2004 1384
1382 532
1466 331
2856 2262
1241 1724
657 876
2788 2843
288 1305
1705 2702
129 1088
1310 179
950 1576
176 1018
2699 1622
990 640
1068 598
517 2976
448 1946
246 2044
616 2338
814 2609
1153 1526
2650 1557
1545 1528
1309 1259
349 183
1133 2193
1265 1119
1670 2182
1941 1721
404 2181
823 2917
63 2056
181 2191
1548 1863
1868 2711
796 2829
2507 1530
2021 1662
439 1650
2859 2098
219 1894
2735 230
2279 971
2220 2257
906 2191
2544 2791
383 1898
2553 2958
2919 2114
2073 1535
2714 2946
263 1615
1126 2108
884 631
442 1524
1239 2581
1585 1797
1086 167
2929 290
2428 2498
622 1080
2641 481
1215 1691
304 2790
2284 100
2028 510
1668 2222
1628 2976
403 564
2921 2040
778 2216
1266 1618
2987 2072
2954 2364
586 2211
2364 495
467 1627
1726 1219
2055 2304
1312 2424
1034 1144
995 1405
1957 2034
2391 1810
82 253
1902 2784
2463 1469
2554 1826
1186 2779
1501 1409
311 1889
2191 1273
944 1323
2132 403
549 2547
2865 2106
1841 2524
129 591
2852 2334
1796 434
1076 660
2237 1497
2802 648
632 694
178 1689
659 1916
2529 1837
86 807
2393 2169
1974 977
2198 126
1261 1803
1988 2235
2677 1419
136 2538
2809 1003
2269 2444
1475 1691
1234 1843
1393 2041
654 2020
333 1002
965 1685
1118 349
586 414
1177 557
2764 1442
1712 1354
2477 2380
2012 1399
81 2477
2251 41
1746 1651
962 713
1351 2979
2788 1806
2697 1056
1225 2583
1312 2966
2069 2951
1945 665
2466 1075
2679 187
1094 2993
1235 2809
2811 254
2884 2322
2212 272
2054 111
1696 2114
2133 1561
2370 2152
1858 2963
2989 2793
577 407
1474 2611
429 138
2267 576
1051 405
2847 2045
1714 456
2248 248
2883 611
2622 1849
2391 1377
1103 2862
2635 79
176 2755
1698 2672
1243 44
1576 2813
2021 1974
747 1384
395 1701
1773 1063
1082 179
2711 2746
2292 1048
1473 1731
218 43
249 60
1891 678
565 725
2520 2767
2391 1357
1691 1025
1401 530
2271 2065
1223 550
1175 801
2229 1781
1924 2514
1909 1777
2982 1852
1718 2749
2855 2829
244 490
94 609
2176 51
2416 411
1743 2530
1162 2314
2246 78
2338 2751
2621 2274
346 648
110 2165
1653 42
1829 2735
2746 2699
862 1485
1342 327
2976 517
1183 246
2972 2818
922 2210
1875 1716
2264 1075
2441 274
1752 2063
2019 1080
996 512
2155 617
379 850
1957 2641
2873 2847
1685 870
2546 1552
911 480
1981 2770
1490 2778
1003 2900
1497 1268
2372 1618
2906 2574
133 1909
976 1877
2884 2161
755 2824
89 2496
2009 1685
388 242
1464 1758
2969 2677
927 1403
1258 537
1557 2064
1442 1107
198 2212
2321 2839
2477 1719
1644 1748
2013 1580
2322 1685
757 238
619 1158
1339 1582
879 2983
2818 1142
1863 174
1815 1174
471 1451
1807 2171
460 1555
2406 2748
608 2770
66 1649
2112 2220
2286 101
2260 2761
46 2535
2281 2159
1735 730
1685 2412
339 2770
2040 1297
1564 1107
1258 1073
1272 1487
2614 526
2615 718
1435 258
1821 1102
1531 1147
1971 862
2124 1232
716 932
741 172
2817 173
843 2139
1 2997
1645 2246
1353 1530
1169 203
478 2265
1137 669
2057 1376
1193 1093
2114 2657
1013 1409
2782 431
947 1991
2169 587
2926 1534
934 1433
2773 2147
2890 90
2631 1547
987 580
1287 2941
2596 1939
985 644
1224 1149
600 1971
2777 2341
559 942
1992 2742
2702 633
35 1549
2993 1383
1019 2087
255 1102
1898 745
2711 1868
2552 1182
1978 2483
1024 2079
2459 2879
2404 2379
2308 1941
2816 312
2895 2727
36 2308
2875 2176
2953 971
149 412
2327 1996
2918 938
2013 1501
942 2646
2133 2944
2388 2751
2424 1423
2981 1391
2449 2954
268 2403
2494 1897
1879 783
961 545
676 2997
916 1125
2042 1219
1558 2386
1691 138
2641 2266
2073 1370
135 211
841 2657
72 639
2202 966
2306 980
2372 2181
1321 469
2851 2903
172 1572
967 2071
744 2119
1323 1978
243 961
117 2901
642 510
912 869
920 1622
22 1400
2679 1177
373 396
651 2060
2009 86
2596 744
2318 1989
2303 921
147 540
2391 2024
1391 1056
132 1810
1915 1557
1186 2198
1068 537
2629 410
721 1373
1470 2364
1985 170
1075 55
1119 1987
2386 2699
2701 2338
2589 1709
1763 215
2363 2204
2011 2767
1302 1798
2017 1699
932 2894
1884 2197
1743 2338
524 2915
1570 2332
569 602
718 2565
582 1578
527 580
160 602
1078 1029
1890 2642
1756 898
2424 897
1277 2907
1278 2803
2564 2673
1433 2784
830 677
1150 1018
1664 2192
2885 2451
2409 2114
2619 142
2606 620
911 1333
2382 1968
2758 632
1106 1265
563 1029
2094 1269
2149 2922
2463 2251
265 1448
483 683
1715 1230
1614 209
2154 160
528 706
706 754
1930 116
1132 564
2982 1607
2836 988
1581 906
2625 1397
2574 2196
2100 1187
1418 1758
2817 2937
1763 2726
1708 1295
1268 1709
1357 1810
1748 2156
1593 978
2817 237
138 2990
1208 1114
2265 1277
2057 1906
983 208
468 1365
839 809
499 133
615 2070
426 920
2258 1424
1648 394
2458 949
863 2859
2596 2352
424 141
1755 2461
1429 804
1983 2279
2035 245
2788 81
2512 820
2348 2838
260 529
2918 704
2690 1183
2648 1982
1628 1792
1340 2069
1524 670
1975 514
1938 2771
2002 652
1894 1253
240 2480
1634 450
2931 2053
325 649
150 1308
1464 684
2360 1702
2409 637
1263 1430
112 1793
2083 1407
658 1561
1184 1101
1248 1646
258 2915
2565 1720
1828 2104
2567 1891
1821 7
86 1170
2873 1484
2275 2394
748 745
2320 1022
894 2208
2754 1362
2668 547
1280 412
2765 354
114 1885
1021 1476
1122 267
2578 281
1045 1757
2489 1163
252 577
1611 76
103 983
90 1885
1630 1434
65 1875
2167 2144
2937 1252
1596 503
2592 2729
411 242
1783 215
2026 2052
667 2396
2933 681
1781 2796
2008 655
705 2126
1613 2976
1477 769
668 1155
2193 539
2852 1753
1436 936
1815 1974
2200 1358
1327 1274
2069 831
1391 2525
1390 1260
453 647
1479 1590
609 805
872 1081
108 1079
2145 513
523 573
1885 1997
2924 489
146 1786
251 2776
2087 2765
2417 1976
925 86
427 657
1979 2343
2489 598
2110 846
2426 2223
1431 2666
466 776
1513 1243
2807 174
2181 1948
1409 790
1129 1272
1002 2129
213 1820
1613 1451
2069 785
1002 2572
1946 95
2943 507
1811 2423
2066 437
966 2964
635 201
693 2770
2753 670
1318 1310
1213 1248
514 1297
2857 1821
165 1251
49 32
2598 2939
1686 449
1900 1105
1651 822
532 1215
337 1522
2698 81
515 1517
2144 1067
2587 1580
856 1882
2258 474
514 2160
359 418
2162 1576
1634 34
2611 1731
1116 961
2695 343
2312 2050
1616 1802
2302 1093
16 2241
1760 388
326 1104
469 2388
1785 226
2675 1923
1298 422
1210 1615
2322 2884
1886 1680
44 1104
35 164
1093 1833
238 351
1286 1664
1342 1075
900 2543
2260 2129
2239 885
1718 1050
1544 2756
2218 2657
231 2466
83 2198
829 953
63 643
307 2977
2545 1193
497 1213
502 196
937 305
1560 740
846 2379
1791 2230
2532 1433
1362 2923
1913 417
2520 1054
1933 1501
1798 2475
222 2990
2819 228
1487 2959
655 1417
1267 1835
2433 1142
1846 2837
44 33
456 1267
445 551
1634 2254
2835 2096
1129 260
2949 1601
1736 1008
2994 717
989 2326
1308 1709
2789 1107
998 174
227 2615
766 1372
122 504
1469 2077
244 459
2128 565
715 550
1338 1478
1758 278
2910 2393
1254 597
128 2209
236 1838
41 1645
340 648
653 2812
480 1182
2122 1871
1032 613
1395 192
2025 2678
2445 450
2386 1125
1549 1322
698 2299
552 835
2326 621
921 2833
2821 2812
2426 2412
2755 1500
958 2683
1324 2754
2637 617
1975 590
2658 2882
1733 1454
1916 1596
2127 291
81 400
1553 1946
90 112
2507 286
844 1318
272 1323
1340 2660
826 874
1284 2702
2427 1211
1832 1145
965 2863
819 1442
1749 1473
55 231
1212 1688
2284 2546
1719 2040
2770 1371
2250 1219
704 497
1876 2225
2126 457
2065 2357
947 2999
883 989
1881 2534
2188 2118
2894 189
222 454
1703 1293
826 2667
1585 2137
1297 2972
2417 2314
351 928
1252 210
943 80
1150 2317
1903 158
2712 1297
2548 198
1954 2320
40 2631
2585 2182
1591 1025
2834 1928
1504 2411
60 1794
1419 80
2571 1539
1616 2928
2206 138
1997 353
1117 2913
630 806
1709 2443
1698 1076
844 2101
1220 1422
73 1401
1173 204
1243 2167
1233 2027
2536 2377
677 348
2007 2902
2490 49
2745 2551
670 1688
1470 2528
2597 2509
461 1442
647 327
1680 366
48 1343
2826 2366
1226 1551
823 2999
1422 664
646 2694
713 119
2704 2514
474 2228
2972 204
1506 2504
885 1294
2293 328
2492 1213
313 1608
971 2721
812 2756
917 2419
985 696
86 1528
2254 2070
41 2879
1207 2082
1108 2109
2772 2114
29 2592
107 840
2972 1261
110 2990
1914 2944
2221 1157
1851 1465
1504 2727
2952 545
131 1024
628 421
1353 1669
1923 1942
412 1604
2895 2274
921 1625
2847 1886
2245 799
2226 1812
2187 1546
2282 485
593 1479
2416 1235
1346 2478
1465 2104
2921 1382
1694 325
1087 121
2557 611
1302 151
413 2659
963 57
1142 2570
2763 389
1404 2430
1697 425
1607 1390
2357 506
1415 2539
1991 2565
586 608
81 661
2948 1412
1047 922
2708 423
2296 1029
2958 2037
1315 2018
2602 2428
1621 1423
1436 455
1609 1534
2884 999
744 2099
1961 505
2258 2670
1538 243
646 2379
2519 1877
1746 454
2134 479
2701 2192
1906 1107
2436 1110
746 918
864 2362
500 2809
1548 1886
796 1953
732 160
711 670
525 2286
2380 1797
211 363
1207 1386
2659 167
532 2589
876 2506
1116 1687
2161 131
1097 2007
819 2713
1989 2153
245 13
607 2149
2548 2568
1736 117
1961 2229
1884 1312
452 2861
2816 1717
93 701
2024 1521
94 86
410 1915
23 676
1182 1330
2347 2385
989 68
1608 2127
1192 2141
1811 1223
102 1925
2324 1133
1818 2289
600 1145
2918 819
1777 2441
2837 1942
239 1617
2507 670
937 2445
2610 1563
977 1423
834 2351
2217 1317
1978 2925
1336 2312
2384 506
1204 511
1776 2474
1939 2891
1163 65
2713 2181
2266 481
1655 2516
469 2694
1977 2910
1038 703
496 1344
1544 2781
1427 1002
372 1471
356 1195
2375 2936
221 1871
955 1288
579 2794
1883 1941
2353 676
912 2950
173 1128
636 2908
1588 1609
938 1029
367 247
1545 2443
1511 2677
2291 2156
987 156
2834 2962
1401 1475
28 702
2677 2501
2599 583
2120 539
2397 1291
390 1482
1446 1542
2575 127
2871 2363
1959 1954
1821 1591
2144 2994
741 792
252 1047
1537 2570
2836 1735
2842 455
2060 1625
17 1612
368 1046
792 2855
2487 121
390 468
422 94
1226 1323
517 1710
335 302
422 823
2928 1126
1887 1920
2872 683
1084 1834
2269 1059
1624 307
2337 631
616 2996
1680 1207
492 1217
1049 2605
2862 1453
2190 9
130 2771
1250 1239
2135 1515
2636 15
2525 2885
2414 1482
80 1211
119 2513
1467 1444
674 470
1670 2946
2374 2706
1064 1663
2410 1693
666 2931
1185 1002
933 1780
1534 2551
2265 837
2325 1334
1815 533
2890 643
535 1783
120 1246
2122 890
2971 1983
771 944
2719 1330
354 1285
119 1975
841 597
1453 1273
1281 2076
978 2302
2858 1817
318 2922
681 2574
2808 2133
2269 46
1889 2035
341 2817
2518 614
2457 760
1832 1489
229 474
207 566
457 744
1643 279
2113 1543
1912 2707
1266 2280
417 1964
2521 2302
2704 1581
273 2806
2579 1247
2107 150
779 531
1289 483
1014 1740
113 2242
1634 1357
1391 2885
2994 2698
1834 1548
2007 2592
1640 1105
2863 452
776 2930
2936 764
1993 834
1219 86
1540 2815
2798 2411
2649 583
2114 2066
1816 543
505 106
2918 161
88 436
1083 113
1315 1412
156 1927
145 1353
232 800
736 767
2850 1566
1583 1436
1785 2196
1469 2381
660 2238
414 1910
1308 412
2551 2239
2428 2576
305 1070
971 429
2790 542
1752 2069
292 1837
176 2916
1548 1207
2459 2381
2556 1251
709 1014
2358 1659
2550 226
2940 2671
1950 1841
2685 246
1332 1886
186 2525
830 949
1422 1027
140 2362
72 506
1161 1227
2062 2341
2096 2760
2920 321
2453 1547
2308 2218
722 1771
1904 1382
1921 1799
218 2753
1880 2318
2271 1011
2579 2253
448 1384
2070 2255
1154 854
232 2057
1300 282
2358 86
200 1974
1717 721
1222 1276
2405 245
1276 584
2109 1155
2667 1753
596 2109
643 2381
498 1104
2410 1881
1799 719
1614 2114
2649 419
905 109
2958 1194
2126 705
455 351
1967 1781
1263 562
2174 760
128 117
2019 544
378 2585
259 2280
1852 1482
738 960
2467 1939
203 1482
2711 2657
1982 540
2052 1772
476 2955
1517 1848
208 2516
472 593
952 539
2659 2906
482 2833
490 2495
1681 1292
2003 1198
1883 1277
1614 2616
2816 874
1752 2264
1101 399
2559 1328
1598 2812
1136 2296
873 2514
2603 1888
1293 1984
2731 1173
984 2291
975 1823
2573 2039
2098 132
1187 1485
2160 1716
1839 210
549 738
1671 935
2952 2114
2964 2673
2269 2798
1961 926
2391 2063
2066 2565
265 2828
2234 746
153 2072
1305 2755
2345 420
2745 1741
644 696
2518 2291
2002 1847
1065 798
1116 1402
1938 1853
2548 1226
101 1415
512 33
1958 307
822 399
1887 1374
1157 1957
1027 1810
538 2572
19 2202
384 948
760 2457
546 856
1666 1660
1320 336
2477 1406
205 1125
2040 997
649 1764
807 1145
2894 2964
2235 2377
1149 706
1495 2956
359 1623
2611 2881
1246 1392
1731 1139
2904 1068
2465 1291
2009 532
455 643
1443 1294
346 839
2657 1777
86 138
2648 1659
2507 1185
1487 966
1071 2816
1098 2029
2336 1631
2536 286
1067 99
105 2150
1699 869
318 732
1204 467
1126 2572
2777 150
407 2096
1970 2379
19 2150
2725 2924
614 770
203 1852
1658 2144
628 428
1219 117
2684 530
1608 1644
2911 2615
2801 395
976 2200
631 1517
381 1401
118 1449
840 2268
2066 2900
891 877
771 2347
1988 2536
2945 2167
977 1621
2697 1591
1866 1179
2739 1966
2172 1178
478 2440
2616 2567
1968 2621
1668 1963
2690 453
298 1637
1508 303
1365 1101
1492 344
422 289
2475 2877
1752 1075
2616 2783
1785 968
2043 714
919 711
991 892
573 2672
437 1280
1726 1910
2166 2968
2408 653
2238 1293
1222 2087
2224 1862
165 327
2133 2587
1247 372
1312 2419
2736 2719
1425 2331
566 2663
2577 2538
2228 2544
640 437
2483 2042
2534 957
882 337
1066 273
513 519
1066 464
2792 482
1636 2653
2247 2373
2276 1750
2247 2090
1330 307
1517 2196
2182 1231
2379 938
507 2826
1354 2103
2961 3
1107 74
2758 1734
1875 1027
874 2667
2823 970
514 119
734 1891
575 731
2298 1014
1599 2446
2187 453
1884 1058
461 220
1014 2492
129 269
1213 1778
1440 1434
2043 1513
2840 406
2476 608
1233 1799
2961 1379
749 967
1118 1779
2987 2579
1790 2919
1492 222
1710 845
2526 2274
1627 386
2702 203
2046 479
711 2591
2400 524
10 1381
2820 673
1984 881
1580 2944
1501 2081
556 2101
2061 508
2204 153
2763 2657
2552 1347
2806 1474
103 621
2077 41
734 2725
1294 1522
1229 626
307 2133
2354 2589
592 2295
1050 188
448 2004
2463 1360
513 2713
2159 1907
1473 266
1273 2142
2904 2120
2322 2533
2967 1597
393 172
915 2657
1635 157
2985 1983
704 1713
734 2533
932 2679
2585 2317
2257 2664
2698 2477
612 1526
2791 2434
1409 2203
938 1816
33 2414
2209 463
2386 103
2801 2246
2181 2372
2555 1378
1022 1465
1796 2637
1229 2914
1869 2074
1536 824
2636 2154
993 2625
512 74
289 1538
545 2990
786 2932
920 902
85 2033
9 595
2759 2520
719 2145
13 2324
377 1098
1532 906
1755 1608
2321 2355
680 1811
756 622
2260 286
2994 41
672 13
173 14
248 832
713 467
1789 1544
2183 2785
573 2920
2144 2535
405 1389
2516 2114
2323 2034
1381 1707
2054 2417
1412 1355
718 1720
896 2826
2842 2173
1398 1574
2825 1492
467 2722
552 1207
819 601
60 1747
1837 2360
1232 1666
570 86
2785 1943
1977 1789
200 917
2416 86
2947 2311
476 1233
1240 923
2945 1965
2755 2317
1174 794
26 8
1309 1286
1800 2055
325 2992
1008 1565
2653 2485
1853 2767
369 1544
1090 1248
437 1604
1962 2149
2260 1570
1390 75
1898 612
34 2648
1627 370
1071 1753
772 286
2438 872
2273 2559
2103 520
1027 2009
2483 2114
2143 1770
2797 1601
1278 2025
755 258
978 86
863 2343
2457 550
1306 567
189 2839
1716 590
1716 733
204 1261
2679 2906
1701 2298
2758 1302
111 2779
360 2492
1035 1806
2760 2276
337 2401
2955 1810
1936 620
686 2898
2264 2262
1098 650
2086 87
2474 1145
217 206
463 2751
936 389
1562 315
1398 2319
2643 2706
494 2300
2945 687
1223 2221
2583 1833
714 2269
2062 707
2907 2308
68 2297
2200 2657
302 987
306 2167
1189 2268
191 2114
2962 1807
702 1884
738 369
744 486
2540 2488
462 2706
1142 1850
428 2178
2140 1109
280 2220
803 1613
1332 995
2651 846
2757 2456
1476 1874
398 1052
1481 2279
2928 2726
2377 2671
2916 378
726 1855
71 1563
2155 2413
2905 2269
1815 2814
2528 1627
1289 2415
1480 943
2521 1784
1943 2150
71 2013
2302 2506
282 1975
1254 672
2135 1634
2566 1550
1946 2839
2657 1618
2292 2308
53 1736
1986 400
2858 127
1184 444
317 1499
1765 1671
1137 2412
1847 1523
2669 1546
1306 2895
598 2289
1433 281
2591 2276
437 2066
1549 1964
538 217
1118 801
785 972
1695 718
1949 2877
1127 1583
2837 2953
412 1709
1110 2870
2505 1854
1100 726
1770 2429
216 2307
1496 760
345 2009
2380 870
2263 2131
653 1105
439 1713
1423 2938
143 2197
2812 1640
874 21
1124 54
1866 484
1639 1293
2612 2363
292 778
872 1362
1094 696
2548 1817
2672 1137
1685 1929
2287 1209
1956 1364
389 2173
1593 2996
2185 339
2853 1462
11 2729
1919 1607
2821 1137
1467 1135
802 2024
1643 1563
748 2761
1843 905
1926 1040
1677 2226
990 634
2805 364
1579 968
1254 864
1003 2366
1064 953
1945 512
2584 2023
309 2468
485 1410
2800 1314
1651 1723
1921 1056
2651 2850
2827 2685
1085 1991
1330 1418
1727 1326
2859 1201
2793 148
764 373
4 1840
215 777
742 2048
151 2062
2706 155
2488 2783
609 2749
1810 2698
1047 826
1598 1531
2392 2354
100 1723
350 1203
2070 615
1928 819
1675 453
802 1407
269 2650
584 780
2486 2817
2388 128
1497 2900
1925 934
123 772
766 1994
1580 1764
1212 1579
2595 1802
297 1080
174 1652
997 2205
582 1340
1791 836
2916 2876
3000 2259
2876 878
2518 2885
2516 149
326 493
208 426
1178 2797
2760 465
1957 1068
1174 27
458 869
1510 720
1922 376
2905 1759
2990 2401
588 2770
1745 1420
2398 365
2042 1565
2269 1133
2623 2736
2990 1691
2449 1071
1726 1033
2513 2348
2479 2107
296 1845
2801 2830
605 2843
674 1887
1293 1326
917 1425
55 1997
355 934
727 1662
2041 721
1851 1161
43 2909
1377 881
913 1972
1823 2324
2589 2917
2946 1569
796 876
1545 547
99 434
2328 804
60 2413
454 2401
2168 537
786 682
666 2369
67 2881
949 638
1031 1560
1707 525
1863 2803
1549 504
1099 1091
42 2088
1056 1404
1824 84
1541 233
2491 2004
1386 2742
4 2770
2082 1652
1318 844
2652 382
822 952
2000 2078
1136 1691
1159 1004
1227 434
1298 2600
1818 1515
271 2172
2699 2174
1384 2827
454 971
1953 867
2273 1629
2898 1341
1064 1570
1796 48
2703 1299
1955 191
1704 374
1484 1616
1225 1155
155 138
730 2734
820 2990
201 2533
2989 915
1290 867
2135 51
633 1442
2667 2816
2986 1608
1531 1164
2170 2013
551 479
529 557
1259 2194
1620 1487
2996 1833
1314 337
2585 176
1450 404
2176 331
1622 2694
2326 208
2330 957
1593 1340
2307 1237
2689 1945
1399 429
195 1435
1824 2389
748 1015
449 594
2123 2815
807 84
741 2505
1456 1357
1583 389
486 1946
238 1793
189 1665
1693 2393
1269 73
1800 2998
2902 1405
1248 1271
1868 2167
2949 2725
1144 2264
521 290
2501 94
891 2953
763 1154
2924 1070
670 612
2211 1033
1056 879
2253 2188
1973 846
1842 582
2572 535
1410 1466
1271 1065
227 2668
410 2650
2880 717
521 1448
1567 1871
2190 2063
352 2426
2004 2322
358 947
256 635
1566 671
127 910
1768 1285
2335 1348
199 2743
2955 476
2507 69
2043 21
171 2644
1895 384
2742 2114
1702 1011
2207 985
1439 2206
465 2179
1558 476
2690 2375
2417 760
558 17
708 1207
1188 2601
2198 2737
2857 789
1298 405
39 2111
2568 2047
1439 2545
2491 819
445 1105
129 2190
1372 544
2201 2586
1917 2517
242 1348
1822 735
678 57
86 823
442 1015
2076 433
2016 823
8 969
2167 2565
1033 2500
606 1638
2908 175
1580 2736
2284 807
1678 540
256 1147
1578 526
2834 1432
2211 1726
377 2038
2206 1072
239 584
1469 2707
733 1164
2048 2972
27 1378
981 1349
1869 2869
2049 2380
596 1780
419 2265
2282 1968
2799 1372
2748 861
1386 763
2533 396
81 2757
1292 1181
861 1911
284 1634
1283 1692
910 2269
2895 914
1041 1841
139 2542
2101 1791
1186 2983
44 498
1659 274
86 938
296 689
342 915
518 2766
2959 1567
2246 1237
635 85
2400 1284
442 1750
955 1025
1212 1569
2011 1905
1928 1618
2494 326
901 691
1099 2637
989 2336
519 1442
763 896
1125 696
1384 2891
2901 56
2220 372
1232 616
21 188
2238 1522
2074 1486
421 2412
647 448
984 2986
1905 1471
700 2742
1615 655
565 1936
2432 2397
1084 1652
114 1469
1762 1755
653 551
857 1480
1546 2827
2752 86
515 1341
1842 1578
2278 2572
2883 2243
2263 2019
1255 981
2135 545
486 2596
221 926
356 1518
1530 955
517 415
523 86
1931 1848
1272 999
1556 2658
1603 2350
171 2778
477 971
535 2726
2402 2547
2537 2173
2676 2456
264 1687
290 265
1427 2536
888 36
1596 913
457 1759
2409 1386
52 2980
1979 2947
2185 2119
453 741
2905 2798
9 1088
2024 2765
2055 1973
537 2513
1898 43
1703 632
1268 1025
1029 822
1133 2870
2427 80
2870 2193
767 1784
1496 2663
604 2486
314 1032
325 2358
1477 535
24 1274
2815 2196
2463 928
1384 2158
945 2484
251 243
365 1953
5 471
2840 2877
1138 646
355 1150
2312 1086
190 510
2342 171
2445 1008
1168 2042
513 2337
826 188
2441 1333
352 2546
26 2974
500 2540
2891 96
2030 2318
934 2714
1946 640
2705 748
2624 768
1930 2199
2550 1446
716 2050
1932 2353
1874 2675
51 2716
2379 1741
2599 1780
609 1718
34 2535
1692 1451
937 1406
852 2837
563 1394
485 814
2543 1426
1715 1637
2883 169
657 672
1623 2686
1983 2146
2388 1660
629 1619
404 131
180 345
2640 907
745 1191
1604 1268
2206 2411
2482 1889
1655 2557
1808 1780
2120 1552
1235 2488
634 961
2445 1928
893 360
1428 2342
2943 2161
1822 2812
325 487
2691 2932
2476 1136
79 2565
965 1505
2545 1902
1138 344
873 992
2228 2650
74 954
658 1937
1458 2467
2559 1023
1857 1830
2328 1071
676 970
362 2106
2123 355
2531 2408
1133 353
1865 1932
2450 1669
1752 2918
1186 640
1432 1948
1817 304
2999 568
1594 38
1467 1000
1957 1162
206 1959
2102 2657
2265 419
2676 2357
2452 2855
1843 2553
1213 704
138 1029
1177 2820
507 2657
1309 40
86 2764
1813 2329
1762 474
197 2390
854 2409
207 680
624 2960
2581 1554
2625 2054
1685 2223
337 2825
2603 2328
986 2560
2715 2105
2375 2626
635 1642
724 2751
2907 271
486 448
1660 1504
2495 1117
2209 1452
2651 2551
282 590
1155 896
2823 1722
1460 1773
1931 1517
2196 2477
1802 2516
272 2212
968 2059
1166 2916
1786 2603
1330 2736
1389 1696
661 81
1241 2954
581 2606
1155 86
2432 2890
94 321
227 2635
160 2559
2844 17
699 1935
857 215
817 2684
881 632
1824 1684
2152 1264
251 820
935 236
1536 2092
140 757
344 900
1545 1720
1437 338
2066 646
683 1010
1136 540
2826 734
2260 2235
2135 2798
2285 2860
1364 2056
2107 1984
2765 2413
174 1207
2794 241
998 1802
1518 1204
1714 209
2259 728
2169 1679
2681 2682
1923 2557
2657 353
1121 54
1677 1486
1451 2715
323 2856
1496 2266
1978 1108
184 514
2938 1805
643 1999
2511 2275
2265 1889
1182 86
486 402
1205 2968
2436 1181
230 266
2230 1518
2411 493
867 1766
2880 1067
1156 1100
717 952
1145 1897
2167 2420
1490 2035
2946 1265
1974 753
2342 56
104 994
542 599
1 1754
867 293
2039 2
1692 709
2539 2645
221 106
2954 2965
457 2491
2046 1726
266 2576
729 244
1187 92
592 78
665 1824
1059 1883
413 194
1433 258
2737 1598
1984 150
2386 1622
2890 2801
2090 1963
2717 1240
2534 960
1421 2596
2198 453
2626 2215
1406 500
2316 1380
2721 2110
1145 2414
2685 1061
2055 100
400 2374
1335 2154
1131 2475
2336 2594
1649 2653
1091 2413
800 2048
1626 577
1806 459
653 2821
1778 1986
1868 989
520 863
92 2794
454 429
2288 243
1932 1641
1634 2381
272 2662
1823 1301
2030 964
1559 2650
689 13
2343 2695
1928 709
446 1864
303 2497
1937 2013
533 514
2962 1543
172 2264
2249 1825
1295 551
1297 2057
2486 397
2705 612
1950 479
2085 2790
2765 48
883 2711
2344 2681
1724 1627
2720 850
870 2237
1250 1662
1858 2284
999 2366
478 2306
410 1405
245 1584
400 1913
57 2963
973 67
455 2801
2149 1641
2335 2884
1701 1014
736 876
2342 1219
1840 1186
1838 2067
2813 820
1954 2928
760 715
69 442
1408 1255
754 2717
707 694
2120 1833
28 408
1863 1685
1357 2589
466 1637
1213 1945
2858 1760
993 51
1119 2933
953 939
660 2828
3 1555
265 888
1112 2570
126 7
1868 2386
733 282
1170 2694
2063 1075
2821 1900
2529 1576
244 674
1342 1883
2990 1816
2616 846
60 1851
2960 1809
476 2167
527 2666
2497 624
94 2501
426 1868
2190 1783
1993 2676
570 543
1054 1445
1019 1161
1618 930
2314 2730
591 595
1215 1401
641 1579
536 2856
904 2660
2414 84
1924 202
1899 1341
1193 419
841 803
1524 465
590 184
419 2218
1400 1359
2379 1746
1079 1733
2983 1559
1817 2662
1087 967
1707 1358
1647 2338
2691 417
1902 2872
1601 1614
2350 651
1243 640
2607 2858
614 1007
2006 186
762 1319
1932 2458
1007 2824
2507 2129
1888 1640
771 1760
1640 2812
1888 2516
862 319
2916 515
2725 2949
486 1546
14 1443
2682 1113
764 1533
648 2047
1870 82
80 1511
857 405
1421 2491
1688 2574
1163 867
2497 2956
1199 2078
84 1897
374 2640
1346 2959
2732 1279
2968 1457
1211 405
1223 1283
1904 2475
1357 2092
509 1756
2874 64
392 1490
1492 1534
2008 2851
2856 849
146 4
2497 3000
2190 595
2754 2813
103 1622
436 1822
1530 1702
1212 1166
855 1148
2550 968
1023 1865
1614 1003
2351 1020
2825 882
2457 1451
2758 1326
1717 252
1233 587
2664 237
1343 99
1679 1544
2474 2780
707 1727
1978 2575
1092 669
2642 127
2922 949
2272 1243
2086 1107
2319 2265
2170 2808
1984 2445
2135 2433
1902 1574
2981 2299
2121 2303
2511 2075
239 643
1390 922
2069 582
1701 1691
2347 2642
1243 1490
380 328
2458 2369
1549 888
239 802
1262 1994
1120 86
2988 2153
2674 1965
1493 1574
603 86
2167 2885
2027 2780
867 2829
924 1937
2048 1499
1629 659
2699 2140
4 255
1219 2778
1476 644
807 2005
2018 427
249 2765
2185 2839
600 1361
1342 2905
611 40
1793 2081
2969 857
805 173
2967 1309
507 2161
2290 1728
2124 2751
1304 2478
1706 1532
1260 807
2954 2618
218 2179
1640 1900
2006 1709
1073 975
1340 1842
1782 2937
838 301
185 1353
623 973
1816 1691
2629 562
854 2908
671 2543
1664 2124
986 2772
2810 1922
1414 558
548 1394
2942 250
1728 2982
1286 1597
1610 1499
1703 570
1904 1906
260 2759
1259 2124
1084 1863
544 611
2982 252
2765 1203
2964 1336
373 347
495 2184
717 1658
1304 1704
1375 1435
877 1874
1017 2881
1087 2491
2362 1613
1417 491
794 2109
2633 181
1727 881
1450 2488
422 2427
1399 2651
1078 543
2746 920
721 2300
2274 954
1948 2372
795 2787
2686 1597
228 2009
2109 1225
1603 955
2848 296
1760 2212
253 1214
2379 1973
1305 1212
1411 2465
289 2952
2738 1932
517 1862
1015 1064
2835 1256
97 2884
858 565
197 200
652 1319
1506 3
2926 2973
1848 226
2563 321
1461 1736
2562 558
1441 914
1224 752
8 135
1419 94
2908 2848
2104 1173
1980 1303
643 63
144 1112
1439 2292
1082 276
556 1089
2524 573
1352 2996
648 125
725 2424
2682 2164
916 1282
567 1306
2116 215
33 44
1278 1834
2428 2469
203 2689
2261 721
353 2990
147 2962
2546 2279
2205 1798
2429 2069
2973 337
874 2982
1821 1056
2880 2262
516 2852
1974 2278
2733 1779
737 912
14 1646
1072 1902
2785 105
671 1534
894 845
794 1586
781 2683
2789 1624
189 2299
2746 2777
2597 217
1810 1536
989 2297
2277 1499
2856 904
1501 2013
836 1470
1443 2110
1146 615
682 575
711 1529
2067 2464
233 2848
2572 215
1437 2655
175 1724
2885 83
1455 2161
1321 501
1472 2876
58 1189
2543 2800
1831 1525
1356 348
155 2443
888 1493
504 1322
2283 1483
2863 2609
352 1687
1217 2494
160 1756
738 1054
1564 2764
2062 151
993 820
1127 1951
2608 2437
1523 1715
2824 1526
2774 2430
2796 1961
1311 1081
180 2337
904 1842
4 7
2731 589
1650 2333
448 749
2155 350
2475 104
183 2691
680 5
1902 2996
384 2232
574 1018
942 340
166 863
1817 590
1 2485
1197 2648
860 2077
2654 1488
1963 950
86 2644
2932 2800
597 2763
752 2270
2723 2045
503 939
1034 2181
426 2297
1509 1514
2590 1783
2105 2457
637 1573
1243 434
1667 1467
750 1195
2382 1543
1445 1990
1683 101
635 90
649 2745
1 2559
2304 2120
234 1133
598 2110
1521 1465
2887 1761
2255 2710
2642 805
1334 1976
362 1588
944 1817
361 2917
566 5
524 1324
1718 2427
944 1890
2444 360
2349 2947
1402 2720
432 672
741 95
246 2004
1203 235
1447 2394
294 2279
2717 645
2920 1188
214 602
726 1100
2996 2526
1059 2345
1844 2672
2504 2247
1900 1592
1959 488
1008 1352
2386 2297
1478 2794
2134 694
2461 2876
1974 1005
683 1439
2326 2140
2004 1458
358 1929
2897 1066
1080 108
2127 1493
328 1577
1643 2808
1215 1880
920 1108
2722 1541
2320 1099
1497 2066
1095 125
551 1708
526 2069
667 1844
1248 1807
1878 1653
2618 1388
788 2747
100 2543
1454 2914
640 352
1025 952
1279 184
807 57
2435 895
431 2310
2625 2457
1112 2893
804 922
119 1716
86 429
823 1545
244 266
1661 2329
789 2857
914 2083
2684 682
745 2190
305 742
2875 2064
2203 86
997 1798
2049 843
1439 626
1613 2362
1442 234
1916 795
151 2479
2047 2731
2901 1168
2500 1910
2457 2266
591 1738
2016 29
709 1618
71 487
812 1905
2505 936
1260 2261
1820 2897
1499 1906
1470 750
2085 571
1716 740
1972 2460
826 1513
1663 2940
1318 2422
2422 386
2092 2698
516 2535
1021 143
2963 417
201 1469
1773 2239
1367 1814
2442 1367
595 1959
1789 1228
1592 86
608 2990
1755 421
175 1822
181 1903
1170 1475
1807 2324
548 1654
338 1645
2526 74
2312 2673
1063 2668
369 2687
2042 1461
1896 447
2935 2198
128 1714
2876 1711
971 1314
2800 2546
2549 2490
1773 784
939 2235
2970 774
1538 640
581 1378
1818 2137
777 2167
2798 1342
2641 1334
1583 112
526 785
935 2167
1687 251
1803 489
1846 1372
1705 1832
415 964
526 2264
549 2078
809 142
24 360
689 1490
450 1302
64 2786
748 1524
1076 86
2334 2412
2656 1102
1808 683
497 2917
1976 2105
553 472
2013 274
2458 53
2525 83
2166 1466
2513 1861
1900 586
2108 129
2873 1076
282 1716
2578 806
2228 421
2456 849
382 86
1091 2087
1377 1703
352 634
2780 1740
2765 1768
1183 2900
1601 2079
2575 771
2943 500
1501 2828
2183 430
1817 2548
1943 793
1248 1981
2575 2955
704 2476
465 1064
2346 532
1291 2432
2056 936
1800 2538
2635 1989
1541 356
2333 588
866 2932
1643 1333
1864 446
667 2551
370 735
1985 1685
1824 1101
569 607
117 44
2062 2777
1763 206
2879 395
2213 1702
2038 788
822 543
1460 1325
1552 1492
2502 1613
659 949
2361 482
1154 1195
748 2332
712 1046
456 2751
879 13
759 2999
1130 155
1852 1407
2181 161
2960 2395
1634 1695
2587 2977
1559 1240
1511 1480
1650 2113
2730 2641
1734 1048
2260 2909
1105 2532
2724 163
2538 627
1690 1713
1590 178
1424 331
1811 566
747 453
375 309
1243 2952
550 760
532 1308
2909 69
1997 1642
2233 737
1076 2238
2417 1162
507 339
1201 762
468 1104
920 883
961 634
1638 1568
1564 1442
1235 2540
590 2160
1161 1521
1714 1452
1758 2977
798 1248
630 1560
2064 662
2948 2398
836 750
717 2994
1163 876
833 2317
232 1112
497 1073
2600 1107
1565 1168
2167 952
1114 655
2152 2557
2345 888
228 1572
2625 2715
1804 1314
1101 1824
161 1701
1542 1527
392 86
2578 1461
1750 383
551 2120
2223 1798
378 1438
195 1625
1891 500
2839 1009
1705 1442
2142 1320
204 1904
596 1010
2761 1696
362 2790
1541 962
40 2470
398 86
1713 439
858 725
1192 215
1334 1562
1587 1539
1906 2277
2721 1522
464 300
13 1833
2678 1839
893 2545
1258 1075
2855 2685
495 74
1789 2781
2898 1018
869 1699
1346 223
783 1605
1191 1524
155 14
2096 1548
2341 1984
1139 2428
421 2670
2899 1516
355 1119
2039 2573
1518 2742
2908 1470
2045 174
789 876
2199 2438
648 27
2752 1112
2690 389
1388 511
2750 93
639 2813
1576 2357
733 1078
2167 2694
86 1442
2571 15
2991 278
205 1208
941 1541
1149 11
2787 10
2073 1190
585 2832
1072 1985
445 2448
1190 1039
1446 2145
1358 1060
2776 545
662 2729
2055 1804
2543 1294
2868 2829
609 1511
784 1085
1185 908
2412 2426
64 1951
2997 602
86 1497
339 500
805 13
1259 501
1682 1098
2092 132
2950 1012
1350 2264
2509 288
112 1147
265 2573
2093 579
1998 2604
353 822
471 5
545 352
2516 2167
2257 237
1079 196
2397 1364
2589 2237
1386 436
2426 2996
1502 441
2913 300
568 610
2302 2948
1950 523
2635 2911
2147 2756
1673 2688
279 1694
409 28
1894 2233
1902 478
415 2494
925 2278
2073 2001
1006 1106
2739 1801
1365 807
143 1417
597 2401
80 2501
1136 2324
1788 594
2262 1807
2972 1074
2990 938
1840 46
299 26
2052 314
2212 2568
218 2761
861 1829
2757 2504
1243 1618
1311 1862
2719 274
3000 2794
1129 2853
1484 2723
419 1883
220 2764
1632 2852
1110 633
1561 2081
112 936
1337 1097
176 934
1545 2934
2058 3000
2944 2493
879 1591
2117 2396
387 2766
2906 2183
1270 1951
2678 998
1618 1564
2712 2402
890 1370
1037 2229
1528 79
1631 426
167 959
2287 230
747 486
2194 1259
2545 1808
1586 1554
1565 2657
2933 345
122 1398
2389 807
1796 2413
2695 555
672 392
61 2636
391 62
1811 471
2130 805
2383 641
242 2616
221 2763
2248 822
1432 1014
167 2682
2157 1053
1091 1222
1241 689
1861 338
1033 2046
34 1406
243 2577
2564 2640
2893 32
1607 1393
1488 1606
2189 851
1643 2991
653 2784
837 1736
1068 2218
1736 2042
191 2832
902 2396
2446 2961
188 2041
1634 1469
1373 2328
2657 79
2272 2848
632 1377
1186 2857
2204 1619
2985 1522
895 1433
2005 996
1671 378
2056 1436
2793 1667
1810 1093
2083 1104
2566 1395
1987 461
2881 2805
416 1681
1090 353
2224 532
2120 2850
822 1691
2742 1068
886 149
2965 637
2687 2888
1778 1065
1598 2512
1233 2042
2728 138
804 1875
839 1423
58 868
877 1282
1286 1257
2039 1137
78 2538
169 2518
1648 1918
174 1863
2915 656
1580 2828
1543 2444
2617 2305
1306 1104
661 1357
1858 493
2252 685
2900 73
1579 1540
1388 1241
2763 2901
2296 2764
459 2091
893 2345
1015 2377
1372 1229
486 2126
435 603
1216 2675
1547 1282
158 1234
2672 1076
1929 1460
235 1019
28 1509
1954 538
2034 1223
2096 1626
332 2809
2785 716
1576 1669
1194 2862
763 1845
243 1116
456 1001
729 2788
1774 2283
292 398
2594 86
2438 2171
1190 1346
2421 2212
721 2603
2839 246
905 1467
2288 1704
1051 1480
2838 1330
2697 1921
599 2861
2953 2135
2029 89
2872 1059
1501 2623
2641 46
1634 150
1898 772
2779 879
1776 547
1278 1270
311 1277
1631 883
2206 1193
1113 2894
1076 573
829 286
1349 1304
981 529
2033 2890
86 57
2147 1062
529 2560
2681 2527
1179 2633
539 353
2097 724
2719 790
1987 1560
1604 532
76 751
498 1365
397 945
724 1309
2866 221
263 985
1976 1767
2592 1748
1295 653
891 1208
1796 1851
1652 723
2691 875
2427 1160
1248 2492
370 2422
36 2218
2786 1084
372 232
2734 587
521 1780
334 340
437 1308
1391 2228
86 1475
2334 796
2530 534
2697 2857
133 2493
1550 1402
1243 282
1727 2062
1886 1548
1208 2620
601 2298
1985 1721
2808 1464
1987 1031
774 1747
1953 736
138 1816
2823 602
1536 2477
2941 924
2898 833
2588 1105
2182 884
2886 1049
836 193
2840 1949
48 1521
2338 463
2856 1258
2123 833
1123 932
2826 1614
1657 306
1274 1307
2307 1858
2451 2664
1783 316
505 2682
231 203
2980 1575
2216 2195
1793 216
1316 2881
2489 668
2170 924
591 1959
2856 1107
357 2349
671 2850
2516 1783
2963 2274
2116 769
2812 2448
390 57
1342 2269
961 2324
330 1171
1455 2615
1828 2433
754 1634
1287 2981
1969 2124
2347 2568
1464 325
2034 2730
2476 1248
790 2991
90 2465
1604 2066
632 2445
2135 291
1307 1073
1994 1655
444 1182
2772 2640
2113 1968
1831 15
1292 569
1780 1398
2840 1610
1260 2114
1329 1262
318 2237
704 608
1370 1096
2012 2057
2576 1519
553 1176
2066 2551
1036 2957
2517 1424
2139 1035
1729 2522
2713 1968
1090 1307
779 420
1161 2985
624 1345
524 12
1442 1705
2797 1891
893 1193
233 511
2759 2970
984 25
2769 1138
2821 1726
2606 917
2712 2011
289 473
2152 2852
2592 1810
1982 2623
2510 2457
373 2886
2550 1517
1144 1357
462 1244
1043 190
857 1050
234 1691
1931 86
2684 1215
1578 2127
760 889
805 1093
2009 2426
914 2309
2034 2625
1643 1659
2890 1999
2611 2418
1736 1219
543 1475
1631 2661
283 391
876 1953
799 214
575 2577
2891 2839
1022 1768
142 2814
1849 2818
1912 2879
1360 2397
1678 1301
1845 1154
1382 548
447 200
2268 891
2533 339
2440 53
1928 1948
1886 2167
1684 2284
358 1646
1929 1545
2452 2904
959 2866
702 791
1950 2524
1515 1644
1243 2713
1833 543
2168 2351
1974 1815
1707 2613
1070 275
129 316
315 2558
1967 105
681 631
625 987
1121 2365
322 1278
2671 2377
78 358
1817 2607
236 1507
1766 2521
2770 543
2767 2756
660 523
1696 439
1315 767
1019 434
2274 1145
261 2074
487 1694
1778 1307
615 531
2242 51
1056 1821
1830 2177
922 2657
1704 413
784 2374
1307 540
2108 206
1041 573
2091 213
2721 399
899 1484
1117 1911
2160 2039
1024 1235
1628 2502
772 1140
2167 1041
40 2899
2094 183
2800 1534
2543 1399
414 2113
2102 217
1534 930
2657 86
1528 759
176 2550
1409 911
2210 1838
184 533
2149 1587
530 400
2023 1908
2165 921
2079 1348
2484 832
1319 2132
1135 1055
1910 2821
2528 2954
2569 1315
2978 1202
2574 180
356 353
1737 569
1841 1950
338 39
1881 693
1424 229
1169 390
2737 1900
46 2857
1398 664
870 86
2335 352
1212 2059
1805 408
1065 2962
2225 253
1110 349
931 2470
418 1996
290 583
876 65
2211 445
1698 321
1366 680
1888 184
736 353
2134 2448
2450 1281
2331 858
1672 2325
1775 2602
2414 1832
1927 1612
500 2322
1690 1823
2568 2347
2805 2148
235 1203
28 648
598 2657
1582 2998
2857 2040
2758 477
282 2160
2374 691
2113 2333
255 789
915 435
1056 2114
415 2405
2065 379
2501 1480
1762 995
139 656
2479 2777
215 2141
1639 150
406 1347
2814 727
2143 599
853 2826
2825 846
1102 2885
1747 1091
1154 2364
75 2328
2733 1202
2820 1228
2871 1445
1592 1640
2566 145
1468 1006
371 935
415 1091
2256 1387
1589 2899
1257 724
937 2181
103 1151
1680 2807
56 1428
89 650
2269 1634
512 996
1155 782
2483 1760
501 1647
2122 2073
1352 171
1907 2316
2483 198
2946 288
748 939
1422 2402
1295 479
1359 1860
2736 2808
290 271
1331 1589
304 1363
340 200
1382 275
144 1949
2667 1236
807 498
374 557
2102 535
151 971
2024 415
575 1929
1804 399
1744 1077
2478 1943
2657 1937
2661 2336
1675 1308
2490 527
2089 976
1380 2846
1219 2600
1022 99
866 596
532 1268
2242 1711
2669 1872
1359 737
978 1163
1177 2527
1721 1808
2244 2357
2747 2887
194 716
2801 455
1753 1264
2544 310
2193 2870
16 1895
378 2182
2161 2294
1643 2203
1850 927
420 837
327 2505
1872 2126
937 598
218 2760
2479 2445
1116 1339
1085 1617
1326 707
1660 2388
1584 1433
2568 860
2631 1635
702 725
872 2811
116 451
1522 2239
1386 2563
2870 2379
432 392
2657 1651
2411 1504
307 658
1069 2075
2694 1833
2433 946
1168 1461
2920 1841
1470 2230
227 2175
516 1786
2039 2996
2136 377
1989 78
675 2121
482 2199
2570 1654
1783 535
293 1914
272 1817
290 2306
289 1280
1528 875
2342 2657
2726 2190
788 2602
1585 2791
156 1044
2037 2633
2556 1665
7 2006
2917 885
435 2343
1083 474
727 1774
2181 1497
2938 2555
56 2250
70 2130
764 165
898 1292
1527 288
207 550
114 2307
1220 1014
2605 1183
1775 1200
2487 1183
681 102
2715 889
171 2784
111 1108
2193 2600
2769 2279
34 1385
2069 2254
1030 2912
1717 761
2804 1159
1619 2363
2030 2114
2909 2705
2220 1199
124 2728
1679 1594
1102 2983
1642 2251
1465 1161
1049 1421
2436 828
321 2601
425 712
610 136
912 1751
2260 1015
2414 914
2483 2575
1914 2879
691 2643
1321 2530
1427 2761
2832 1053
1775 2496
1663 2909
1133 1705
51 86
2184 193
352 2952
2992 821
2012 232
2137 1424
1784 172
239 434
1696 169
2753 919
772 69
2376 1047
1563 1958
1291 1411
2463 112
1659 1418
1184 2941
1340 536
140 1984
2797 734
1339 627
1984 1293
256 1469
458 2098
2466 291
2713 2917
1736 1565
2953 1383
1690 2476
1067 2144
1570 286
53 2237
831 2466
742 548
1170 820
2318 1850
2005 1407
2087 1288
2545 779
1191 829
1258 2254
1089 356
2516 1205
780 2405
2746 2386
313 2791
2461 810
86 1327
1243 2114
1848 2585
2181 819
550 1157
2015 183
1280 138
2910 210
1625 797
1524 2591
2144 2284
773 2200
1475 543
713 2563
2894 223
2405 350
2675 225
2066 1497
184 1716
1823 1778
2022 1046
834 1379
312 1280
1545 2988
1967 2772
1755 2614
137 507
1396 2690
2689 665
2717 2435
735 88
752 2517
2334 2506
2870 149
1680 1834
187 1787
1140 2940
473 798
2449 2041
886 1879
1692 138
2450 2222
1632 188
230 729
1644 2544
1021 1216
2753 1427
1427 2753
2571 1328
1624 2552
2726 595
2640 1620
116 675
514 1873
1051 2677
112 39
1151 983
2449 1507
157 1454
1623 1309
1981 1213
1182 307
2720 755
20 319
2996 2412
898 2628
266 300
2921 275
2039 570
1185 2377
2381 2432
383 333
2998 2443
2516 1164
1807 2346
2689 807
56 1461
2152 2580
1514 2731
2630 1459
1373 2449
2470 756
171 1475
1842 2069
405 2677
700 2230
1750 919
1565 1133
1751 2804
406 1798
1052 872
2664 1054
2168 1290
1933 1911
122 35
2565 14
34 2009
2135 20
1724 866
260 1408
1090 1475
276 1573
1524 286
2412 870
2541 1256
1520 292
1723 2379
312 1507
2254 2466
1075 2127
1146 904
1778 975
1574 1277
1986 349
2325 1397
103 1842
1962 2213
443 1423
2222 110
2877 2824
1634 1308
2642 2568
1710 1270
2913 1374
220 228
24 975
1048 2415
1593 796
1298 2677
213 1911
1571 2775
2569 2109
694 820
707 940
489 86
2192 1996
436 467
201 2246
2723 407
2773 1025
1127 1710
229 368
1669 287
1367 1117
2046 1531
1492 1804
32 1582
627 2318
2048 770
1797 1398
2953 491
503 2571
1924 1354
2146 802
2070 1340
400 2027
1027 824
2260 612
1145 739
1904 1949
865 1165
1326 632
602 1683
2404 1396
1208 1216
2347 1551
1804 2973
1873 1164
1106 2383
2716 688
81 1357
1199 1062
784 1269
1854 1369
2548 476
1341 2755
286 1191
2482 770
518 1779
1362 2446
184 1164
324 1447
2016 1674
2911 2988
2907 664
2742 2272
734 999
582 2070
676 1681
2164 2480
1605 1856
1294 222
408 1792
1471 369
1407 1169
1658 34
1741 222
2402 2257
1448 420
1299 1827
977 27
2654 309
945 280
2872 483
2688 427
2110 1804
2774 2792
791 125
1024 2366
2116 2102
2096 708
198 1817
1772 579
2355 647
2835 2025
2144 2168
2885 1921
2992 2895
2477 2094
1031 228
1486 598
669 2811
2685 347
2567 601
1701 822
1092 2065
1824 2274
1091 2320
1209 660
2148 1749
2557 891
2246 2801
63 2246
2322 404
297 1216
1134 2894
1002 465
2101 636
1258 972
119 1873
657 2829
2985 2405
1627 193
2065 2195
1834 2803
2269 533
2540 2079
396 2797
2500 2114
1561 1182
1134 221
2530 1452
874 188
1606 991
2876 712
2124 2192
2731 2278
2532 1910
2108 2590
870 2764
2390 794
1886 2208
1978 2548
84 954
739 498
1714 2192
1490 2901
1462 1943
2795 107
1161 1343
665 209
2011 1544
2414 1945
910 1890
396 734
659 2628
111 2715
596 1987
2026 1895
1002 2260
1878 2186
2852 922
1163 1412
1493 271
2144 582
699 1243
943 1051
1058 1423
2120 138
215 217
271 1010
597 864
2790 363
2364 467
2981 2697
2361 379
2359 2313
1382 1182
1724 436
1295 2408
2270 2592
2258 608
2635 2094
1044 1870
2822 2831
774 2030
1243 2537
1114 107
817 2295
2659 529
1010 1193
1477 2726
459 273
2071 2404
2476 1213
475 2321
2868 2521
570 2066
1680 1616
1427 43
2974 424
480 2647
2466 2247
564 2249
891 1942
1024 2949
1754 1060
556 2608
1003 137
623 306
2054 1957
218 2671
639 440
1858 209
1375 391
2925 979
748 1185
33 2411
365 1784
1148 2259
985 143
2118 768
172 1155
274 1909
2338 2530
2203 2789
803 2502
462 1741
2672 1025
323 2069
2307 1497
999 2943
1562 1952
1802 1886
416 15
278 2648
432 805
1877 1
173 243
2932 417
1656 2478
2624 1252
2018 293
20 1485
1121 2300
740 896
2909 2235
2791 264
1426 1522
996 1145
804 2341
446 1265
2320 774
2208 577
594 1788
2542 1668
1415 2127
740 1137
1831 2931
2436 1587
561 1689
2826 2567
776 1751
919 1350
2912 262
2501 1567
1283 1957
1194 618
1427 442
1374 1200
1130 353
678 2066
2309 1169
819 2346
2623 1777
1276 239
13 2600
127 272
1131 462
782 583
2819 2946
1565 806
2411 1824
820 138
2408 445
2505 2299
2466 2262
1165 1839
1264 982
126 1921
2358 924
437 2237
126 255
1406 1116
975 1690
919 908
2935 2166
1491 586
2340 1899
862 1926
2382 439
1427 1140
2829 1315
2181 709
2963 2083
2014 1661
1816 353
77 299
1635 840
1525 61
1940 1320
1308 1489
1696 271
1455 2133
1443 2644
106 1116
532 437
422 405
1657 1456
1885 1912
2377 333
1265 2509
242 2884
1566 882
2714 1670
439 1271
423 2712
1245 98
1336 2073
2886 1939
2334 1784
2985 1343
2719 2351
2904 2690
2765 60
1484 577
2825 1443
275 2205
1254 803
1738 2190
2842 810
1956 2890
1286 796
836 2722
878 29
2604 1267
133 2648
985 225
217 2590
2180 1559
1740 1804
2113 704
1952 1630
2176 1711
1406 937
1983 1099
646 2304
185 379
285 2006
1728 1513
1858 539
2613 525
1504 2005
1754 1358
1176 2747
177 489
758 1795
229 835
2707 338
2831 561
1081 1625
2342 895
1586 1095
2737 2500
1261 1074
1663 1140
171 1352
85 2801
971 1138
1739 2740
478 2218
2556 817
2309 44
2779 2697
2328 2290
2601 1024
678 2294
1578 1842
482 1288
734 2540
1773 2635
751 2010
555 690
2376 2580
233 2230
1256 1680
2485 2768
2335 2540
1720 2565
290 1808
1617 1528
1171 1186
1968 24
43 1350
87 139
2674 2945
2555 1805
2250 171
731 1339
1553 1939
2317 2755
294 429
724 1647
2302 978
1992 1495
1111 2731
389 2077
115 1544
551 1531
2396 1997
333 919
1402 808
265 583
13 2035
2682 1336
426 2699
844 1470
2766 401
1870 987
772 2536
517 841
1389 2700
1867 905
2952 289
1943 1349
495 1082
1101 665
2532 2046
1046 2180
1286 456
2258 1559
1051 1067
1096 2344
879 173
2877 1949
2461 2717
1067 34
724 2338
2736 821
2996 86
293 1593
46 2981
2769 2379
511 276
2568 388
2225 2471
1128 400
2167 446
5 2221
2059 719
657 1385
2891 1766
1618 601
597 996
2225 2665
672 468
1029 952
928 112
1645 1411
1267 2338
1664 724
2663 2457
2945 1250
1378 1413
2311 915
119 533
2489 2168
963 44
818 1459
139 1152
864 2062
1391 2857
1914 238
1648 1911
1988 1570
1889 1448
1113 1462
2147 1990
1838 1373
2546 2926
1290 2039
1695 2372
2502 841
1041 2524
1465 802
1560 630
1184 1333
2681 1177
476 1970
930 222
6 487
2713 1816
2249 1924
1458 1369
1035 1775
1801 237
1575 18
1157 889
2916 2509
713 2954
2210 1507
1289 2872
824 1810
2639 120
1454 91
1138 222
67 1918
282 1873
326 390
1448 1442
1379 1402
187 2288
1496 2641
2525 255
2099 2487
2083 996
183 358
591 2114
422 1419
900 2850
1945 326
1601 131
2387 1846
769 1126
1643 1182
2438 1669
257 32
1098 2657
2312 1190
2096 64
2072 2759
1134 382
1522 1746
1763 538
390 1824
1075 1258
1559 1405
678 2416
2204 2248
1000 2002
2660 2127
2721 477
2272 1082
2683 2956
2260 1350
2578 895
2532 2500
1039 106
591 538
684 924
2128 2889
552 641
1705 1481
1710 1680
361 204
1168 171
404 1601
2167 551
1616 595
2667 1061
1973 2
312 1459
1981 1564
809 2849
2332 465
2010 1532
2235 1350
2987 2114
137 2533
1490 245
2063 2778
2056 2111
1054 248
1920 1205
541 1
228 353
55 904
1041 2416
2555 1425
2358 1020
2065 2090
2965 175
1912 2251
2873 2096
2763 1780
1743 2388
1101 1365
2967 463
143 891
1163 2398
347 2352
2289 1793
1090 360
2698 661
2756 2871
2492 1136
1526 2840
236 1429
2761 1750
1144 824
182 2186
586 1295
2437 467
2428 1968
2971 2524
1087 2936
1280 57
2198 1821
2343 1253
414 1033
2020 2750
78 353
387 606
2265 2415
7 2525
537 2774
939 1563
1099 2146
1886 1127
2967 1666
1085 31
2248 1735
1045 428
1072 2308
516 2561
1634 185
1170 938
2012 1610
2459 395
703 2504
2229 2679
1788 1253
2133 1182
19 105
2561 252
394 2028
2164 194
2396 573
104 2752
2433 1904
1652 2025
1858 1832
2347 910
2946 2401
810 2879
2689 2999
2211 1105
761 2328
2737 2657
86 1880
2775 2520
2545 2440
1341 1305
1268 2900
2884 1604
1222 161
1889 1289
2935 1642
1558 829
2195 1395
2476 2333
458 2785
964 332
326 1101
940 2341
2423 11
473 975
265 683
1357 1536
2823 2149
493 963
2699 473
2954 1791
942 2581
870 2009
705 744
2929 70
1018 2340
1578 1146
57 74
2056 1411
1430 1557
1117 2282
1861 1147
2866 1787
785 1578
1282 438
1767 2510
2922 2768
1048 1493
2581 1514
1084 577
2982 1671
1727 1639
589 346
1501 1618
2020 93
2922 1456
1088 1738
1119 1899
789 46
2437 276
2340 1540
413 2640
1222 434
2771 2756
1158 1152
1216 107
2396 2601
1949 2277
2895 57
2894 2480
2037 746
353 2694
1321 2097
518 862
2779 285
1462 1129
86 2372
1584 1490
1644 2791
2877 104
1183 733
1498 519
713 233
2412 2573
303 390
2314 1366
2310 2766
1325 2551
50 817
2830 395
1202 2003
2848 560
2954 1724
1606 2201
1224 425
2050 986
2837 2207
933 2876
1854 2119
461 393
1265 1498
728 268
9 880
1893 1476
1248 975
205 1516
448 2827
1577 2665
695 541
2934 2015
1981 439
90 2707
1573 118
398 1311
1528 530
2574 2317
1529 2179
125 1805
352 1116
2385 2568
57 914
1496 481
733 1142
620 443
1511 857
649 658
185 921
2949 2366
1851 937
634 882
846 930
1071 867
993 2110
2478 986
453 2187
1371 497
2888 2970
1096 1567
2077 90
371 1373
2477 1027
1687 1538
591 2572
161 2834
2474 914
819 1695
1307 1823
1692 207
2688 887
2111 1291
330 1056
2207 1114
631 355
137 33
1305 1540
251 1618
1890 2714
524 2676
447 1239
15 2925
1991 1929
1973 138
888 1289
1703 1302
589 1805
701 2766
2830 1645
1897 952
536 831
1188 1950
455 41
1841 1698
549 1742
1962 1328
2737 445
1243 1850
1857 546
34 1067
2018 1875
892 93
978 1593
1923 2243
796 2948
1181 695
312 1607
1458 2487
1301 1248
813 1032
2577 2668
2797 507
1998 2194
400 1991
2333 1678
1453 1857
228 1031
2590 2114
1071 1260
2967 469
1067 2994
2996 2009
475 2452
2725 396
1069 1201
2104 1610
1511 2892
987 1882
2812 1491
1590 1775
1350 2129
1523 308
386 2563
395 1645
726 1440
865 1110
775 1887
1390 1071
1546 373
2295 2911
2034 2715
490 2144
2172 1734
1118 886
2652 1535
294 1294
864 2976
1567 2652
10 1641
1120 2399
2035 1093
1007 871
1659 1464
978 1784
2399 1525
43 612
1929 1773
1150 1864
785 2127
1184 2719
1340 615
1237 2463
132 2114
592 50
437 1170
1181 1745
1418 6
881 2250
1501 1020
258 1092
320 51
880 217
334 1483
1954 777
1253 2163
336 158
2323 5
2809 1450
2077 2397
2838 1013
418 2686
2603 86
2498 1814
899 1616
388 2421
616 1321
1050 422
1533 1369
2 671
730 277
88 1082
828 1160
2241 270
2509 1446
206 316
411 1178
2548 2347
1542 2059
850 2090
2333 608
1464 1694
2396 2672
1340 1849
1811 2715
953 442
1315 1766
2705 123
2350 1862
1226 388
197 1774
2449 1786
1844 667
1663 383
1889 1549
1283 2417
852 263
2516 173
443 2095
2480 2681
2028 1457
1232 2327
2481 675
914 390
1784 796
170 683
630 866
1162 2457
2747 2935
2341 2372
2336 2326
1609 2395
1873 1599
2133 274
2262 1258
21 1607
1297 2840
2914 544
2785 1656
1705 149
607 828
1187 2476
289 961
2808 2351
1157 566
1923 1210
2956 2696
278 480
848 1749
2603 2561
501 1286
465 2276
2396 660
2763 86
2059 1899
1759 1946
1219 1428
117 2917
805 1490
1824 1776
641 2317
1050 2864
220 740
441 1600
186 2518
1286 2701
1891 1442
2275 2704
298 847
2433 1582
2178 2929
2319 2346
1825 2223
606 2586
1608 2007
2247 1351
2428 2805
544 1874
392 2035
1444 1000
2235 1140
1661 1473
1992 1204
2506 1875
2876 2107
2627 2968
2618 1724
74 399
1148 2778
2514 376
1195 193
2546 2973
216 2713
1181 1683
1814 2406
182 2718
134 1382
642 2984
1499 1719
1233 1389
2412 2009
2039 870
2106 1677
2448 551
2657 2694
2306 779
1607 2816
1326 2341
2004 2936
2206 2657
2157 2313
2972 2770
164 419
1049 1553
569 2645
433 850
66 1636
980 2482
2398 2868
2342 2462
727 1095
1137 86
2140 883
508 1121
612 772
2996 325
1956 90
2771 1199
2738 1356
2827 475
721 818
1363 2116
1953 767
2573 1685
643 2036
922 1047
75 1373
824 2698
1723 429
2406 1200
1977 1594
2660 1068
2354 937
2696 907
2975 800
1429 371
2421 2662
2151 2878
798 1301
928 201
271 2657
2977 1325
2601 1041
360 2444
2560 1408
2283 1423
983 2661
1783 2535
1725 1084
1361 2865
784 1528
1243 2429
1721 1277
1108 896
1999 216
2239 1443
2495 2166
1350 919
2969 422
1891 2809
2384 1520
534 1280
934 1848
2265 1014
793 1620
566 1366
1625 1520
473 243
1350 2337
1293 997
2068 673
2749 1480
1027 1144
2109 228
2591 953
2134 1910
1144 1375
151 2107
451 2433
826 1236
2083 2895
2846 47
1510 1634
1845 2954
1482 2689
2562 1789
2781 115
2007 1149
2667 2561
2829 2569
1600 1471
714 982
2990 820
444 1418
2581 409
2558 518
50 1460
2856 1268
2408 1033
1876 42
583 1549
101 214
1551 2385
2207 1021
795 2925
2736 487
2751 1321
2965 844
2808 133
439 539
1888 1634
54 375
1685 570
242 203
685 1839
448 747
1054 1062
1438 519
195 2430
1119 355
1913 1582
1713 1327
1851 802
1584 532
761 21
1840 2006
2098 751
382 1172
2391 824
2749 1511
1442 2193
2295 2094
904 2466
2594 382
447 791
333 1064
2034 2417
1921 1287
680 1366
2240 1697
359 2686
1266 1769
550 566
1352 1008
2379 2543
2718 2499
696 1635
2868 1456
2173 1914
1813 472
1752 55
1786 2041
589 702
247 1394
1634 2826
225 1995
25 2629
2477 282
1930 2757
2924 1566
1554 679
1778 1823
1412 736
1566 1492
2089 773
317 1142
2686 2530
2250 895
1532 2186
483 1010
269 1557
2537 201
460 1284
2404 246
1413 1884
191 54
1504 2474
238 2537
1122 452
1432 2474
15 2089
740 782
2812 1078
2124 1309
1045 1711
1153 2104
2522 401
717 1875
2714 833
2314 827
649 2441
2713 1073
1698 1435
2966 1174
1102 2006
2161 2366
168 486
143 2557
2425 585
750 1386
2660 323
2459 41
1827 585
1906 144
2141 2726
821 1013
455 114
750 179
1557 2279
68 989
2243 2762
331 1472
951 1221
1634 220
1076 1308
2202 805
1777 279
2791 2902
365 736
1130 2728
1472 1515
1732 781
476 2473
2881 485
2295 927
2034 207
2864 1836
2115 2128
2514 2732
293 658
1536 132
569 1181
960 277
2957 1201
643 2246
1076 667
1251 1675
98 267
1014 974
937 1618
2466 1752
927 2684
1150 1925
2006 289
2472 2408
129 217
843 1775
2525 1821
176 515
1083 2875
310 628
668 1412
1526 1719
1260 2842
1649 15
2402 1247
1003 1348
777 538
238 256
511 1627
1849 1499
1634 2114
1486 2468
216 1437
2177 2995
523 2920
1405 2035
1811 111
1375 2917
519 1265
1038 398
420 1734
543 2694
257 1800
1651 138
2513 1068
2440 1493
2882 2782
829 1524
2941 1816
372 1676
2043 2852
970 1707
1217 100
1322 2265
1359 298
2466 1258
2117 1933
2868 2489
2006 1391
450 1984
580 1979
811 304
2282 306
1766 1315
2784 477
696 891
2113 608
1113 1086
2236 859
1430 1585
2242 264
1610 361
579 969
596 782
1231 1542
2098 2549
809 2331
1379 1057
2499 1194
1145 44
1899 338
1710 1207
366 2873
798 2296
1757 1762
2464 1717
966 986
2670 1224
1126 9
1225 2109
818 2067
2830 2537
2032 701
1268 1308
2470 634
2936 1533
347 2071
217 488
2533 1235
1178 2616
1205 1648
1233 1403
1042 1682
236 2816
1979 2995
1941 1883
922 2043
1941 683
1274 24
2170 819
1382 1849
825 2913
1927 2410
206 1171
1941 909
1208 852
2102 769
1597 2124
1285 1099
701 2455
1411 1861
2581 2331
2736 947
384 1981
1110 2193
2214 572
2397 635
1623 2097
2477 1564
2666 1782
2909 1898
1548 1084
2511 869
271 779
2429 2368
10 1120
2168 2868
2782 199
1454 1516
2714 288
1500 102
565 727
231 1110
2303 1435
1115 2756
131 2540
2289 256
2064 1430
2882 1028
2595 1278
1073 2171
675 139
2079 2951
2096 845
2940 2507
688 2258
2341 1727
2972 563
2776 133
2667 1632
2895 44
1141 907
840 2263
2015 2706
2600 2621
2591 2536
319 2093
2022 2729
696 1417
2102 2928
1134 816
2010 298
2890 2056
1731 2189
492 2526
641 2182
2530 463
1021 1733
2158 2352
2844 341
582 2466
1685 2573
708 1256
2753 69
2825 671
937 2763
498 671
622 91
845 1332
1010 1048
2605 1049
2492 2382
1398 86
875 2911
1175 2956
247 2012
2422 495
2981 1799
2914 2762
939 1898
1097 1307
2658 697
1552 2
1138 822
2988 1029
870 487
1790 1739
267 431
2586 886
719 1305
2644 477
2468 1505
2883 1282
69 465
2725 2416
2745 454
33 1684
2538 2374
2405 1851
2223 870
2996 1014
1034 1456
392 1584
680 2323
479 1910
1173 2824
471 1976
1109 2627
2143 2703
1897 1776
1710 2723
1950 1844
1893 1942
436 1331
2797 2567
1096 2659
2178 1585
1633 553
743 2147
1672 550
2818 317
2713 2298
2660 55
484 1859
2236 1475
634 640
29 2439
433 1395
1800 358
1305 2714
1211 2427
1774 2115
1539 548
106 1113
2555 1774
2286 2084
2444 1981
1828 134
458 466
2495 843
870 1137
150 2341
2361 1311
957 1571
1797 1027
992 527
2807 1863
1405 1674
1311 1506
2556 1009
2389 2083
2538 1970
1899 446
2213 1160
799 1420
833 1688
1812 494
1691 1816
2069 2127
2928 1738
2114 2757
44 1824
218 123
2927 2419
1014 819
1776 1365
759 1582
2420 1559
626 2265
70 368
2928 2951
2484 1612
1634 2513
372 2431
239 1768
562 25
1634 1875
216 201
1804 2279
879 1391
824 2296
2250 2042
2039 2877
2269 2135
1357 2448
734 2943
2175 1986
899 366
1383 196
2762 108
1066 306
840 2762
689 556
878 2270
242 734
2699 1631
2700 930
75 1687
2483 2642
715 2174
870 2384
347 2099
1319 343
2979 2566
2413 2087
1183 415
2500 1295
2338 1743
1161 1768
853 2725
1736 2277
2628 509
1884 2646
1665 2886
2819 180
1313 158
56 2578
1702 1506
2550 513
1259 1257
990 961
2555 2168
450 2777
2874 1680
2269 1696
2129 1185
2114 709
1452 359
1346 194
1840 1056
1378 1936
126 1056
1008 2713
757 1613
2155 354
854 436
805 672
630 172
2750 315
548 2040
1514 346
1441 1684
2613 732
2203 2977
103 2140
2889 1413
1837 1404
9 2108
572 599
1854 1946
1460 927
2669 2352
642 2498
567 1104
1935 380
743 2547
62 1202
1620 1172
395 2111
2394 2017
48 235
2125 1438
1803 2433
460 1288
1734 2306
99 1747
2325 1366
66 525
378 1634
797 2446
2180 313
1815 1456
2138 2001
1065 493
1170 539
2506 796
1764 1643
1366 2730
2025 64
2753 43
2023 2131
1985 980
2848 2426
1161 1276
813 77
1823 1807
2618 1518
192 2400
353 820
1945 468
1807 1065
2130 392
2209 1389
2071 121
1116 2952
2860 1431
1175 2654
2466 323
2835 708
2196 1119
1553 967
151 1984
860 1942
366 2786
1240 1697
79 1401
1782 1602
86 539
353 138
1365 971
1844 590
2278 2419
260 2288
767 2569
1896 2419
1851 1983
2662 944
2297 1868
2213 773
1702 1355
2163 1135
1100 2231
2170 1958
345 1106
1836 219
2275 815
1298 857
1614 2335
1420 1023
96 402
215 129
291 2856
2321 2605
2240 29
2146 1465
208 989
2840 1382
2702 2764
1586 702
713 1089
700 1331
1832 1504
171 2411
811 272
137 2488
2900 437
2411 1492
1817 1265
2807 2880
1207 2541
1942 2993
2876 1755
1365 33
586 2500
1940 324
2426 1552
1830 1135
2368 599
2231 1206
2477 823
2662 405
519 833
1553 48
167 2594
1070 1803
1888 843
1398 419
512 2379
297 2795
2429 2354
631 1804
34 2144
1468 515
86 1073
453 1369
284 2799
626 1985
1226 1093
2803 2786
1531 1033
1027 2092
1304 2659
60 1300
857 908
1216 91
1069 302
381 1443
2803 1725
1993 1576
2319 35
2425 2143
2764 1833
2415 1059
2389 2411
414 586
2578 2042
2918 1014
1597 463
1675 457
1582 1128
269 2242
2454 1782
1766 2489
2103 1859
2336 2351
2302 668
453 2467
693 2219
2645 159
2521 1315
1757 269
1072 122
1105 1900
2081 325
444 1464
447 559
263 1262
2680 298
2477 184
2861 2058
1747 831
471 2457
1799 789
1911 2038
1468 601
2029 2428
1610 1909
2104 247
144 134
215 2116
1489 1145
2246 39
2711 1558
2731 2802
2784 1433
1919 2210
2546 1651
1585 1674
1223 2323
668 2829
1193 2319
2376 2210
351 1793
1639 1727
2683 654
2023 2582
964 1851
2658 1568
11 113
119 1279
832 2584
2488 853
2674 1095
1948 2713
1172 2560
1634 2994
2229 374
2943 999
1702 1404
1370 1272
1447 2554
1060 2738
1620 2640
2298 1701
1634 234
2380 2477
1623 1342
1481 2870
1531 414
766 916
79 1545
757 1954
2291 1327
1846 1942
2911 1800
2722 118
1484 1863
1152 568
170 1691
1799 2518
687 925
1142 742
1999 1170
2740 2084
1101 84
2114 1580
2491 1251
2913 1042
614 532
1490 1308
1185 748
1383 2175
1009 402
1580 1909
2115 28
1144 1456
2350 2757
2893 1394
2992 2648
2368 2359
880 2590
210 2708
2582 2000
406 1382
2819 2145
2657 2691
1512 1069
779 2809
1099 1022
1730 1700
1026 674
1174 339
2852 1459
163 2841
1844 1041
1649 2613
2772 1787
1219 806
2341 450
1163 2302
1136 439
884 1106
2854 2267
1464 649
2473 2790
2055 2120
2809 2488
2883 868
911 1182
272 910
376 154
1652 1886
2128 2390
855 2143
618 1044
1966 2367
671 2651
11 474
476 169
2795 2799
2848 1822
2269 1102
1068 2309
1231 1579
571 211
1844 1209
91 1547
1628 217
536 2063
2665 1788
889 1811
2341 707
448 2355
212 965
2181 1432
938 1833
827 207
2825 2304
2699 2189
433 1625
2155 60
176 2706
574 793
1171 285
885 344
1566 2745
1086 1134
360 1307
1472 1424
1522 1492
1779 52
2172 1808
2166 1648
430 926
281 2042
2898 1864
667 2920
1691 822
18 758
2671 2276
1480 937
2666 1878
301 1463
1116 2975
2383 1931
2451 549
2379 1443
2396 2920
2220 1908
2911 1880
17 1600
50 1215
2580 1507
2690 2185
847 2349
455 1469
1006 1931
2416 1455
798 2193
1969 1660
764 2042
2502 1039
1010 2691
1820 2602
1835 1597
480 133
1546 1087
310 313
1097 269
930 100
2291 1711
1266 1165
2581 346
59 2115
316 1959
2337 1439
1534 1973
1722 2571
2681 1656
2070 2254
132 1364
440 2508
1317 496
2506 2829
2418 2777
2940 497
1094 1923
2358 911
588 2296
2982 2464
2708 743
2972 489
937 537
789 2983
598 634
1482 1025
1644 2461
350 1168
2494 739
478 2649
1333 2170
1034 1375
1647 2327
1507 935
1318 2409
350 780
2868 961
739 493
1848 2123
1243 1953
531 1193
1725 64
303 2974
940 2758
2816 1507
579 2750
352 473
1099 1851
1661 1633
870 1107
2297 983
1270 723
1919 2464
2372 1948
2849 2515
1144 1034
1988 1389
1830 1055
1236 1919
2755 355
975 1248
1760 2575
2390 2945
1627 1082
2250 2342
2676 506
2127 1604
1616 1863
1212 681
1271 2346
2019 852
1683 318
2047 1174
633 1107
1834 2082
1722 2931
731 682
1799 2885
923 2178
235 1285
1569 2383
83 126
2427 1701
2448 2512
1641 1381
2042 1432
2858 771
2025 723
49 2633
903 2442
2551 1566
2261 2328
1093 392
2507 2377
1342 2099
133 911
136 1646
1114 1994
2702 1110
2119 2352
1452 469
1238 810
1034 2341
2492 2476
2521 1385
2903 852
929 2709
127 2421
2114 1702
1297 1798
2545 2308
1051 1050
1995 205
2762 692
876 473
2573 134
122 901
610 2615
2076 2720
716 820
438 58
1498 1542
2963 2284
471 2266
2282 2495
2847 975
1511 9
1015 1988
285 2885
1819 852
313 2016
1861 85
1537 2893
1428 1736
399 2401
1542 515
2610 499
925 809
1989 1850
1634 2657
525 2353
2363 722
2468 2473
2278 2646
1039 966
1890 2548
909 2306
2273 196
2725 2079
2038 2602
1602 435
1057 460
1211 245
1658 1506
1742 130
678 2962
137 2322
1140 1002
2989 873
1720 1403
1682 244
190 364
1291 2655
1242 944
828 1737
849 1669
1509 2814
2434 1697
1765 2852
64 845
196 787
2953 522
849 460
1794 1768
2830 216
203 1145
1176 1820
1164 733
2088 1924
1690 1271
598 2481
1964 73
123 829
2051 1266
2272 179
940 1687
371 1047
2237 1308
1573 556
1519 1176
125 559
1399 2551
2648 790
2471 1602
141 1732
2176 1755
2187 2185
1235 2826
1424 2016
2734 710
1763 880
1092 1353
938 353
2377 442
876 86
1350 745
666 2516
1992 560
1725 1256
2754 2339
1563 1197
928 1793
714 1919
622 916
1434 2032
122 1493
1466 2854
1984 2578
2032 224
1696 1604
1648 1466
619 1897
927 592
2890 1364
1540 681
38 2204
2808 2358
2777 1219
159 2273
109 37
650 1657
134 742
976 1756
1449 1318
2452 967
2379 1651
2994 2114
1579 1468
853 2884
412 1308
1740 627
2365 1508
2421 2607
340 2115
53 1168
355 2550
2768 2353
2697 2779
2934 1063
1307 1170
1057 2065
1061 1854
127 1978
2122 2866
2784 281
2211 1491
1536 661
2433 1705
1454 2675
602 876
811 2212
620 1239
653 1726
1958 2348
1256 407
2627 2139
465 670
1946 1183
984 712
825 300
588 704
2564 2772
2441 86
1180 843
1415 66
2065 849
1152 703
1133 2600
2440 1883
2732 1194
2354 1556
2954 2528
23 1962
2126 2185
2069 231
2619 2646
1618 1701
2077 395
782 537
368 2270
2083 1029
2107 1377
220 2077
1725 1270
1350 2507
2748 485
276 556
1738 217
2833 2224
588 2171
2904 2321
1495 750
1294 900
2856 536
2903 40
2572 880
1355 145
1197 2351
2092 2477
2432 1237
2577 1691
405 189
1213 2721
933 1917
631 1231
2673 2894
1886 2803
490 775
1689 650
2582 441
1767 234
620 1423
498 2526
1973 2825
781 2256
2370 804
33 2728
902 1188
1486 2031
32 1460
673 1571
1690 1280
1995 522
2193 2769
338 2830
1282 2993
1964 2998
1959 1738
2083 44
2450 2811
1593 767
2298 601
2493 658
2401 1475
1899 1579
1882 776
1712 182
1861 1411
213 67
2114 2324
1008 1433
1416 69
2302 427
111 827
2955 1233
2466 1639
2313 1124
640 1701
1561 2647
2916 2059
1527 784
1528 1986
978 1953
1640 1708
130 1676
1231 2360
2356 319
1092 2462
661 537
2516 716
2006 1921
244 2189
1049 1665
1476 2799
1229 2620
2167 534
2380 1810
2751 1001
1132 1878
1936 839
1507 2376
42 2656
908 711
238 2842
2478 716
167 223
2994 1067
992 1866
1684 567
2871 2051
2985 1747
1164 119
488 1763
1897 326
1996 1664
530 2577
2663 1496
733 1300
2977 444
437 2917
2999 358
705 749
1737 1375
2105 1162
640 1137
497 1090
2599 271
1364 1583
1971 991
1726 1531
748 1427
2510 5
804 1260
949 2149
10 318
1875 293
1307 2296
782 461
477 2644
338 635
2251 112
791 589
939 69
2913 1633
1087 747
1207 2874
323 1685
2439 269
2610 1197
1761 1813
774 802
580 2680
641 686
308 2942
1098 2822
1020 952
2908 750
2073 890
2315 2519
460 797
2373 1284
2607 2548
2623 1937
750 941
1120 1962
631 2550
1442 633
2304 971
1455 2335
2501 2516
800 2752
2013 307
2850 971
707 1293
967 1546
1651 2120
2141 2590
2171 1213
1168 1352
2039 1685
2834 539
2255 2430
2467 1027
1694 1418
2305 120
1981 588
888 271
595 1954
2408 2173
1728 2261
1521 2985
479 2532
868 1995
2921 1007
523 667
2319 521
2465 1583
1072 86
2543 820
57 567
2331 346
1884 2731
1529 1475
2396 1209
2605 747
1091 2637
2304 2543
2101 560
1136 1371
1343 1276
648 1900
1368 589
2903 1329
503 1406
1585 740
2858 811
2778 1736
1968 2346
64 833
2746 1631
1279 1078
2348 1624
2057 1828
936 1291
658 911
615 972
538 2102
2302 1766
745 1529
1243 2391
2647 2702
814 1508
1868 983
1148 2214
2135 2114
720 1867
1841 2238
1715 1888
976 1865
590 1793
1480 2501
1863 2167
1154 1449
2971 1371
2398 1912
779 483
2512 586
117 534
534 2237
1014 161
662 1263
980 311
2856 582
930 1443
652 762
1174 2945
2434 113
2917 2589
874 2067
803 2516
1759 1093
887 812
2596 2839
2954 660
689 636
312 818
2615 1850
2916 2574
2582 2114
2135 2649
2332 1068
2336 353
1747 1796
1390 874
1054 1414
1235 678
1888 1726
1218 2583
2850 2055
2759 1502
616 1647
1838 1728
1269 691
2120 2239
86 1564
337 1566
434 2707
840 2453
2595 64
2700 2955
1280 1604
43 1570
533 1300
1371 2171
2775 2051
1379 2850
288 1341
2744 2028
2940 1191
933 1430
531 504
1324 2247
2175 1816
1397 1672
2415 545
2529 1057
363 1732
479 653
173 672
864 597
1143 1853
2163 1313
242 339
1516 1372
659 1707
538 2928
110 1520
1539 2628
1058 2278
633 2239
446 884
670 2761
1236 2067
1408 2681
2550 1305
2985 2637
513 1265
1989 1130
1310 2618
998 2847
764 2375
2508 2195
1768 964
141 956
471 2510
841 2502
276 636
428 688
1834 1951
910 2421
1664 1309
1209 902
2516 774
656 152
2823 251
478 1549
902 1844
2897 2166
910 272
1451 111
833 681
1115 2771
1256 64
2716 2791
2975 232
1915 2670
1555 12
1096 187
1616 2834
2707 84
658 1294
2986 1818
1568 1732
37 1922
1182 499
2107 633
2732 1273
2937 2112
2147 2410
831 2069
2039 2412
1463 279
596 1108
711 742
1337 1818
472 2267
506 1930
1713 497
1164 2702
2602 1180
300 2805
1485 2151
1934 1935
2155 584
1294 2973
704 2113
282 2934
1822 2272
236 2144
2492 1090
974 1989
1125 2675
1427 465
1891 2540
84 44
1978 910
1568 958
1208 2675
1333 1643
2707 2033
1495 700
2048 1537
895 1948
552 2125
633 1564
2687 2309
457 698
2636 898
1909 1758
757 597
1172 1113
147 1301
623 848
2186 1354
818 371
1965 753
1703 1326
724 1969
976 2436
2270 1097
1127 1548
541 2200
1145 1684
864 1639
1250 2021
2994 1029
1890 811
1419 609
1337 310
2631 1476
317 2040
2298 731
361 1007
2881 843
53 2800
2068 2773
2778 545
2927 809
1616 64
646 2973
2883 1615
2798 1670
759 784
815 2132
1027 1357
937 392
1300 590
1463 1467
1352 56
876 203
1553 117
1398 2218
2785 240
1492 1552
2657 1013
2752 2433
1048 649
2448 445
1041 2601
835 2178
1714 1267
141 2998
872 2456
2888 2220
210 2836
228 1225
807 74
1984 2777
770 1131
936 2077
1345 1955
878 2178
1226 1760
759 539
1461 2778
2711 2699
1714 1597
1437 1997
179 1845
206 1088
1894 2617
2388 1001
2026 2281
488 2572
1065 1073
232 2877
2269 1442
2539 124
2096 1802
131 507
1287 1928
396 1235
2158 486
1231 686
413 1336
2648 1624
2463 955
296 1992
1107 50
1639 1377
110 1339
433 2710
274 911
1014 2372
2456 1435
516 1264
1217 2083
2640 105
2161 1178
207 2657
2193 2702
2437 2742
7 330
1670 1899
1851 1203
2884 2943
1837 2915
704 1248
1236 935
1685 684
565 1686
2269 2777
2997 632
1225 630
2114 1025
1067 1164
1664 1969
851 642
2655 216
434 1521
213 576
839 1698
35 2172
903 1367
1845 1518
244 2887
104 2277
1110 1442
1639 881
2201 1156
2765 1022
1326 351
1996 2701
2761 123
224 16
2585 1899
611 544
1074 2237
2721 2304
172 1031
888 2114
1074 938
2834 1701
1364 1147
2034 993
1618 2181
1818 474
2634 2892
2652 2164
2420 2791
767 2521
2855 373
2661 2140
1491 2408
2042 2346
1402 2361
497 1678
1835 418
74 512
2795 1589
1151 2140
1130 820
2845 1029
1507 2982
2218 901
1198 1124
2885 2857
1908 2844
2669 2685
2986 51
2762 2837
137 396
1668 2162
968 288
1763 230
1451 1293
2657 2114
1420 2485
2579 1720
719 2317
296 495
1206 1118
2236 2136
1091 1285
1368 727
88 1031
1720 1128
558 865
1319 873
234 633
1437 257
2271 2979
84 1832
1698 1950
189 764
2078 1980
1313 2554
1756 602
2247 1603
481 993
1540 1475
526 1752
368 2178
1634 514
598 1068
299 1895
829 1350
1852 1832
2506 1301
2951 1455
222 2401
650 266
1845 1822
2327 456
2093 855
121 2605
2465 635
2209 1321
2079 2161
2655 2056
2940 829
1844 321
614 1798
2221 1276
24 2324
165 698
1496 1157
1189 1094
1492 671
1570 1350
1041 2971
1306 2389
2583 1225
1385 1687
139 78
2137 528
864 1628
859 729
273 1775
2124 1046
2261 516
2955 2808
1583 2459
2188 730
1634 1455
342 1940
2371 2315
2541 2874
1709 1268
2998 759
1164 282
295 1611
839 2047
426 2336
451 1362
1998 1743
2573 2895
2149 2200
1222 235
715 2730
322 2873
2710 2430
2741 1030
1186 1411
2018 2719
678 2951
1139 1648
44 57
1053 2638
1676 423
412 534
2691 627
1347 71
2755 1569
1621 447
405 1050
2687 2624
2364 2422
734 2443
1778 1073
1521 780
1252 1938
1765 1429
1807 1690
2034 2457
591 777
267 16
648 2927
2959 2564
1656 1039
1737 695
2296 439
556 941
2352 1872
921 1362
758 1605
2540 137
2412 2284
1129 1039
1072 2907
895 86
85 2426
561 2531
1805 1974
907 2138
1484 1725
1019 415
1982 1937
2307 352
2288 926
1634 870
392 805
2090 2373
2807 1886
820 952
2238 902
1099 1610
1198 2425
2548 860
2745 100
1114 2387
2752 247
279 1764
1635 2008
902 1950
1090 1065
1141 1772
1233 169
2403 2026
1887 973
956 2733
517 757
2767 1275
2599 2308
1966 1735
2621 1684
1491 414
989 426
901 893
1753 1390
2023 2836
2530 1593
2446 955
2939 2712
2084 318
2634 570
2010 2951
124 1128
104 871
822 1025
1009 2355
2802 977
1936 809
1090 1327
1243 2448
1151 1068
885 429
47 1952
1535 1871
1007 104
672 1490
1368 839
1824 954
200 1792
839 727
2548 1242
498 1441
226 2125
2561 761
2698 1456
2545 1322
198 388
1171 1287
307 1184
338 1238
2971 2396
140 1563
2686 2967
578 527
439 24
2535 1727
60 964
694 707
741 1384
2131 629
1322 1493
476 2770
2881 2735
2463 2879
1243 590
118 836
1066 1519
2930 2617
2940 2276
2334 2302
855 1100
1291 1147
2977 71
1270 2082
209 468
2697 1287
402 1553
1429 21
1371 1274
2067 2261
1809 701
2248 2363
616 2194
1369 749
1525 2787
1833 539
2007 368
429 2769
244 2117
1497 823
2735 2406
1363 2551
1994 2799
1472 25
1009 96
2053 799
2484 2301
2308 1439
1390 2842
657 2302
1339 1929
2801 2077
286 2332
1342 2135
2103 2864
2912 1532
895 2778
2754 2384
1301 439
172 963
171 610
590 533
1315 1875
154 2103
964 1222
1386 1822
1211 94
1511 2427
2609 1795
1641 2539
2574 884
1705 2083
2587 2170
1166 2819
674 1657
2622 462
1463 2088
2663 207
711 2276
1055 2593
2216 1196
826 236
1143 865
2611 1814
2043 1765
2494 1776
2750 2632
2679 413
2422 637
2522 2232
2560 1567
1719 1610
46 2518
2042 2578
2523 1916
2064 2156
2626 2187
492 2309
2447 568
2391 2092
2337 1341
2994 2535
1165 2330
2297 2336
1635 1846
44 665
685 1600
260 1037
323 870
1405 310
1235 2951
2092 2277
2755 1931
1078 2160
1793 1956
789 2006
2441 821
1411 1291
1244 1803
740 1031
2435 2614
687 727
262 546
771 2212
418 1623
2045 1548
2332 2036
1060 2787
396 2783
1461 56
1658 1741
1921 330
401 2978
427 365
1421 2924
652 295
657 65
2548 1687
370 713
1612 1771
770 1849
599 1345
385 2478
2812 2408
893 1059
2803 1626
143 1923
2920 1076
2657 938
995 2291
2425 2978
1439 1398
1796 1222
989 621
1669 482
2621 381
1703 1642
2643 417
566 2510
683 1604
2056 2801
2905 2812
325 279
2260 2671
754 2544
630 2223
1300 119
1736 53
2722 854
1475 1816
2588 2134
1407 2411
880 2102
1560 1225
2464 1765
1867 1000
2228 1083
782 740
2112 2820
1031 461
909 664
2812 1033
2912 2666
1107 1705
724 2192
2156 313
437 412
495 1241
1468 1931
2290 1429
2081 2719
53 2042
118 1204
2512 117
2317 2867
64 2145
2667 252
2167 102
1842 1442
1077 929
260 413
1228 2987
2339 1993
466 1214
603 158
1779 1795
885 1651
1407 326
593 2496
1109 459
2551 1970
2630 826
2515 581
2979 152
2431 2367
277 887
1671 714
2232 2863
2840 742
160 2458
1090 1213
2742 175
1552 2721
2947 324
753 1595
2972 104
692 916
427 867
2064 1608
1371 1271
2262 2127
265 779
2177 1667
2391 661
1193 909
922 818
1719 1261
2130 173
587 2708
1108 228
2711 924
59 2095
646 1522
43 2591
981 2527
2694 399
879 7
1807 1301
1915 2016
1761 2189
2870 1442
2925 1120
1958 2647
1348 500
2145 1579
373 2375
83 1591
190 554
1248 2
909 893
716 986
644 985
1272 1787
2971 1842
138 1691
1481 2702
1306 2526
216 2246
1680 1548
2284 203
1565 56
186 4
1329 438
1975 2160
2378 2598
1221 865
1564 1110
349 1989
140 1243
1573 2848
2245 1181
1331 1089
552 845
2843 2117
55 1258
317 548
643 1437
104 2040
1276 2030
1334 1496
596 849
1798 134
1278 2723
1503 346
2595 552
923 425
1513 922
2413 1521
2407 360
533 2551
412 2694
487 86
2880 937
972 2660
2362 841
370 2608
2471 546
2699 1565
1600 604
450 2758
1350 43
91 2387
1459 2261
598 2513
2036 351
2391 2477
1160 2523
2445 1377
1913 2998
514 1716
2141 206
1468 2867
556 636
536 615
2191 2810
932 1787
2967 616
1209 281
1230 625
2323 2341
1050 80
2372 1723
2738 10
1529 2753
1236 2290
1287 2198
1051 2413
1921 60
445 86
1890 304
2372 1741
1810 2573
2751 1267
1632 427
638 61
335 1016
178 2469
1701 1145
2487 402
1763 217
974 417
1803 2057
472 775
151 450
2946 1119
1326 1703
909 2545
882 2110
1381 1790
2167 2583
2656 2311
2092 1810
2469 2627
2835 2208
2412 2401
244 1117
2676 1435
174 2723
975 1371
418 1743
845 894
867 1593
842 373
1258 2414
2481 2529
1375 2391
172 1108
1878 1903
826 1439
2142 737
312 1919
2025 86
1110 1133
1886 1278
2928 880
2022 1097
2939 2759
1947 494
1151 208
5 2417
998 899
1892 2843
184 1184
1137 2573
1251 122
1966 2131
2718 466
2630 2067
869 2177
650 642
2590 1192
858 794
1700 1026
339 2783
1901 1100
1741 294
611 2197
453 168
1443 885
1489 1776
1622 2567
1173 1308
1470 2618
744 747
2641 86
255 1330
98 1744
592 731
2167 1953
2073 374
1213 2333
1429 2370
1752 1578
2855 2355
2580 1260
487 1659
1212 968
2385 1242
582 2513
2322 2783
639 1284
2375 1854
1155 2893
373 1546
545 1538
1325 1130
2903 1094
971 337
331 113
2885 1821
1657 1520
1496 471
627 1929
1144 2426
2018 876
2318 2538
2502 517
1628 597
2174 715
1795 3000
169 1696
2597 1477
1399 2800
1551 1323
2435 628
1976 2510
344 1804
1070 2040
50 547
2185 168
1496 1451
1521 2087
2579 2987
2485 2925
823 1399
1589 1819
1856 781
2093 1344
1149 933
1275 1054
2535 2880
316 2572
2013 1409
285 2094
1284 2303
402 2491
352 1107
1426 2651
2547 2112
2604 616
1050 94
1406 3
895 2250
504 419
2062 881
679 977
430 2050
1329 868
660 13
1710 322
1499 1537
1787 19
1472 428
2520 1673
1376 2433
1116 1327
946 204
1603 2508
1203 1796
349 547
147 1543
2647 1501
827 1397
633 1268
898 1
979 2636
2922 416
1906 406
2178 1046
1379 292
1871 2288
566 2054
872 1355
1888 2193
2503 2049
1225 1991
2347 811
1888 138
2870 1991
1736 2784
1705 234
57 2284
103 426
1660 2192
2221 1223
1687 2279
1801 2068
284 1189
1792 2302
103 2661
1269 2684
1188 667
493 492
197 791
960 1220
97 1178
778 1281
1054 2910
1147 1437
2544 2435
2824 1244
2183 2853
1637 1523
2731 648
926 1408
2901 1428
2707 2307
743 738
707 2107
2492 588
312 1260
463 1001
1446 1438
14 183
772 1988
1118 2143
2722 1154
2174 2314
1426 1443
188 2376
2126 1634
206 215
237 1247
2983 4
511 560
343 162
1749 1648
234 1442
1797 1375
418 2294
594 1036
2314 1496
2160 590
670 772
2844 1735
2867 378
2422 1791
2653 214
988 2612
2048 1074
1773 14
1456 2114
697 2313
585 2085
1275 938
30 1825
971 294
2010 1132
1227 1343
2830 1147
249 1285
1599 72
877 696
520 2862
1467 869
158 1000
169 1433
1595 2128
1290 1163
967 2886
2645 2823
364 2236
2039 2443
1759 2375
504 1398
2918 1928
1632 371
119 1572
1009 251
2652 1538
2348 2991
1436 2173
932 2527
2355 1665
1760 1441
2858 2548
258 2216
1039 374
1294 646
2205 1173
1475 952
154 30
1475 353
1421 2800
1031 608
2507 2444
2418 1316
1494 1243
883 68
1020 2789
1156 1118
2195 675
2679 385
358 257
725 1398
1515 310
833 934
1147 2537
925 2128
169 1389
914 1858
2567 242
1589 143
2333 2476
1105 2211
1587 666
1490 1093
1443 952
2876 1917
1572 1937
2537 640
2751 2209
1500 86
2346 704
608 532
1403 2988
525 2613
1804 2644
1882 335
2152 2067
1016 458
1261 1153
2588 1133
1529 748
2839 2044
2735 1017
1527 446
104 1904
1917 1203
2255 292
86 954
2561 1373
2234 2741
383 829
782 412
37 578
529 1123
2009 1137
192 1837
2453 1615
2448 2046
1162 1283
264 653
1183 2556
1276 774
223 1656
2516 1941
1886 2045
361 2475
2147 2817
2893 742
61 970
2044 2071
2382 1248
765 157
501 469
2419 1896
1127 894
1492 1723
422 1537
1068 2764
2337 934
2136 2014
2082 2045
1208 1080
79 543
2237 2900
1808 478
1451 2880
1392 1686
1711 2137
2303 2086
2811 2508
2277 1025
1385 2829
2318 592
2302 532
361 1537
2754 819
422 461
41 90
1477 595
816 382
1610 1261
597 1613
2262 615
291 2763
189 2126
1154 735
990 289
1850 1269
350 48
56 1565
2569 1290
2223 850
1661 2080
1652 899
1114 1385
1688 2916
750 1154
2197 2387
1678 1650
2316 2693
2563 2364
2285 1000
2126 2292
2927 679
2619 897
755 506
548 1142
1464 1197
310 2875
899 1133
1702 3
1863 1256
2500 870
2372 1073
2927 346
2867 719
2772 1123
2537 2289
2205 2475
1051 1298
916 696
1934 603
942 200
1179 1103
2661 1631
1276 1521
1076 2672
309 16
2413 1227
2426 86
1969 1623
2799 108
470 605
2159 1387
1267 1623
297 985
1161 1618
581 334
1495 844
1786 75
2431 1414
2527 2344
2501 1050
1255 2447
1243 954
1936 1564
2831 1892
1499 994
993 1811
1230 2593
1612 2330
535 1763
148 302
287 1038
329 673
2561 922
946 1131
1363 2212
900 671
1138 1294
894 2096
1192 880
2725 2943
202 2810
2226 1175
240 959
831 972
330 1102
684 2081
58 2387
454 1746
693 2484
446 1785
1598 2588
76 2132
1193 478
186 879
34 1489
2412 2223
1999 1437
1852 2621
2661 68
1480 857
1465 1768
2369 607
587 1735
1738 9
516 1728
739 2083
943 2969
281 439
1354 403
261 2026
106 2959
1137 2039
2749 857
1900 2413
478 1734
336 1876
2441 658
132 1456
1766 2334
2525 365
1428 1352
2735 1730
2745 2721
481 111
2015 2691
646 2055
2299 2936
901 1574
1743 418
1059 122
2869 663
1614 1455
2867 1106
1622 883
2771 2051
286 2761
2210 2464
2384 1506
1909 1580
1986 927
747 373
271 420
2012 2622
2800 399
2955 169
799 2245
2614 562
789 1102
2840 1849
332 1227
1838 146
1342 2798
2462 506
491 297
639 1107
2021 2187
1294 344
2372 819
291 1578
2519 677
764 73
2242 2178
1944 1160
1249 1337
1591 186
1691 820
637 1724
2524 1698
247 204
2552 1090
2136 364
1689 2935
249 1161
2727 498
1898 2179
2267 2498
607 2787
735 1082
1791 735
286 1002
36 893
73 257
1214 520
1678 1778
2857 1102
2721 1723
1308 1280
428 984
2334 2569
2772 959
1957 2510
2997 2369
1005 2889
1947 2231
1334 1366
2893 305
25 428
866 1225
491 1454
2698 2391
1489 1684
129 2590
80 481
2543 222
2040 1526
2075 357
1928 2834
633 1110
1632 826
1662 2555
241 2869
553 1205
2972 1949
368 2973
2896 2371
1272 1243
682 2027
922 2464
1818 2439
1631 2746
305 614
2576 377
2167 2763
1638 1562
621 2746
3000 1434
2758 2479
2203 2719
2616 1090
756 766
2900 534
40 2268
2749 1211
271 2599
1892 1466
1106 1542
612 2332
2297 68
1051 94
1068 2513
2047 197
1721 1584
664 521
570 2009
1162 680
899 1626
683 1398
2647 2587
2523 2154
1566 1970
1243 1634
1257 2194
1262 2207
646 1691
978 867
2437 1518
2389 567
1248 2296
317 2877
857 1718
1766 668
2434 1634
2259 1028
201 1956
1602 1246
1711 2434
883 2677
492 2083
1666 2530
806 2250
583 2949
1541 1154
2319 1010
1436 1914
39 1237
860 1242
525 1060
2555 2849
954 2005
2688 1966
2167 86
388 2483
860 1551
130 1275
1308 203
1303 2472
1454 18
749 1183
1489 493
789 1287
617 354
643 1956
1662 809
184 1078
973 821
1499 204
471 680
462 871
1517 1670
1804 2745
1863 64
2115 346
2944 2441
1516 1210
2799 2993
654 600
125 2674
663 2215
2489 1315
152 2271
1667 2285
2888 2451
1226 2607
305 367
626 980
866 630
1613 1254
2150 2906
2094 1130
804 2067
2430 2255
2317 2509
2000 2257
1558 2709
903 973
752 2412
2901 1352
1693 2562
1709 2066
2581 1896
1232 418
721 236
1623 463
2682 1370
1684 44
2825 1741
2693 2429
2477 1566
2471 2234
231 1578
810 455
2174 2730
818 188
1244 2040
1698 2031
2261 1919
533 1325
92 2356
2984 623
2726 206
2379 2926
686 2574
1949 1828
2488 2416
1133 2764
1618 1014
2146 1530
2328 1342
1388 467
1195 2184
1684 1489
439 1090
1563 1580
349 78
2219 1742
2685 1421
1294 1552
2333 147
1738 2597
2694 1029
1823 608
1190 890
2925 2657
1621 559
1116 640
661 2698
2231 2356
1396 842
2814 1368
766 1819
238 1147
1548 322
2858 1551
2610 2944
931 1262
1287 2779
2770 2382
2493 2610
1983 1203
2620 1942
618 484
2610 790
2829 867
2747 1026
2088 1712
249 1227
1955 315
447 2646
2145 2509
2510 1283
2021 2657
2834 2917
560 1992
122 1439
2678 552
2262 582
293 2018
812 1062
901 1048
46 1102
2187 837
357 699
1593 2521
733 2160
1359 1320
2153 227
1300 1164
2813 675
1505 283
1856 2214
893 2872
1672 2730
2277 367
85 338
487 2808
653 601
461 896
678 1024
1633 623
245 1713
512 1145
12 1092
391 1505
2955 86
2593 699
1676 2739
489 406
897 794
2564 1255
275 2048
2949 2540
2583 2551
1861 2655
1740 1545
2195 292
1019 2985
1634 1953
2993 2470
2540 2322
808 651
414 2737
2012 2877
1068 2381
2459 90
483 820
1825 1715
557 2312
1483 1312
2301 2871
1835 1452
1327 1968
744 1675
339 2335
2801 2111
161 1928
1923 2008
2359 726
1294 100
850 2774
2294 2162
2611 561
428 2592
1208 2994
1869 2100
2963 1858
2101 713
1237 1583
1074 994
436 1389
1217 2727
1771 951
1517 2145
254 482
1196 1281
1276 48
2419 1586
2632 2724
2646 1503
142 2966
1710 1802
2369 2485
2439 2423
2151 1588
1764 1694
964 249
862 1901
1521 235
859 545
2613 659
1626 2541
1867 2142
2423 320
2286 1745
2438 2676
2591 465
2569 1875
625 2680
62 1568
2777 694
15 1641
2154 2628
1250 1896
76 171
165 486
1076 1950
2200 541
1167 813
45 2392
2949 97
1526 1131
46 2169
2483 272
1431 1825
106 1494
322 1626
2276 953
2786 1518
614 2277
1009 2321
2164 2785
1847 1873
1696 2172
2298 2834
113 878
1707 970
1231 1540
2666 1246
2455 387
2066 534
802 1426
682 627
2790 991
2748 1026
933 2064
2168 1412
873 2680
366 2835
718 79
2060 639
28 1250
2892 618
306 2136
1357 1797
1997 2655
326 2474
709 2372
1141 1952
197 1174
225 2263
255 4
2972 144
2250 1669
2362 757
2051 1414
2269 1342
2561 1838
268 2313
1140 1243
256 395
1364 2842
149 2702
319 2546
2366 1003
1791 750
2278 59
2755 519
660 1209
1335 1739
803 517
1768 1701
1251 1665
2804 2163
1277 664
998 1725
323 526
1171 2006
2421 860
2325 760
949 1649
1624 279
752 2240
857 1511
361 871
344 1691
2668 2643
11 2016
735 495
483 1048
2513 2763
432 2130
79 817
954 78
1741 100
1976 2641
2870 2702
143 1383
1770 2157
1068 1464
1346 2135
1183 2936
2682 2594
1 1745
2079 2366
2902 2022
2009 870
722 2114
2078 887
1818 2291
198 551
2033 2655
811 944
1448 1322
2537 1914
1011 3
1190 2480
168 1421
162 1234
746 1400
2884 2951
2706 1880
1146 379
432 1584
1666 1875
2420 645
687 2592
1121 1971
2601 573
2425 1795
2408 2046
2985 434
115 1905
905 2892
1174 589
2277 946
734 480
2617 484
2969 1480
708 2723
572 1812
1681 101
2447 1187
2333 1307
1550 1862
904 1075
1850 882
2449 2152
2367 2584
1038 1011
783 1901
291 2127
2560 1177
1243 86
879 83
173 575
1786 2630
1472 1045
1433 601
1487 2122
1528 1850
1243 2798
1570 43
2500 1983
851 2881
1791 560
1527 519
1372 2197
708 678
2422 1573
11 2439
2096 1710
2599 2482
842 486
930 1651
796 2334
1944 173
462 2752
2883 2795
691 1646
230 2611
411 2161
1025 1170
1863 998
1784 1593
1695 1948
1718 823
993 1957
2156 995
1417 1635
166 2989
2873 552
968 176
1340 1624
785 526
2937 2534
1271 1678
1967 505
2721 337
95 189
1385 2506
2344 2894
834 2508
644 2387
1880 124
1792 559
598 86
967 2827
347 2299
1464 2441
1981 1823
2511 1482
755 1395
2200 2768
87 1530
2770 1213
2951 2949
1860 1706
1997 656
2447 1380
320 11
93 1338
2638 1141
1099 2728
703 87
1031 570
1708 1910
418 1998
2212 910
2655 635
676 732
2293 992
2324 147
2370 1838
2857 2983
2905 742
53 1219
1851 239
942 28
1987 173
1432 468
481 2314
2518 255
2536 1663
1572 1218
327 1854
1349 1704
2424 794
1708 1726
2491 2187
1203 2413
1888 1565
918 1512
1069 2249
1223 1811
2079 1455
241 2138
1111 679
908 383
959 2122
1736 171
862 2846
1205 2038
837 86
2715 2054
1059 420
493 1101
2710 2450
1398 2745
509 1754
1710 2807
2472 2378
514 282
2592 1608
2049 1730
1023 2458
581 702
1600 1165
2335 2533
844 193
265 36
1002 670
1455 2540
193 88
2475 204
2207 1076
2699 1151
381 1128
1232 724
1276 1983
1204 1470
898 913
2639 1934
2879 63
471 1496
736 365
705 2669
364 1466
899 577
1422 2739
1714 1743
81 1144
364 2329
2876 2650
1006 934
1448 2130
1385 2521
1155 393
409 1423
844 854
677 2245
2561 312
1758 1982
2453 205
307 2203
285 1821
890 2344
2686 2751
1446 355
1775 2531
238 39
1896 2646
875 31
2807 1725
456 1232
1491 1552
582 904
899 2541
1919 1236
1027 2070
2732 158
1646 400
626 2292
2232 2724
541 2436
1791 2965
1628 2107
1106 641
532 32
2828 1563
591 215
686 1688
2583 1572
2725 2783
810 2842
2237 823
2620 765
130 957
2625 481
2580 826
1600 2987
134 1112
801 1770
1660 1597
1419 422
914 2689
1647 2388
2482 779
2726 2108
1394 1007
961 990
887 210
2179 2129
1453 1179
31 786
2407 619
432 173
1705 2644
2637 2320
2352 2904
2063 323
582 2304
2487 1759
2629 29
2687 2068
2031 362
1607 1717
143 877
1819 1454
2167 2821
2707 2077
2642 1978
412 1268
1559 752
228 399
252 2290
2460 1739
1079 282
2733 45
1040 2832
730 2579
1477 2590
2402 1927
286 1427
1323 2568
2296 2382
1444 342
837 122
1944 2213
2131 1977
1260 1236
1632 1260
745 2671
1383 522
554 623
403 2037
2941 1580
247 2277
2294 2725
431 2159
787 2453
850 2401
1768 617
345 515
901 1448
1203 1227
289 243
1306 2494
2648 2789
2302 2829
1879 613
74 1858
890 590
1564 234
2760 1416
1723 1399
1510 527
891 2387
1465 1227
395 2173
1929 875
743 2484
2135 2535
1139 1180
958 2226
897 2646
1795 1729
1020 1958
854 2848
2021 1774
599 86
2763 1406
2396 2543
1036 699
462 305
1884 1111
1578 231
1260 2667
1042 470
1797 2380
1423 2646
2596 1546
2590 86
1906 1327
2216 2462
2244 1837
2723 894
2301 710
1454 2268
473 2776
1095 1509
28 346
710 1220
1892 2236
2919 1944
2434 229
691 2999
948 1245
831 1258
946 2318
234 2764
264 2629
2465 238
1756 2922
1104 84
2700 1696
1503 1095
31 155
1387 1638
1031 1987
1871 834
1632 1717
1554 1005
2111 2397
2732 2639
2891 2004
2229 167
2861 2978
2031 1869
683 2206
1707 2062
557 1113
2179 465
1799 532
852 2197
1143 2252
86 2702
1855 1167
1178 2335
774 99
1275 2484
1206 2241
760 1536
2653 2149
1003 2783
2279 1426
1716 1279
254 1351
251 1116
1474 623
257 78
1634 2066
331 2544
1587 1420
2012 1007
421 2420
2842 85
1811 2221
2467 2690
2589 78
1099 239
146 2630
777 1783
2852 338
1310 1495
920 2661
109 1132
1240 1674
864 1613
1059 86
2297 787
2369 2768
388 2212
682 539
2260 1898
2657 1107
1956 412
2523 1023
2297 2326
83 330
2764 1133
1654 1526
714 2667
860 876
1032 2309
415 1343
563 997
2625 1366
139 2373
144 2752
2498 903
1547 1893
2529 2360
525 2084
672 173
98 2692
2320 543
2208 1725
86 1025
2094 627
1771 587
191 728
1243 758
1347 1501
897 408
1284 185
1367 1441
1851 2985
1549 779
2372 1928
325 2991
966 1871
2306 808
1461 2298
214 2227
578 580
939 1027
744 1634
1067 2535
2708 2486
2665 30
2173 1360
2249 323
238 2289
2488 1003
2847 322
286 829
320 752
608 540
1071 1607
943 1419
2480 716
2055 1723
816 2772
1105 2588
1327 1981
1029 1475
2467 1698
2775 988
2949 1217
2215 2061
903 89
2853 240
2413 239
2384 1603
2653 2154
1328 1636
243 634
2001 2709
2005 1852
1634 2971
2526 493
2213 659
2237 412
882 344
1936 447
1705 1025
2516 2657
635 216
2651 882
1075 2660
748 1663
2637 1107
2271 124
1803 2012
396 2943
876 867
2207 696
119 1985
2752 742
1518 370
2063 615
1817 811
74 2895
65 365
1445 2687
2855 2626
776 154
2821 2134
2572 2102
539 2694
590 119
807 2621
986 1129
208 2661
1050 2108
2109 583
2604 1001
1696 1300
2564 385
2167 782
1863 1332
1481 2764
500 137
1033 2812
1490 2284
1776 1852
2654 141
1905 161
473 1687
1637 2989
1821 1840
1198 855
135 801
1108 1538
2516 2066
1008 1461
2907 779
2054 2221
2709 1947
1687 545
330 1921
1303 1789
1710 552
2486 2301
2473 1833
2334 2684
478 1808
2275 1894
2269 402
1330 790
302 1836
2440 888
1108 782
1679 1348
2928 2116
1951 2678
249 2985
1865 1850
1818 2875
381 568
150 1333
1239 648
1544 2069
1432 1618
934 2182
1228 1115
1747 617
1481 1110
1551 2662
1457 1139
2737 2821
2624 325
766 2953
2895 2526
2967 1998
2974 958
2124 1001
2309 2005
2536 2513
1703 150
1660 359
1146 831
1620 194
1778 2476
2087 1768
835 1249
2995 1847
1601 2294
1468 884
2906 557
1146 2466
718 381
1142 952
2202 1336
402 1049
2803 1207
1311 1555
316 2597
1657 1043
6 2610
811 860
1503 2889
1753 2852
1852 954
1063 1269
1363 2858
2749 1967
879 1799
2659 1967
1868 1243
2320 1796
321 1025
1817 198
1309 1996
1927 1228
1062 1143
2449 1703
2575 2483
961 251
1878 912
693 417
1511 422
1104 1217
2901 399
502 1125
1718 1068
680 1957
119 514
938 1475
1769 1789
828 2787
2568 1935
1243 392
1296 848
1297 2277
2197 1189
2997 2154
2270 1249
2630 1632
2470 644
256 1861
915 166
69 1570
1200 1109
1274 1713
447 794
186 2981
1250 1595
1803 361
1713 2962
1491 1291
2076 1963
2496 825
842 1087
414 2408
1828 406
315 518
2671 612
732 979
1636 2896
1128 1403
1023 1831
858 753
2712 2624
1048 1985
2674 59
2279 2551
2123 2898
740 461
1254 757
2148 2748
597 1628
1654 1244
1868 2336
1259 1846
471 2715
1421 2044
1335 2273
72 2813
2610 2992
823 1709
1851 354
729 1775
595 129
2744 561
1014 1695
635 1237
476 2389
367 2924
2678 1802
97 2335
759 2635
2969 1051
2780 2615
2441 1982
1107 1029
2445 1727
2603 21
384 141
311 1902
1389 1170
1059 1289
2271 1764
134 2277
2027 2175
2572 2116
543 1170
2055 1970
392 13
1652 2595
1846 1923
66 805
1071 1393
2613 2823
2045 998
2614 421
2395 624
2416 2294
