10
10 10
80 69 91 47 74 75 94 22 100 43
2
2
2
2
1 98
2
1 55
2
1 65
2
15 20
26 26 48 20 43 2 23 39 8 30 16 11 21 44 45
2
2
2
2
2
2
2
2
2
2
2
2
2
2
2
2
2
2
2
2
20 30
944 938 620 469 618 272 824 206 561 69 654 539 993 634 994 592 793 45 74 418
1 986
1 669
1 924
1 635
1 56
1 692
1 18
1 651
1 202
1 202
1 108
1 292
1 202
1 464
1 768
1 939
1 818
1 583
1 322
1 13
1 815
1 960
1 626
1 342
1 443
1 586
1 810
1 235
1 563
1 47
50 50
99 99 99 42 7 99 7 99 99 99 7 99 7 99 42 99 99 99 42 7 99 42 99 99 99 42 99 99 99 99 42 42 7 99 7 7 7 42 7 7 42 99 42 7 99 7 42 42 99 99
1 42
2
1 7
2
2
2
1 7
2
2
1 7
1 42
2
2
2
1 7
2
2
1 99
2
1 99
2
2
1 7
1 99
2
2
2
2
2
1 42
2
2
2
1 99
2
1 42
1 42
1 42
1 42
2
2
1 7
2
1 99
2
1 99
1 42
1 42
1 42
2
100 100
937146987 977842192 913819554 991363728 990334092 920473744 967890259 979317036 990140069 986467520 905801363 986047591 975220275 966607714 939763826 902126529 919955947 919882084 962533559 910782091 987148057 998371166 982579929 965621558 961411833 998675514 996867231 902799246 923524587 925877881 921786876 931816096 929906756 986944222 905678282 995410210 984909400 959143840 961868836 995642231 954498015 990359267 941192847 941986275 903363178 992771798 957214441 947388682 984588666 913751561 922803632 910895309 996335065 902059389 940166485 984585741 988534293 926003583 921061846 991839102 926420326 914299624 910507774 921402679 973825496 986237169 954315836 977507439 979946526 932954580 907901328 957797990 930524402 991344589 955794382 944063517 974034352 961964075 963496233 999933468 926061677 909915416 909901670 909077693 987171806 988764171 918274661 948439800 936644402 977886304 950821047 903716788 900020719 991147273 932821947 907945267 972461361 973847924 915443874 987515059
2
2
2
1 992545544
1 955609349
2
2
2
1 989149902
2
1 980911251
1 911972450
1 950209087
2
2
2
2
1 901612950
2
1 925436693
1 957050212
1 911828778
1 956088498
1 980928499
1 929998381
1 958629473
1 957060885
2
1 995813002
2
2
1 995236079
2
2
2
1 948423092
2
1 913890366
1 993523266
1 953979680
2
1 953551625
1 986438013
1 991044729
2
2
1 943134001
2
1 912013667
2
2
2
1 919422021
1 914454933
1 983323825
2
1 918230926
1 988937900
2
2
2
2
1 950113380
1 921944302
2
2
1 990491747
2
2
2
1 998172075
1 927487045
1 994553173
1 920386453
1 988675481
1 907463346
1 947206486
1 941596692
1 988139814
1 998074643
2
2
2
1 926789653
1 996193186
2
1 994143211
1 997180054
1 913479905
2
2
2
2
2
1 934170685
2
2
2
1 986201108
2
1000 1000
561998 288873 36213 917917 338276 928577 873308 52335 980356 146619 449014 521056 929616 522884 674672 832849 594458 360289 177463 630562 393882 542529 690612 22047 461336 77244 612853 198809 920298 728442 562053 402254 772641 325450 217804 832796 550465 513298 709107 642786 648917 427601 589990 474910 750728 620773 133919 410491 396957 782392 406989 187205 79949 274274 346804 135538 263874 674477 595349 283794 746828 549131 262645 111144 105282 652620 194714 137105 364926 711419 432952 135287 536449 127375 686828 160140 528770 406217 732842 977503 363780 701397 454974 577833 18355 813718 981872 317664 97785 403804 761552 406972 654046 538424 480024 804481 32028 107316 65504 980257 598521 245794 811518 160687 242810 734341 71089 742798 28601 770992 992497 58108 951611 651533 48056 612673 547498 645253 27907 600190 728926 915658 333021 812486 161741 646715 862122 360064 259176 311894 623013 745297 318209 983256 360136 961959 322836 640827 414206 848475 798176 354940 749070 187747 33233 558337 644045 908976 414744 954559 105076 458384 443910 418700 240446 468956 800988 663741 75488 244933 4503 740797 753379 542801 192496 422368 279610 787301 623122 616896 357109 268391 473117 185406 73067 1673 561450 669041 274999 328798 459659 28899 670299 299663 595772 233352 550520 500601 412434 115757 366869 51786 802991 14069 817072 243710 530261 648113 278028 608583 477828 296035 880181 459770 193376 546666 713697 27751 989100 702595 764578 329593 704949 483634 423591 626178 580278 608226 37474 876748 246106 657137 869966 845587 860830 971870 505967 667512 766844 569201 196355 502658 895253 768450 997179 289471 311939 603821 171476 928350 493805 558898 901524 323033 887172 415498 566398 488225 618787 579378 552829 436948 455911 33020 152342 356481 714782 114555 646419 408992 360122 111137 887878 916909 810706 588683 981513 257616 238433 386703 278025 177761 658169 464926 954707 229462 887409 347419 112765 520316 326834 71803 659948 35206 586878 965743 116799 224436 723964 733708 945301 241373 201802 530280 825402 457137 612146 683455 431592 714596 870544 916949 99980 913976 891120 995716 36841 847592 17871 145560 712834 237639 596578 764253 11521 375591 589542 935879 881269 512249 547320 652589 52895 209887 70942 541781 340852 872708 525261 138787 355058 564175 564218 998848 830422 284558 327875 566867 870678 480448 269008 983179 109986 464671 299578 120017 996028 42376 33775 995178 212821 793705 739790 294273 772373 290170 88931 921265 701736 132344 238277 156609 767652 926283 179497 101444 555324 147339 380330 756256 656031 280679 791146 79869 176060 658811 279537 547395 428713 263457 450237 25085 450674 726250 937188 202229 913331 954810 289100 522529 322492 720938 913979 856047 277386 949677 954820 722145 397906 123042 651035 584850 910528 550709 270228 901920 858923 191170 331345 530903 549355 348238 962864 519862 892734 858024 872828 479314 135389 453565 782190 294330 460030 708266 681110 986822 594276 137974 539076 300832 385361 825266 55391 670853 612933 640811 329331 508738 789768 80931 280182 574015 646316 148740 794219 325073 877537 311989 808915 985842 825276 177384 898189 836740 282474 397261 781852 586639 754089 193844 870495 662967 350513 253587 365657 899743 338043 561069 637454 16145 788997 389476 471263 913756 243335 902657 818775 671645 551263 350329 974622 655883 502893 613852 429518 242679 133661 779368 240898 373925 269499 917777 214390 150785 712633 314060 712052 585974 906635 503718 694986 424827 690638 814930 51516 269494 662893 310197 709111 343122 26736 180083 542776 335421 807794 126380 930140 343351 751367 54579 659142 158162 95160 961346 970429 671460 532780 219458 838434 523892 199380 749702 964000 895374 583178 391220 430684 179572 243832 223295 257624 21751 985581 602713 560111 368112 912161 195912 603675 514490 829174 919723 350229 903045 121911 744982 319690 115832 919590 601333 302540 415800 880156 38014 478741 288511 506710 439082 332808 840587 317408 706998 231967 779226 133852 496649 315874 652709 447512 544043 24331 471834 994399 355549 949262 427248 827014 749591 764465 401181 362544 492547 664539 72239 520784 955410 754321 278522 104926 499414 359253 534219 360981 50273 233478 474690 437673 926138 958205 114105 915182 552690 688100 99634 89553 952461 124927 653749 222451 499261 857061 810127 417208 920983 942838 811250 724952 473614 904829 340071 257812 339091 825464 299410 839477 575119 90392 335419 503754 237395 638627 832836 878966 32705 1599 135437 102026 371874 212985 613422 667903 283868 541656 368794 657408 274292 536103 938529 424495 863479 570995 149848 578761 184376 274151 13583 244037 801278 446795 557996 326929 20599 773988 997207 90394 967544 523474 456132 257728 368190 577638 665408 586893 429850 730603 351542 243761 577403 337012 206335 78198 761521 922064 190827 244524 338290 566729 117056 558901 101478 430542 689699 988106 93016 136708 164924 333966 918618 36964 205390 256347 429887 775185 908142 223289 832528 961859 791677 711164 707100 405420 117767 255313 586283 232483 967126 234498 650827 330652 778494 381789 318181 249329 830401 669911 866667 499022 340142 848625 90494 901897 39735 876080 68665 430972 747594 466860 86220 668969 667927 26764 536530 804363 117609 659277 589141 916368 808153 382989 763409 173089 655867 470797 585317 478123 428256 742865 289555 9899 702070 2212 227774 867293 330357 244535 358758 852743 740365 636463 919799 798662 31552 501365 144296 230220 794191 262322 87538 892620 155418 315064 892402 870374 905271 150241 458572 275453 428844 519728 375523 30100 935162 902329 93871 902739 821646 957454 936998 743996 138702 833327 232905 15754 260405 394141 38624 241338 728292 170943 744558 274166 857145 575718 943566 178282 717526 977583 255668 288194 850519 516514 222042 564495 53773 921454 813828 283101 328093 506283 741962 987795 982608 696014 927234 900573 974741 495504 30361 641697 629786 419889 459111 793252 335058 742917 101375 270840 841403 960145 301782 684857 78947 76377 297632 761214 868437 473091 285124 868640 660211 288562 661556 41877 406208 925808 213624 902879 551960 198705 211841 699846 878901 37614 722494 122095 257928 658167 561936 957965 274554 271885 979860 270271 349332 187837 907881 725382 820645 748643 820571 876495 211392 464385 581564 961141 516043 853312 916192 141482 84282 148445 108207 106035 455579 488818 56858 968178 558363 423048 74942 841032 385225 525171 5419 952619 938541 444474 62037 407591 612884 58448 406975 954889 236744 686457 448991 338491 682116 542671 271614 835141 561900 268023 334216 204039 485722 41135 184813 757125 920957 537471 791514 622253 150782 336753 466158 647324 237262 36519 77670 572989 763528 123882 615725 34409 180542 773968 938807 143892 839511 914082 393636 840896 358653 588495 364544 533848 970780 121391 622752 238757 704613 470261 997907 786774 453245 980528 446545 770074 634516 892360 319873 398256 192403 250131 903408 953118 711125 357428 627543
2
2
1 223210
1 356638
1 777965
1 569036
2
1 72759
1 966863
2
1 582803
1 423313
1 821388
2
1 131450
2
1 804639
2
1 744500
2
2
1 897228
1 643625
2
2
1 458443
2
1 935167
2
1 858804
1 356358
1 545635
2
2
1 309969
2
2
1 842606
2
1 276650
1 681512
1 708439
2
1 294705
2
2
2
2
1 145498
1 946835
2
1 250667
1 947600
1 442906
1 179249
2
2
2
2
1 738712
1 886808
1 369709
2
1 772058
1 263926
1 252218
2
1 664377
2
1 558633
1 54200
2
2
2
1 647366
1 537629
2
2
1 35663
2
2
2
1 368810
1 29034
2
1 138157
1 550894
2
2
1 431223
1 801490
2
2
2
1 493822
1 897121
1 693668
1 363334
1 23002
1 66453
2
1 91803
1 211120
1 335964
1 708114
1 788755
2
2
1 218514
2
2
1 420682
1 424766
1 739274
2
1 506394
1 181169
1 131146
2
2
1 520326
1 358953
2
1 568732
2
1 145332
1 863551
1 109429
1 969644
1 93827
2
2
1 65780
2
2
1 202461
2
1 769447
1 803680
2
2
2
2
2
2
2
2
2
2
1 854682
1 27857
2
1 737118
1 775610
2
1 648100
1 317894
1 132163
2
1 401600
1 821261
2
1 608837
1 554003
1 840338
2
2
1 257647
1 67946
1 19378
1 888040
2
2
1 681142
2
2
2
2
1 738318
1 875305
1 593410
1 77647
1 264920
2
2
2
1 528124
1 174897
1 564745
1 231093
1 789876
1 738031
1 978532
1 253523
1 221421
2
2
2
1 807351
1 840368
1 40989
1 888541
1 372580
1 621568
2
1 568639
1 371499
2
2
1 622412
1 661234
1 151565
2
2
1 773394
2
1 339768
2
1 818324
2
1 486488
2
1 253491
1 750356
2
2
2
1 645745
2
1 115602
1 395548
2
2
2
1 890688
1 46668
1 153934
2
2
1 722331
1 415735
1 703588
2
1 484254
2
2
1 76997
1 227836
1 547738
1 654475
2
2
2
1 587935
2
1 790167
1 315895
1 249057
1 976987
1 238018
2
2
1 26873
2
1 453936
1 13962
1 33883
1 715794
2
2
2
1 533105
2
1 338348
2
1 95288
1 991890
1 102076
2
1 985379
2
2
2
1 374542
2
1 54799
2
1 646704
2
2
1 869492
1 130134
2
1 457633
2
1 79852
2
1 209981
2
2
1 370657
1 566375
1 963470
2
2
2
2
2
2
2
1 996158
2
1 802509
2
2
2
2
2
1 421966
1 794581
2
2
1 353492
1 77914
2
1 194827
1 700792
2
1 747716
2
1 951197
1 922470
2
1 171516
1 102674
1 85748
1 897857
1 71304
1 735743
1 712050
1 471975
1 352146
1 824566
2
1 727346
1 52473
1 94837
2
2
1 267760
2
2
2
2
1 154465
2
2
1 158192
1 651654
2
1 521143
2
2
1 482127
1 21193
1 777756
2
2
1 781839
1 686571
1 707587
1 716240
1 370018
1 591383
2
1 34440
1 192222
1 629571
2
1 506478
1 802974
1 970205
1 369915
1 987060
1 911957
2
2
2
2
1 336868
1 799604
1 423084
2
1 817223
2
2
2
2
2
1 538390
1 647369
1 678404
2
1 964371
1 468033
1 419972
2
1 194501
2
1 175263
2
1 855277
2
1 338936
1 439849
1 122624
2
2
1 908297
2
1 675597
2
2
2
2
1 802681
1 303661
2
1 852679
1 342994
1 219480
2
1 865948
1 715688
1 159026
1 329158
2
1 862522
1 975149
1 9895
1 277792
1 770957
1 146232
2
1 580705
1 510646
2
1 149413
1 2412
1 50365
1 497672
1 430196
1 590667
1 778263
1 954762
2
1 597752
2
2
1 543163
2
1 995510
2
2
2
1 58729
2
1 405635
2
2
2
1 782156
1 987116
1 543464
1 948091
1 472761
1 709756
1 780617
1 739612
1 378456
1 915779
1 981075
1 652971
1 743712
1 117654
2
1 517649
2
1 200247
1 797556
2
1 653854
2
1 655732
2
1 986734
1 83388
1 89962
1 322353
2
2
1 309333
1 76503
1 932435
2
2
1 121887
1 804719
2
2
1 534214
1 519475
1 555467
1 714307
1 355737
1 229203
1 120613
1 230368
1 890339
1 682829
1 845618
1 628835
2
2
1 743265
1 574003
2
1 723460
2
1 68954
1 697642
2
2
1 598417
1 656773
1 888930
1 128178
2
1 127001
1 671870
2
1 135018
1 839140
2
1 634530
2
1 551194
2
1 965220
1 717660
1 929567
1 194236
2
2
2
1 185069
1 204117
2
2
1 87670
1 517686
1 717073
2
1 831974
1 7130
2
1 382660
1 517855
1 329145
2
1 142390
1 158814
2
1 358114
1 118492
2
1 55007
1 310021
1 744115
1 877311
1 75023
1 809069
2
2
1 278324
1 248627
1 95580
2
1 112544
1 296009
1 220800
2
1 529720
1 621083
1 860536
2
1 298180
1 668339
2
2
1 198628
1 899593
2
1 63733
2
1 594923
2
2
1 655272
2
1 338363
2
1 928954
1 970567
1 286795
2
1 849468
2
1 650407
1 912135
2
1 885885
1 62948
1 63741
2
2
1 583396
1 579006
2
1 620653
1 454955
1 110265
1 239303
2
1 432969
1 781755
2
1 184959
1 423046
2
2
1 616738
1 375988
1 663711
1 957068
2
1 702962
2
1 577720
2
1 913721
1 32823
2
2
1 804266
2
1 933332
1 658768
1 58785
1 380982
1 388278
1 776461
1 378741
1 518104
1 380355
2
1 81556
2
2
1 86132
1 462846
1 303443
1 411727
1 344969
1 832121
1 14762
2
1 511061
1 923731
2
1 896312
2
1 941402
2
2
2
1 655613
2
1 361376
1 581749
1 910351
2
1 702584
2
1 613556
2
2
2
1 772709
2
2
1 700791
2
1 454385
2
1 76543
2
2
1 673760
1 913254
2
1 320640
2
2
1 755548
1 727618
1 438686
2
1 299299
1 636907
2
1 477946
1 706002
1 365722
1 348738
2
2
1 915196
2
1 349197
1 26959
1 451834
2
1 836212
2
2
2
2
1 805653
1 58907
2
1 688243
2
2
2
1 745263
1 974554
1 196454
2
1 771824
1 694996
1 680911
2
1 703232
1 895965
1 592702
2
2
1 812260
2
1 365583
2
2
1 672674
2
1 321207
1 267443
2
1 599115
1 645561
1 210233
2
1 50988
1 199804
1 471368
2
2
1 678552
1 906578
2
1 98798
1 787156
2
1 128427
2
2
2
1 478483
2
1 932817
2
1 656519
2
2
1 640098
1 413709
2
1 836891
1 605901
2
2
2
2
2
1 188662
2
2
1 331939
2
1 429175
1 453299
1 899349
2
1 283226
2
1 369765
2
1 321110
2
2
1 528485
1 188076
1 492716
1 674934
1 175485
2
2
2
2
2
2
2
2
1 766448
1 190757
1 248426
1 504864
1 490867
1 965292
1 600721
2
1 129024
1 758347
1 801902
1 434744
2
2
2
1 447351
2
1 535156
1 232192
1 30456
1 306767
1 926621
1 232877
2
1 430185
1 358048
1 556661
2
2
2
1 550997
1 318358
2
1 809016
2
1 726216
1 787405
1 726611
1 155756
2
1 416355
2
1 483388
1 776104
2
1 103566
2
1 562529
1 801539
1 575901
1 389419
1 985350
2
2
2
2
2
1 402701
2
1 933182
2
1 162122
2
2
2
1 239926
1 782100
2
2
1 999694
1 497149
2
2
1 825049
2
1 888783
1 680878
1 742762
2
1 715291
2
2
1 395544
1 531700
2
1 689071
2
1 624080
2
2
1 289526
1 560788
2
1 733435
1 994177
1 486033
1 706894
2
2
1 957813
1 148656
1 668454
1 682288
2
1 494540
2
2
2
2
1 414236
1 36797
2
1 144212
1 477538
2
1 40527
1 366308
1 413114
1 949332
1 809209
1 462730
1 730733
1 67483
2
1 719924
1 232090
1 664638
1 560090
1 48560
1 475406
1 938685
2
1 118434
2
1 249777
1 629168
1 60040
2
2
2
1 569102
1 576280
2
1 407204
2
1 954144
1 516913
1 326058
1 92285
2
1 479510
1 78877
2
1 49563
2
1 528140
2
1 798401
1 810268
2
1 968314
1 429640
1 67800
1 464890
1 162223
1 958086
1 435724
3000 3000
477951554 194256110 69379906 49136093 41717692 673495510 900135067 350102279 213945064 956945613 806068627 775121863 803510268 947360151 911108573 330678150 268404037 599490700 496300668 134223648 47155379 632676175 954249445 356555002 762938840 819750647 791491329 152595753 244024541 470795580 340742904 800944508 697278123 973477435 325043190 240644533 334280080 786825160 294213308 108583857 857009451 35825259 496243389 448252374 850902275 5607266 647566934 624019901 67043526 73998823 542958775 896734143 718228000 800835797 341344521 393976209 920961830 426114417 7781577 905227143 812684931 921979486 465971979 871288734 348743111 309827499 179869920 579191979 627512195 434098155 472922427 786554734 488571644 458134267 899048164 51937147 171387401 138777514 71935639 42813758 401113697 861530484 372681322 372068617 160633749 161281721 513982306 115418488 999645973 425991147 716923646 914286979 674332328 319160186 89619199 54165962 28803557 124754922 4154260 907639201 755741970 365959560 853877444 814387667 565959674 980248888 825108318 284409507 130839567 398890036 242451515 926317432 966794534 273029904 883715627 268668587 159030943 74959894 470189414 306016637 724931191 352910841 745190549 433084161 278772101 641319306 588075206 882354327 315308601 5251971 508833914 216561169 385342118 774319146 10960585 857525499 458763295 758153271 69934120 814522088 158648932 975083604 163624359 504522396 308401828 421911485 994552875 413708895 707840660 26899130 901165046 732454330 422556087 483911030 436285060 73016484 198993860 792746731 75454901 392709562 569992416 593856602 910091702 634545246 146091754 39827574 335296010 857434782 751280564 39368097 185178033 498335984 119367198 286869462 472325686 419244739 885321428 418648576 91966560 277385138 827965910 715616826 760774699 800401831 834946760 124557902 535678749 403090314 572138832 568678135 113987616 843296891 759767148 790084258 950210879 542599145 566777583 559882429 724993678 79897508 672708026 521016723 507283525 551451182 268927401 855172982 40627783 114217836 156339885 451987815 992628210 410317713 840893610 550508990 954453524 55281593 88941126 509150522 383773523 380678981 407155413 134712372 806421705 652610620 195716852 233026686 46467506 738910187 199024887 765024508 947081488 476206694 297933055 490768769 75571970 208023434 68584005 284602428 426585862 661412887 376466003 963172757 457155020 285092554 136048146 168146971 468196139 523440975 731526118 592723131 20140871 106832706 852116616 661140510 67915244 84717053 846103597 803144593 934135266 325175968 243165745 723446839 241097400 642105361 883669932 832341109 748844978 340413595 758693636 576506259 357512103 596144805 188268758 62050955 210987469 973430095 760679655 396384032 959468143 500824781 48470459 695189538 103669471 904786426 248157775 987839720 782990206 396550565 680548388 141796174 998379185 514985516 517749316 512720756 989741628 712539873 719676039 496156744 161468028 107704281 869566265 924628991 164251048 752414651 174416640 240895554 919005249 184456429 774077169 802526972 259208769 817914887 896588635 711575155 874658624 849049667 156935032 381489628 566804440 955635578 311374232 375468142 332418307 223014586 798968362 609275150 467456616 382717008 916790455 857683236 18904387 52367422 264013221 519595970 916398441 475893136 37347388 461409907 736855222 797367124 134712366 302208995 85721864 197145526 44530584 307536862 849183108 925556354 577835255 204123742 773576751 981811868 234300760 943610914 437421917 515840257 217270505 928638885 419448855 837941664 314628465 210019952 21632396 989294092 28229562 288271951 176640047 444889652 130339814 905775313 559150987 304523375 407569474 992364442 695604221 880926340 324277692 578727411 688072567 799077597 420412375 737001205 56354341 290556676 825488602 336764202 706646245 844777856 239343412 992594816 423292102 13955020 672001066 617328618 482262602 993064328 63760038 267043400 615678738 224483227 104985460 571478984 140987437 530085710 813400681 86789675 392472683 303742273 664443903 172165959 408136179 266034129 515377335 419039709 241549760 712367297 85023549 129414209 564387206 519107697 721945564 733989005 318181996 214582751 59608761 803672790 508553147 296689302 355742256 899510228 197852683 186121937 468851529 269321972 882959789 194643622 439535056 485729600 883108556 926522955 405358442 216237829 610674170 30700087 395019011 864790244 659193031 276106701 563560622 911603977 540181576 351237295 456369786 487128824 701060400 196613323 554109546 106945483 180417252 726657703 967084873 821895388 177766565 422163002 148302540 178285085 786153985 421751074 836652386 188958951 33109831 767354318 244251470 382184998 810818025 762219580 25372280 174425280 707325501 770660930 773475008 900683471 396739928 836545095 513789109 312498986 797404089 505587946 740069775 4558562 686845536 128787663 382112068 922832323 772686927 454000983 956955948 803679999 7019738 235844851 529686726 382810237 290280779 52103580 671838930 985489364 264387101 597386142 285222890 321714854 763020855 632300067 345025651 570857614 974695153 823422370 429826895 953579381 402816896 367100996 291471729 138297856 967227696 735380708 998453696 545154293 26879922 899056676 921561133 872966396 513563132 178286823 386202622 829290905 690789516 86315600 189393164 181125276 510227264 410386913 71149872 496442507 876120329 260316095 438316568 493580808 958181679 676762550 301912668 566707707 549259951 577611557 389885184 187635274 997624524 238568772 791732811 711701820 253071247 920958833 693591574 684199436 367237734 256882775 151182010 179928266 811713611 755694293 865643205 394480879 571879930 408906767 418130658 305862181 498754581 207906410 758155769 38665403 670191558 287297685 940010775 801899553 980587087 858917414 911142509 72412756 487754319 383111256 641395440 360606680 812524966 593342784 564588103 4778729 294189611 482570223 202433416 50898711 674720410 265366067 828676089 66302636 540940001 261526184 524081295 345373689 56597876 428606028 513694596 137001293 775780633 346634588 829210401 380196921 164342620 722847385 764692319 162770494 111432204 714046589 609665946 514812192 393513634 231226834 390966082 306069571 662115276 19306544 699587294 215728420 641718524 358106210 275709440 301220322 793478602 210793161 860084989 157306193 903060779 995686922 269436042 238825218 887734664 956450752 281701560 863800219 610976892 695461362 380224152 866000638 144943129 165692399 628789868 597171027 410765838 133987262 359981120 558984046 985144157 881877139 51583215 419178071 271777233 793127523 738920383 500616356 758049383 833360682 590707969 782586415 292686620 144403049 492904280 191807901 214284124 203872077 432966422 626658519 68152270 406291866 570700039 257085506 447426763 30265815 67156458 880010383 127494763 196130092 324070072 715083486 742882685 368516938 832539284 841877002 83632797 264419405 946442174 295751842 653709992 390330338 335776392 502413740 898345972 347970849 574952887 435415098 782526997 795849596 651062258 535929190 214618356 618592836 676414995 637374845 989610682 295967517 58188786 787533534 914525945 156394914 494321672 671191577 458081019 946691706 146416876 319339108 462442509 738832104 257475826 704641626 189005296 454365204 507945457 555807551 157295551 837492258 105262821 43754476 908111825 413643523 550397335 646825880 353739462 627263906 701025339 297875378 358384583 851428549 192131084 849328602 991350762 517298367 188808468 271740919 607866608 176076570 406916187 922599644 567177090 709391364 154114464 30884973 901441596 917422008 506445646 940160791 430535201 240000109 453884384 491381644 687342440 409049775 168277415 540702988 887706952 853288984 141271575 823986830 526154122 159008768 965597379 902584061 492874245 635553864 321124663 516432338 478485202 640086230 259132528 792306110 275971472 454938893 450781803 198057648 509122671 98914364 142711046 457778297 973518068 9645928 179922478 21830317 919349380 176632624 456913958 770915689 520407301 349131289 16129913 659562309 957891084 30010906 825070900 322929572 386368409 681247444 340169374 597550567 579269777 165109615 52822388 33929688 979660439 314778753 818430211 737314461 247510584 401322037 817805589 504368485 546045765 143119552 533975806 674412431 436967899 112345709 915921987 692117944 370774729 991292354 55598718 487766748 765550422 482542668 135360196 647647192 936935934 139765957 182385905 183191655 321113314 558221676 328325613 779138716 333296241 81725190 252582147 892121702 807179019 512930788 130468409 113936220 111118475 891729545 570131034 476233882 857470935 494634041 141500843 48332819 407272420 723534990 640031126 690943968 250053555 241359098 878668902 612406202 893015052 921632664 808598320 893873985 951613754 192907598 768282895 460090540 472245528 329586904 500304924 835984218 920966676 966327111 837546535 249445180 163909510 42842601 11984100 222544633 412698831 885095452 901965732 655235438 907503737 790435858 848885571 175783443 9647577 208161068 181158359 902476613 487197864 881818167 604609837 32332273 157602029 794187334 532090152 190772788 404291025 418796762 73038033 653501493 542181430 19158499 470457168 403411216 354656263 966570649 646401859 664417916 700632140 213615694 82598651 772058777 374131365 528868880 118053754 508585354 191640212 654914693 505195225 193657257 773074396 257970792 228737517 771487340 85459083 485983158 446278164 548105403 122540254 614661799 54844431 501682660 509900491 802215501 8728939 725524101 536426059 885512408 990102819 884426797 187336278 972160691 575824241 183207772 395952234 235015564 309703863 34345397 469111351 822155891 122807828 436119275 491387496 950040625 881584260 160848730 687247915 781161756 379345793 377038825 837557814 278770509 497202146 996185055 281916348 180009963 500872492 718557536 209600974 971104082 120004306 978198706 463375867 406120775 298086894 843335320 681835268 916588482 143232756 759278637 56049274 712484641 966689838 401353969 516693524 910072586 635442111 142885714 936654486 475150568 724831555 334765672 558504967 186102553 462649517 776479809 105272915 833188728 141634823 861819577 786221639 535404274 654592418 740008215 233722759 864904398 830320878 854663357 901021494 340472663 854932558 876961181 946930664 852163676 974957309 932927664 757380261 313336726 626809710 909815671 946086945 84414460 976153971 265880914 209495769 903297503 500139356 760319568 6688392 653003761 945604599 128818590 35894022 36313260 707362116 692993681 80397628 713032908 636953421 100319743 744171188 609607875 637574379 45400132 436614459 458528807 900032558 88941571 215638894 890551498 809375735 484383206 874753374 280467564 96409747 871117155 268749927 176593533 645134372 819226793 88408120 762697207 530166762 82982740 689675837 989051775 955878484 64699716 589861130 63523935 223734456 685520299 346337611 869525986 427783479 323101448 115321386 389699596 474039637 236146315 637773962 632144346 736714978 938987905 810280455 969042925 931249421 604038580 517947126 549730998 328047265 795156994 254055921 571541927 640769673 32249953 534946417 420161090 589952271 286765089 982274547 585127767 548487339 751429756 496840826 997851196 498984413 178057857 96368625 252239067 895943607 904597462 945303926 424465659 889123980 423847870 891274814 643708554 819752305 836008110 118539359 937704976 237784450 707962783 964166420 342391212 650149512 392199797 285784178 714609477 306211145 620461619 977388828 430963492 20076894 361389934 117800738 730631162 491248112 47243123 197242158 363753931 155532491 749544958 139247262 839398039 245836374 312347798 702625937 740147908 351114047 43433026 554430676 112246796 985980385 165483618 206699089 966299481 103321092 395494009 168202710 167616398 925122328 739902299 541200940 937978031 128766302 806062593 531730962 829067077 540710816 268531098 955202486 398836568 346956140 751388970 663682748 91312970 638905505 251123996 159327209 507705831 332442612 365543961 184577211 707620906 23614030 826964575 522126129 654492427 883582020 317337801 303803685 558825793 230436935 961499690 50382121 836514472 191112586 677969956 200407405 393998858 257990697 351538282 681417622 213250200 61376020 999957220 934668839 591201056 514659059 236868492 124552009 417136376 900966926 45436117 906301628 189913501 75300881 45706163 168423225 577929077 918088881 232945058 981796505 544134577 324114809 514285049 151411014 370274700 25180156 862444082 190215337 250738172 589904968 185253059 95763035 44664256 980323387 76127946 974444870 553749339 110885431 517721845 888803080 595172841 820586330 615575527 206816095 713757569 601073564 436608208 143294736 325990721 252760996 104808064 829159549 694518548 150181668 114847998 638239503 257040918 739401804 183454006 175975490 316560889 875667816 286233235 446355044 956460952 168263024 539437569 385056777 984503659 162388440 751000471 479259879 588061894 254024090 531786479 827177525 777607057 626516271 794063204 908007950 133838537 578985356 430901720 109536 142835565 423873871 332439804 660270604 159988341 209602631 86930048 575082325 508418760 520150866 692738517 9738196 901565165 358041502 960266284 711069805 762989339 482795972 603306671 302819446 111600792 989069705 419372796 140847009 53793408 238714546 607343215 429415841 896895756 211638069 165989310 213397151 725760524 637043001 459971706 575022298 757144083 889355587 669373743 738220361 177738337 477647586 480394080 795952928 644257634 93499802 378938207 606370630 99856174 474349100 205014204 532280801 199070370 683690544 952933724 947482784 150062206 314997820 714486317 415294894 459346855 735017250 252285477 810103885 58948970 907437933 377234818 457347359 673407952 307226810 331530015 271167291 835706956 329738267 543369734 705217349 711100752 659161051 847713647 748867545 180162979 1716608 653784170 31231645 9922169 355992410 24345448 826310434 866162986 396280770 778697698 533193667 799316247 894627980 644814197 481886627 520803984 3120695 62460017 501418466 837700241 778368288 129713049 803411312 379768681 664746448 459216368 475925168 293458277 34970040 404061425 214071658 687764131 416441022 156913986 470914355 733132930 609491441 472566853 470568075 713282892 794349390 210897959 518857848 515607995 511184505 693562228 350119958 675091564 394104504 526922547 58893888 892997470 335381820 196429277 138688199 91865997 567911977 335186276 435586392 316809629 778891795 940393155 368144802 916220368 101988351 637337230 166403504 588169906 995682740 831420625 295639735 155921519 744785659 613910767 945479257 616190005 260707746 363075867 729853320 977519416 529484196 904903947 920009544 944689845 250515550 735112592 262300206 769792194 452885438 860739842 311674528 850063345 369432561 81934827 504356375 833356392 316083517 532881640 903156247 780913825 331753224 426217742 56990779 392484327 286240154 144308800 954069386 825079886 60001168 477802789 929439715 586242253 724491698 849298137 107381092 429164818 908298231 984532269 955785554 922634492 736342618 990074219 444838076 515546766 794815309 174719550 697441804 99271283 130621416 961405328 450819387 708861510 90198039 523035633 432709657 712356765 560121404 975795434 777814960 234979167 423716146 97086992 764489204 494772768 373800168 700540364 266132066 13275755 155675607 51987825 417651881 266851417 240200936 817650293 464006609 388364587 481796131 521007758 144688387 201639617 114188353 783038839 628322721 886302010 94840559 205990539 532129026 526613274 246709321 103849734 275727510 175388462 317019649 407312127 585800903 979637070 772759635 667138542 875803682 777656193 934287573 642314182 271591218 408559705 506277749 113032992 477334285 228514535 708005602 803528448 93965288 946781427 385198440 312136628 813590948 391332046 520246914 154644831 840078150 427223819 260764603 620238122 430137693 772970353 487673958 138061884 321661194 625350150 110285179 619363022 978277586 273457041 767985093 420493939 800892071 676373903 107122018 935194603 99488009 357017304 16865558 41496834 794246349 207881111 470129383 556238346 517187621 698559626 626906280 375644300 218091517 336353215 16352052 312007179 92598749 266891682 960379141 604228803 832633369 315953877 274135258 801458698 667041854 721344941 735072326 239296627 806935126 269805995 597249728 937424732 702299559 848807328 911181294 764996312 487118819 940077676 411564337 722507514 89026890 199906115 745343850 510524917 364178694 987088835 695947945 203526671 343512707 232659531 773053577 294521232 687914700 994205058 554666777 131038242 645995518 574560399 988339789 587037646 655736470 243030427 936216697 243822078 398713746 743099466 625889741 787785994 19297661 443016735 450943381 439881110 363262405 37910870 306903177 735224650 299388879 673051962 389255299 706187035 808716535 302686679 242840760 660932217 896005332 171245570 649419044 848643600 280350198 747941468 336105591 497284095 688684507 283389333 552567753 130728486 915171265 285983528 213759001 191221354 164135145 193344180 141610226 664675391 324236177 811353889 882048676 950861615 605459561 825724372 881447823 935916381 910255177 676966941 198882583 664823928 787299533 877773495 448410297 139681606 187353692 25777604 540933563 778637701 617185354 439905003 682860199 284882315 738526143 164742343 894668380 758522714 621616024 470760430 774184589 895389515 354315961 565829714 476672177 500651309 526596121 884720305 310595341 636216751 241540934 795561241 286204705 548593120 53318319 776346265 247566467 361943061 245830015 699855113 378833641 665773485 34920119 27283789 80360249 368444432 32116268 188554104 12541235 821654555 596075199 262082922 15870183 291295592 291831671 597479895 110751718 998245244 888765082 205548226 845403097 918531197 835092848 717630071 20205332 104646785 6895886 33472100 557109065 351608849 896212169 866603422 497655609 238611319 13192623 580960919 564908375 360071539 376733774 739803524 203294778 385326785 820278266 357716544 569460546 80059369 560350869 518722532 82338180 472616402 613029337 441591904 537857300 945637748 291019532 127999089 377713822 124902974 797384235 878111953 217639730 253699351 339803993 974261044 206762871 239848180 471135963 384323351 513416810 378860785 646173736 237813297 409931127 904512067 467923116 881691851 448226811 389617863 39789016 617105305 184055179 790350620 208746745 791456443 847699357 242151400 84770069 536594348 648453455 79005127 942499633 395779682 896707616 471958213 641451194 696254539 995559804 958462496 655112387 516229973 191291466 646314579 482814186 742325349 461726784 403500297 269574939 582310804 279180421 692061846 808847689 971035178 327240960 589079041 101379463 652909670 720078820 980877853 253538696 125322266 510385931 259796258 194497548 431181257 629549437 235253674 878726970 673758127 681146887 372270878 80633130 135283011 291697146 472727492 658630385 25778038 501393166 232833638 643037196 287193751 657722318 699402100 485659518 813210406 344878684 57460718 248231804 638698283 627371675 442242569 505126511 744277418 334048755 623491969 523210613 195581149 328279230 720698744 901796215 797196549 431361276 787108693 635837621 157181044 818373107 985771278 676128507 490817053 476959509 219289587 668216836 178027399 661596777 636269969 950992739 516708754 520025575 821106130 769874408 239455852 824357953 883522140 364680071 324504504 525962310 592106839 519087682 298800361 214377126 479328494 947146029 98746522 478284851 337982894 752965684 418176878 679397756 710008685 534926188 181060564 23951621 284997337 485235694 53572038 815502126 87297840 618026213 520123599 832142166 826432667 163337333 639460743 950248596 371576067 80164979 462966947 947505416 68514970 147848788 981120066 338584143 659467573 330844010 580844585 117299958 920791438 616160396 732825359 680986560 351219590 756325658 869553204 795774453 339088280 123182668 293713487 251831738 986331178 16534462 515007573 795218704 710381136 706172426 942770241 880634780 933217550 179034398 425628481 317405106 701882008 968522365 795677204 262153243 681328646 252577473 748202970 146448827 352343951 270264173 117345410 367529762 368980579 445350974 258249501 659415634 68607464 505227020 93596754 366907589 623363354 622338652 39114460 950336623 762502648 143515401 126315337 734193893 138948530 559822169 571551245 611494490 73420752 82200439 581204632 434863512 825054381 520546160 731144009 295599202 404969503 801195701 982824103 415076377 393641565 269186457 918512724 860011465 454226153 397233157 553027184 594277495 865139665 503805758 834058151 14612180 817260036 288709290 636842682 647841628 896424244 418436889 864661634 671888384 953723394 599219770 931164349 425527668 411683455 678664121 94867182 429736697 314570850 104417024 883778571 2275839 662696104 261327757 974813689 412180980 351335909 667530248 782542836 312495906 852582744 511078219 56798497 679291677 536844061 737772852 19995296 823954309 214080566 437174870 954398368 52285034 893939952 376742346 489681970 777355773 81547374 952917571 732352462 79787892 769545096 12080912 788777840 134523753 331474117 715443774 742844142 375911258 463190659 365180869 49014507 548577017 582995197 77877888 870487360 180202223 773564812 218391130 370050018 464101183 983265586 106009336 57436034 509416271 738928030 798014798 384453317 818169339 666838603 882884089 273876576 221237028 712671381 1834763 44023088 773892527 349807160 909481309 90258807 230136705 638391126 528526466 956141789 711681149 840079903 707518759 534886136 659596398 152376794 892106053 321409094 513853022 943262395 416578281 294744651 838573624 918174563 921382017 290968285 184639013 632556045 951765492 167215176 882423714 352262625 676036679 122675345 761556978 99049668 459686313 157214652 121960005 847007390 837100641 352527396 7701062 246731185 103094480 173812729 459185588 266560971 264842910 92931305 117215646 920090595 325271453 398386235 148874609 505976817 951507137 856920779 318093162 470188154 320955169 162635389 583506093 469171141 165302716 415693696 410251009 387730843 340825477 70960490 260069588 401622329 116630638 644764421 338502112 525926428 49526133 387167025 524583754 524092339 677483723 525437613 204260813 394454763 20952016 475693393 647872506 376298417 356232499 748241409 913360309 359280716 958305103 265736313 357595619 547779964 650823368 128446796 531833550 546896691 758078256 781704918 712374824 418453637 313557172 220582732 161241426 200083197 310644776 831326332 212559881 699427879 600141762 256827000 955003224 217288342 507568126 301075786 605532527 8272569 279427144 905517229 860538123 769056755 549095167 171523491 311999691 796131870 759971689 68453863 629274434 876938964 277621325 178495599 359740511 381417024 10465833 166585425 224489016 623741707 787649701 396629448 517670040 310285587 460733824 410908543 848943819 556618388 801888849 165380675 189656702 790409491 222752028 29660114 924344307 22899608 681349376 334590688 232968215 196135158 692764937 157659898 915435666 543747962 177756176 40470622 339084024 214130516 592534108 231766167 206457430 965912796 731142521 995772350 476588776 269857061 691358351 523314225 312914184 268072975 913478945 372153044 632043374 325618122 146397721 279974582 202956328 627299422 748616174 589870733 818405171 18223328 160239249 656015313 397985813 756475044 624079425 217687386 366529862 503331548 460766072 1464184 407205188 136131304 282766372 665021982 643367323 822790776 181343044 356102648 685402661 310673895 28655230 987812667 957216283 308432679 938861772 244275451 126975886 460596320 375446514 377208052 2346766 566270996 331025334 487273547 665714768 748099907 586279971 690133443 425974636 367958347 282164692 586000995 482641298 650031870 688790792 577900852 11640164 543264422 411652506 882798871 942303777 35184818 268637079 582396324 868741457 619002762 366092272 469320210 385027849 657597472 92330725 807140813 66801515 21079128 45006668 227903794 543981644 470687046 493632596 905315405 336936875 676854019 920992789 613786205 750994177 272521549 725484258 984872568 686379506 403728347 4173090 626137458 17389121 286309786 169760821 267767269 438682103 946578838 930813270 230703853 694944282 614354288 915567838 792957313 324523733 46167739 723675552 588208019 872902213 511623731 913326949 520409090 17592007 288487608 436625913 929793862 85654971 27938479 392178964 356570023 607661999 396292347 842548258 143816326 773675429 304813940 252395049 99228187 993315350 370827438 382899330 51925164 698341493 70066671 509913486 308823807 963607556 432522722 775972389 990853574 708882197 668688665 113692487 903822169 74073102 639816510 339416471 136843647 585602756 216541102 340802649 701233490 206798577 485387499 204712948 869198219 347495941 90257564 796889421 969325280 776704524 14416689 687738007 635450671 191882127 839753805 671395644 75128560 143731970 885707633 982918396 927345185 41152090 683546262 453660329 79950982 607156561 151856968 213831123 313750997 464755276 269311744 829580991 29935406 151820328 191682784 734707616 303723772 770316481 147487986 69772727 45401717 725761082 291387352 639529965 637522586 326914237 198591016 498273805 670256298 90413566 150362709 8000355 852676066 999166228 348192346 404495799 687391899 931891536 424307133 203161169 106998233 954414389 58719652 372263790 700796532 737548980 853963507 227559398 101797622 703717376 222931026 943412794 122203888 225996105 855506214 805112952 722106493 119880200 682568074 612074522 957285709 603378442 719923806 176933049 346104798 989423405 707747797 688657704 11299578 81583475 202756108 816644686 162031624 265392043 816694617 182327440 917388330 379628832 677174583 472109778 771441317 144989828 159523111 2917206 543360119 92565937 791506778 265037382 811242668 982863690 969223326 475696821 85753717 588236454 692522463 537436587 100677563 219458645 376642654 194949349 744143342 808480900 137780601 633731135 482465996 323292572 160828297 497227214 307497368 738075123 107725167 883590663 596170292 810270402 286091234 211633552 265416927 834679787 884454728 691904888 672320530 523839389 337219605 475910209 923812542 396215118 590440314 428137222 9956997 920172110 441106810 687318042 461288904 548228955 394092361 535415308 675319652 339741340 162072724 685541525 246995533 524907477 900287544 941820073 529835720 23232767 983207881 652383714 268517976 842260174 565303567 96050918 37753014 827702877 891249328 228362324 236216998 875349028 697168600 882136216 20655691 139464938 455942689 849388063 881844094 431296223 652433690 453714694 960609015 251412098 494091404 38831131 540770210 542498226 898513005 376130274 715173248 448982985 252345311 1458047 351963127 862175189 745606031 302005760 784605029 467830945 959546156 160476231 190468493 532840545 290703039 935857116 170006567 117181345 407005590 235891823 736967577 543080805 533586043 17179820 464976827 970820174 89688899 433252233 642131842 778427457 87455380 662997076 106551727 651640690 550733450 536541597 241994041 612061251 477296586 912363145 818982688 729088253 667341287 265367447 800260661 278071771 111654073 866684454 827843548 834610579 460721282 190399958 760992848 862753216 744265086 350853563 248023390 381350777 686965252 623926378 345008084 759243035 17094184 406246075 492321725 698531944 277020092 189308895 251721371 282217768 938181800 863773649 264323117 428116678 487150128 305137182 813357504 457808614 69105785 994087077 695359426 976457036 397940539 115871428 187690172 259586420 458779925 111349428 231014241 838860779 327951020 621721991 792917498 715663822 306996889 205048543 33643635 532088913 654770064 483186806 921200106 733837524 793600290 663605722 565048211 786579861 559611336 154997626 370942158 792653517 314717351 687141779 937880904 991014788 549955195 812014885 177761862 469553092 906592044 778876649 482817316 932867240 260928902 396961182 397189550 88051167 717693189 386203714 227998968 630903710 64661114 42830229 394804337 877044335 614264095 95937108 237977376 373785071 696980779 923263513 993980945 877331916 629047617 571461585 77144643 54241458 455717739 103427973 106424052 699039887 333553258 142231126 864524607 888750843 516752517 440789779 718758800 87597366 740668531 538699944 899160300 856304730 272123443 419895331 841618379 677490020 88261053 745672949 999517640 883152268 530304794 813004186 762701959 610823566 307096203 842699805 397085032 26787411 349133216 273888162 61532604 358737934 845787261 954299749 821008883 615000639 889368326 991815785 631058017 709678329 718149921 443033939 805381815 553394162 8960107 468014109 640112850 965267280 654080258 144422562 235933971 67354584 456850088 280595607 968075124 201557623 654857911 993101896 901792364 345578811 228177450 292673090 581537826 90291358 407445991 427729548 976195061 13603261 928604687 103631747 590008972 625941038 994227225 332442830 638194955 28276030 738960335 232780937 99299107 784566789 808442815 22966697 430409944 398742873 525338362 300608506 70956040 259509363 196658409 468541043 377719242 9188311 689219389 214412342 935158161 424911907 693555247 496624531 887248575 588727049 441789871 534433695 117669126 715097921 898787917 589772827 203659532 598564843 773354749 531197881 477994718 604405770 596220367 782369389 881506141 453813972 921034854 951440846 915938909 255004033 586872894 555993778 863403486 905287411 472795248 238865912 678416008 81318547 763460311 893268377 940771295 46051008 522350063 686365396 990529774 307542523 39397950 606110558 258072717 184094789 433819953 922080291 878048416 172165528 864527025 69770415 277921748 759628328 497922923 636198984 664277960 558830982 92614882 562718678 768672806 51492461 712892571 50503995 944895957 170318926 593091194 791548479 421999721 875336948 749092523 171720323 510289505 649698865 889636440 591969096 342406223
1 51298685
2
1 169039202
1 858857314
2
2
2
2
2
2
2
2
1 8643046
1 922491511
1 760140404
1 723610124
2
2
2
2
2
1 774913182
1 333396320
1 769364822
2
2
1 903954446
2
2
2
1 559365066
1 722470625
1 815121485
2
1 788393535
2
1 79905398
2
2
1 734822466
2
1 941059208
1 4493977
2
2
1 72822906
1 730073175
2
2
2
2
1 777465326
1 611186524
2
1 132047529
2
2
2
1 365676823
1 376820510
2
2
2
2
2
1 21503703
1 39773220
2
2
1 272350942
2
1 394914016
2
1 44521261
2
2
1 835966870
2
2
2
1 396191126
1 194546353
2
2
2
1 793005927
2
2
2
2
1 934926925
2
1 687624405
1 961119785
2
1 146656504
2
1 329821907
2
2
2
1 992023420
1 583806915
1 236292791
2
2
2
1 918822169
1 627851598
2
1 832153225
2
2
1 83336213
1 977205822
2
2
2
1 77789127
1 276922477
2
1 524117695
1 797242458
1 312667654
2
1 696757919
2
1 343686664
1 121736223
2
2
1 824691854
1 777378216
2
2
2
2
1 539544883
2
2
2
1 318385579
2
2
2
2
2
1 812056255
2
2
2
2
2
1 185407694
2
2
1 304360653
2
1 64838707
2
1 758541515
1 334289089
2
1 484319360
2
2
2
1 318964851
2
2
2
1 628940818
2
2
1 423127497
1 881479358
2
2
1 853056736
2
2
2
1 638155485
1 263808736
2
1 751140599
2
1 940346361
2
1 870519326
2
2
2
1 460312962
2
1 660993187
1 125478950
2
2
2
2
2
2
2
1 398815676
1 223395529
2
2
1 852949283
1 173864516
1 737412045
2
2
1 768411509
1 565904821
1 655923386
1 151652985
2
1 655319178
1 256662763
1 345234464
2
2
2
1 919046538
2
2
1 248528635
2
1 88194720
2
2
1 930053967
2
2
2
2
1 29734279
2
1 397247745
1 778941187
1 504928544
1 535526936
1 542923900
2
1 762698273
2
1 11738156
1 726200212
1 506436288
2
1 363955073
2
2
2
1 979109620
1 287897052
2
1 418751107
2
2
1 733550327
1 824358841
2
2
2
2
2
2
1 559447005
2
1 176240272
2
2
1 554630658
2
2
2
2
2
2
2
1 913751087
2
2
2
2
1 414092673
1 770538784
2
1 230855679
2
1 241528595
2
1 426551968
1 612509925
1 390719387
1 220813183
2
2
2
2
2
1 22263024
1 281757726
1 385431426
2
2
2
2
2
1 991188052
1 916889479
2
1 373827463
2
2
1 462503275
2
2
2
2
2
1 772339203
1 210563184
1 855313507
2
2
1 975550741
2
1 314068747
1 338258970
1 635068759
1 760337721
2
2
2
2
2
2
1 703266104
2
2
2
2
2
1 568364276
1 790369457
2
1 495158059
2
1 210022800
2
1 118414060
2
1 408623469
2
2
2
2
1 52834793
2
1 757563845
2
1 58887986
2
2
1 838803400
2
2
2
1 203346704
1 157842383
2
2
1 855268359
2
2
2
1 840517558
2
2
1 202602073
2
2
2
2
2
2
2
1 270156073
1 715008761
1 78705365
2
2
2
1 623362332
2
2
1 152252876
2
2
1 686926182
2
2
2
2
2
1 695505752
1 976148427
2
2
1 671642863
1 18973452
1 625515169
1 156339399
1 40771667
1 836171997
1 913109409
2
2
2
1 718715288
2
1 436225984
2
2
1 520489255
2
1 185823775
1 298065668
2
1 847955601
2
2
2
2
2
2
1 214819852
2
1 811712049
2
1 704086512
2
2
2
2
2
1 215911858
2
1 768013302
2
2
2
1 616991620
2
2
2
2
2
1 525781844
2
2
2
2
1 266676023
1 106652709
1 87022712
2
1 429831657
1 869066443
2
2
2
1 972080330
2
1 128198724
2
2
1 900027537
1 809674157
1 970778003
2
2
2
1 550106871
2
1 235117154
1 345601577
2
1 103495448
1 69174191
2
1 933685987
2
1 370090511
1 793464583
2
2
2
2
2
1 116328712
2
1 82672192
1 22920970
2
2
2
2
2
2
2
2
2
2
2
1 465803351
2
2
1 88646909
1 930887316
2
1 764360115
1 43480313
1 952356883
2
2
1 548647857
1 304095750
2
2
2
2
1 164453537
2
1 464787602
1 52929342
2
1 252484596
2
1 29652234
2
2
1 689623570
1 845235526
2
1 478783924
2
2
2
2
2
2
1 744271014
1 155871623
2
2
1 623198107
2
2
1 589017513
2
2
2
1 900381635
2
2
2
2
1 511226309
2
2
1 329704877
2
2
1 287329892
1 695482496
1 49681404
1 872920909
2
2
2
2
2
1 898400054
1 942060859
2
2
2
2
1 200487435
2
2
1 774072278
1 309179123
1 753957228
2
1 600976965
1 743704876
2
1 565905327
2
1 815758510
1 395116911
1 956454265
1 862853832
1 610088172
2
2
2
1 751736359
1 279132600
1 59682037
1 566461629
1 924667268
1 498510947
1 133524707
2
2
1 656900339
2
2
2
2
2
2
1 364591059
1 196826432
1 804403560
2
1 519360977
1 237112720
1 909927400
2
1 967395258
2
1 115509293
2
1 394574594
2
1 227905942
1 487902223
2
2
2
2
2
1 808664751
1 594360262
1 907447735
1 829305138
2
1 46834585
2
2
2
1 948243442
2
2
2
2
2
2
2
2
1 119256275
2
2
2
2
2
2
1 628498624
1 490956008
1 457939261
2
1 539741154
2
1 271177706
2
2
2
1 908873521
2
1 737663965
1 658331518
2
1 211847290
2
2
2
1 393536819
2
1 388073588
1 397908278
2
1 130865974
2
2
2
2
1 580005598
1 325061543
1 949847265
2
2
2
1 298145654
1 319238467
2
1 636931285
1 432114217
2
1 840185746
1 623159733
1 76943985
2
2
2
2
1 472076919
2
2
2
2
1 502624927
2
2
2
2
1 567453982
1 709753660
1 682246753
2
2
2
2
2
2
2
2
1 378478151
2
2
1 628703064
2
2
1 315157476
2
2
2
2
2
2
2
1 807329383
1 126704547
2
2
1 679841320
2
2
1 690105972
2
2
2
1 411026898
1 826897001
2
2
2
1 896969581
1 701461782
2
2
1 904891614
2
2
1 327193994
1 941147060
2
2
1 485714908
2
1 444082723
1 394896486
1 612798892
1 573927293
2
1 784598520
2
1 515387324
2
1 598402704
2
1 455894148
2
2
2
2
2
2
2
1 511769515
1 625497843
1 228188517
2
1 277844425
1 548582085
2
1 147621163
2
2
2
1 164315337
1 370550478
1 490117843
1 895814102
2
1 62299952
2
2
2
1 348434490
2
1 211761824
2
1 722393386
2
2
1 184415576
1 794585313
2
2
1 543847828
2
2
2
1 902764582
2
2
2
2
1 686654136
2
2
1 637648693
2
1 148488866
2
1 389188591
1 569290915
2
2
1 618519097
2
2
2
1 695936102
2
2
1 657747978
1 367672170
2
2
2
2
2
1 303589825
2
2
1 704693586
2
1 599494165
2
2
1 6535832
2
1 182651323
2
2
2
2
2
2
2
2
2
1 581249380
2
1 865695845
1 437118779
1 780655102
2
1 44871373
2
2
2
1 519027021
2
2
1 684648977
1 965476632
2
1 568503245
1 167757542
1 314020470
2
1 40175261
2
2
2
2
2
2
2
2
2
1 700437344
2
2
2
2
2
1 801698767
2
2
1 659285023
2
1 126278368
2
2
1 873372717
1 892958624
1 385104995
2
2
1 733131978
1 663523011
2
2
2
1 313398387
1 97383714
1 382917743
2
1 438252660
2
2
2
1 580891098
2
1 824600671
2
1 941457007
2
2
1 243184683
1 18984664
1 941858900
2
1 237051132
2
1 957779078
2
2
1 471655809
2
1 781564384
1 723075950
2
2
2
1 542274859
1 144650570
1 959264631
1 13103074
2
1 114671097
1 70826749
1 263734994
1 987283525
1 790894254
1 771692039
2
1 866668463
2
1 106332815
2
2
1 443190387
1 416308941
1 853566404
2
2
2
1 430229403
1 814902519
1 262176879
1 334473479
2
2
2
2
2
2
2
2
1 64375289
2
2
1 808055438
2
2
2
2
2
2
2
1 821787552
2
2
2
2
2
1 526552033
1 394793637
1 94479435
2
1 643034300
2
2
1 911394566
1 125928402
2
2
1 77346316
1 731991928
1 182803566
2
1 338282816
2
2
2
2
1 518100852
1 784849037
1 724214271
1 495130837
2
2
2
2
2
1 857392136
2
1 716069471
2
2
2
1 503845931
2
1 796062760
1 818369428
1 642691560
2
2
1 474488222
2
2
2
2
1 109855028
1 552259533
1 220311718
2
1 498528904
2
2
2
2
2
1 204023227
1 588285049
2
2
1 614951430
1 582971432
1 568392910
1 392887761
2
1 446909837
1 236456915
2
1 830614197
2
2
2
1 406661099
2
2
2
2
2
2
2
1 441143024
1 949684572
1 664435737
2
2
2
2
1 722422606
2
2
1 119358985
2
1 624399339
1 654660995
2
1 902481970
1 954834502
1 695603805
2
2
2
2
1 477848951
2
2
1 832393275
1 364067488
2
2
2
1 378931165
2
1 108983048
2
2
2
2
1 599293173
2
2
2
1 498795894
2
1 35991652
2
2
1 657004547
1 164525550
2
1 617279483
1 761149276
1 372914008
1 420950492
2
2
1 241963919
2
1 391116304
1 629259535
1 649109958
2
1 627358561
2
1 980396675
2
2
2
2
2
2
2
2
2
2
2
2
2
2
1 607397178
2
1 127334813
2
2
2
1 746120950
2
2
2
2
2
2
1 803527430
2
2
2
1 642747781
2
2
2
1 995116770
2
1 678265050
2
2
2
2
2
2
1 581848696
1 197144910
2
2
1 491457895
2
2
2
1 991379606
1 321258347
1 523625407
2
2
2
2
1 394233518
1 257800921
1 556282532
2
1 75552130
1 670970898
2
1 628550791
1 155851351
2
1 90749642
1 410600439
2
2
1 314239015
1 844935695
1 841044445
1 920497743
2
2
2
1 662654703
2
2
1 885216065
2
1 829489926
1 877761528
1 719594790
2
2
2
1 664193472
2
2
2
2
2
2
2
2
2
1 260087380
1 987770623
2
1 78918383
1 725510033
1 483120251
2
2
1 995517001
2
1 303762410
2
1 916299540
2
2
2
1 499491441
2
2
2
1 867310505
2
1 133180323
1 198424665
2
2
2
2
1 126315183
2
2
1 972571080
1 689032389
1 745413392
1 457318299
2
1 259657440
1 713714963
1 440182222
2
2
2
1 798444391
2
2
1 337518715
2
1 383235283
2
1 742387738
2
2
2
2
2
1 917606539
2
1 675811982
2
2
1 441014061
2
2
2
2
2
1 150480446
2
2
2
1 431724493
2
2
2
1 441861445
2
1 800482404
1 404322103
2
2
1 41894852
2
2
1 763022991
1 57560975
1 651298986
1 131737958
2
2
1 963497549
2
1 200372772
1 273749211
2
1 191041240
2
1 630599056
2
1 671399567
2
1 470459254
2
2
2
1 707150444
2
1 403558773
2
2
2
1 560203294
2
2
1 69485257
1 902241572
2
2
2
1 405127095
2
2
1 153055895
1 422197757
2
1 826348036
1 579127013
2
2
2
1 653086627
1 532455031
2
1 391504416
2
2
1 119815335
2
2
2
2
2
1 35569496
2
2
2
2
1 240386846
2
1 207985519
2
2
2
2
2
1 44865083
1 542085479
2
2
1 261290910
1 359025402
2
2
1 906020348
2
1 274991128
2
2
1 697527841
2
2
2
2
1 188986597
1 903640446
2
1 437303499
2
1 304688769
2
2
2
1 208156505
2
1 816517192
2
2
1 778461567
2
2
2
1 960461103
1 59143034
2
2
1 336854319
1 514138973
1 512923807
1 614822005
1 185318046
1 152433755
1 820232871
1 454997384
2
2
2
2
1 612471583
2
1 672549570
1 778006231
1 212954514
1 372034345
2
2
2
2
2
2
1 498040042
1 367488498
1 646533324
1 630663476
2
2
1 976812401
2
1 23638440
1 720456213
2
1 23694843
2
2
1 266234253
2
1 148008192
2
2
1 507426425
2
2
2
2
1 494019223
2
1 176088745
2
2
2
2
1 927182226
1 840801225
2
1 742452329
2
2
2
2
2
1 544705186
2
1 461721975
2
1 346552547
2
1 247167599
2
2
1 431405197
1 399830459
1 755550905
1 303812988
2
2
2
1 115927088
1 948906001
2
2
2
1 407971147
1 721176023
2
2
1 680794479
1 936624026
2
2
1 610977656
1 792740400
2
1 753609761
2
2
1 500205904
1 715298517
2
1 274817737
2
2
2
1 682519803
2
2
1 792061959
2
2
1 1764070
2
1 695575728
1 738164376
1 201363358
2
1 941774013
1 913742152
1 619155937
1 984029443
1 44922696
2
2
1 947100695
1 500074514
1 749555392
2
1 74550541
1 611101526
1 2605063
2
2
2
2
2
2
2
2
2
2
1 888261302
2
1 757298100
2
2
1 168841436
2
2
2
2
2
2
1 414995982
2
1 379606929
1 465032782
1 49729096
2
2
2
2
2
2
2
1 839114266
1 328181264
1 411971469
1 738864349
2
1 104939002
2
1 7496447
2
2
2
2
1 885799910
1 603820391
1 833227511
2
2
2
2
2
2
1 382438576
2
1 604603564
2
1 295250376
2
2
2
1 485065357
2
2
2
2
1 962753374
2
1 39225577
2
2
2
1 702437024
2
1 33526501
2
1 841478128
1 508782847
1 830912719
2
2
2
2
1 859004136
1 204632759
1 499118549
2
2
1 756738636
2
1 284534868
1 723539059
1 17877373
2
2
2
2
2
2
1 437833362
2
2
2
1 39418074
2
1 187552662
2
1 597071419
1 383860658
1 584096620
2
1 668154534
1 173284077
2
2
1 802192666
2
2
1 487753759
2
1 987523456
2
1 324508351
2
2
2
2
2
1 98599571
2
2
2
1 196628183
2
1 324028846
1 68328847
2
1 34120870
2
1 411487430
1 98694296
2
2
2
2
1 386654291
2
2
2
1 319310796
2
2
2
2
2
2
2
2
1 874562858
1 381651738
2
1 118213541
1 920879682
2
1 803260683
1 836870333
2
2
1 92199342
2
1 159994452
1 455535310
2
2
1 370361773
2
2
1 423788990
1 870549234
2
1 240382100
2
1 573995062
2
2
2
1 917787167
1 154521498
2
2
1 677413998
2
2
2
2
2
1 289135335
2
2
1 936462963
2
2
2
1 89479434
1 58281614
1 44451630
2
1 562650548
2
1 564062615
1 690397282
2
1 46708354
1 313630062
2
1 134988264
2
2
2
1 130087476
1 19653185
2
1 28234555
1 857822543
2
1 836430993
1 854217658
2
2
2
2
1 87513807
1 76441756
1 662861213
2
1 176183180
2
2
1 971391958
1 66181123
2
1 302964672
2
2
1 876181404
1 229055754
2
1 837308402
1 260477289
1 208167193
1 111641321
2
2
2
1 292761725
2
1 601500634
1 248311531
2
2
1 681251944
1 331739161
2
1 288022029
1 817401917
2
2
1 461555229
2
1 776165884
1 389152825
2
2
2
1 964535847
2
2
2
1 121185935
2
2
1 323118139
2
2
2
2
2
2
2
1 843693465
2
1 819809991
2
1 325832525
1 521557885
2
2
2
2
1 52534317
2
1 574130948
2
2
1 348743596
1 927927919
2
1 890048759
1 573328413
1 760919896
2
2
2
1 300319258
2
1 133594593
2
2
2
2
1 832019296
2
2
1 579987930
1 925192539
1 12351127
2
1 896489554
2
2
1 81557107
2
1 744347694
2
1 702189272
1 698684127
2
1 303316519
2
1 543366484
2
2
2
2
2
1 807963732
2
2
2
2
1 259479061
1 403763015
2
2
2
2
2
2
2
2
1 363502486
1 489589215
2
2
2
1 19245324
2
1 926714599
1 513507205
2
2
2
1 773543450
1 45520202
1 499839116
1 15155094
1 508662553
2
2
2
1 672225951
1 350968609
2
2
2
2
2
2
2
2
1 528808357
1 196504024
2
1 591530318
1 406351522
2
2
1 378510265
2
1 12997042
1 824324009
1 991041371
1 166113961
1 44016386
1 503922316
2
1 12779689
2
2
1 206368810
2
2
1 50593716
1 524679266
2
1 490710382
1 273307803
2
1 562704809
2
2
1 745465125
1 54959101
1 342810880
2
2
2
1 276072581
2
2
1 253073454
2
1 162258122
1 496670046
2
1 641431412
1 461577050
2
2
2
2
1 788797334
2
2
1 318574423
2
1 755264179
2
2
2
1 686296506
2
2
1 969441383
2
2
2
1 189822339
1 547065517
2
1 578367699
2
2
2
2
1 870354
2
2
1 626089568
2
1 831749835
1 634125434
2
2
2
2
1 993344686
2
2
2
2
1 510834633
2
2
2
2
2
1 490138888
2
2
2
1 890146138
2
2
1 158471648
2
2
2
1 862693390
1 34787844
1 643817269
2
1 683841597
2
1 971338156
2
2
2
2
2
2
1 848629284
2
2
1 950642520
2
2
2
2
2
2
2
1 602570906
2
1 663464054
1 646488723
2
2
2
1 170344531
2
1 31890213
1 154011825
2
2
2
2
1 268086435
2
2
1 695562838
2
2
1 253399551
1 167402781
2
1 630102961
2
2
1 657978193
2
1 97794172
1 560561748
2
1 442757754
1 561890904
1 303030976
2
1 763486769
1 966589874
1 369723085
2
2
2
2
1 750656330
2
1 605889309
1 376207767
1 620390582
1 505553693
2
1 486716397
2
2
2
1 619331786
2
1 267535929
2
2
2
2
1 767783107
2
2
1 219243237
2
1 569359032
2
2
2
1 160797436
2
2
1 542081054
2
2
2
2
1 686314565
2
2
1 143857055
2
1 320463844
2
2
1 490102833
2
1 159395475
1 694408991
2
2
1 788735255
2
1 990975792
1 450164866
1 671325822
2
2
2
2
2
1 996986828
1 761605227
2
1 282072769
2
1 156004794
2
2
1 920702631
1 722391506
2
2
2
1 524751129
2
2
2
2
1 460170663
2
2
2
1 850215959
2
2
2
1 969588228
2
1 570323864
2
2
2
1 665558862
2
1 989132598
1 705979938
2
2
1 977307145
2
2
2
1 306755253
1 119310438
1 541628664
2
2
2
2
2
2
2
1 774873361
2
2
1 324535292
1 445280349
1 313703478
2
2
2
2
2
1 362520005
1 715906152
1 679206357
2
2
1 200792784
1 524452223
1 67455532
2
1 171909372
1 464731589
1 19414481
2
1 641666045
2
2
1 385887950
2
1 682196582
1 665364629
1 348300222
1 535942567
2
2
1 94313082
1 780439318
1 353282340
1 118266569
1 993949532
2
2
2
1 157349820
2
1 69042556
2
1 318120090
2
2
2
2
1 911891525
1 867794144
2
2
2
1 937238858
2
1 936381677
1 81761498
2
1 770349331
2
1 767696313
2
2
2
1 751766762
1 296395860
2
1 114790375
2
2
1 386360670
2
2
1 114473113
1 294578288
1 167513232
1 80190404
1 360694972
2
2
1 957782872
2
1 7370567
2
1 53159866
1 495023533
2
2
2
1 659452429
2
2
1 474804634
1 796152142
1 271054890
1 772993791
1 518572376
1 618224673
2
2
2
2
1 186063640
2
2
2
1 972922965
1 405715737
1 665224451
2
1 299843314
2
2
2
2
2
2
1 742987246
1 280756701
2
2
2
2
1 924246068
2
1 24308525
2
2
2
2
1 463119550
2
2
2
2
1 224847144
2
1 946371456
2
1 137541991
2
2
2
2
2
1 507713945
2
2
2
2
1 454019592
1 209886077
1 526823825
2
1 283723818
2
1 697896506
1 617383171
1 417749159
2
1 652560411
1 952189687
2
2
2
2
2
2
1 175870020
1 883842002
2
1 499464123
1 781732852
2
1 251392004
2
2
1 408641663
1 722523530
1 288673076
2
2
2
2
2
2
1 869346263
1 626740891
2
1 280894266
1 755845556
2
1 39991802
2
2
1 606701746
1 526300954
1 34586523
1 609336615
2
1 350878960
1 654079119
2
2
1 56105812
2
2
2
1 546354459
2
1 967595103
2
1 975718528
2
2
2
2
1 808873918
2
2
1 422155816
1 12876822
2
1 602333044
2
2
2
2
2
2
2
1 766656480
2
1 867351838
1 247044568
1 652092145
2
2
2
1 335752621
1 998093642
2
2
2
2
2
1 622309899
2
1 609673628
1 744120951
2
2
1 94441625
2
2
1 785665838
2
2
1 485947460
2
2
1 101502120
2
2
1 843641960
2
1 970211463
2
1 976605862
1 757009500
1 43153812
1 842237572
2
1 495581630
1 444457017
2
2
1 293951447
1 574053057
1 418503348
2
2
2
2
2
2
2
1 419095641
2
1 975525758
2
2
1 84690490
2
1 772658859
1 178589248
2
1 9824598
2
2
2
1 169781691
1 809607614
1 332889109
1 276112503
2
2
2
1 519696826
2
1 452862354
1 556033272
1 239431331
1 59541056
2
1 545356267
1 555439455
2
1 644004596
2
2
2
2
1 579317915
2
1 770592191
2
1 424724730
2
1 845963952
2
1 729438219
2
2
2
2
1 654852553
2
1 375609293
2
2
2
2
2
1 260262043
2
2
2
1 3189697
1 660030022
1 681153132
2
1 462822868
1 802764481
2
2
2
1 712911320
2
2
2
2
1 144143926
2
2
2
2
1 614388862
2
2
2
2
2
1 576772885
2
2
2
2
2
2
2
2
1 999194175
2
2
1 695932263
1 893443450
2
1 328048093
2
1 490016695
2
2
2
2
2
2
2
1 420028576
1 654681920
2
1 747555218
2
1 392279330
1 809242238
2
1 570432086
2
1 943454547
1 477843402
2
2
2
2
2
1 593595553
2
2
2
2
1 88548002
1 682784640
2
1 349305587
2
1 305533131
1 330555302
2
2
2
1 533076409
2
2
2
2
2
1 252986735
2
2
2
1 307710702
2
2
2
2
1 564162188
2
1 784474866
2
1 911526087
2
2
2
2
2
2
2
2
1 865785466
2
2
1 48999865
2
2
2
1 17727268
1 358793236
1 106363304
1 279787856
1 343471431
1 332154812
1 101065004
2
2
1 201228576
2
2
2
2
1 231448165
2
2
2
2
1 906539284
2
1 257503002
1 196295767
1 832059186
1 934485005
1 801038085
2
2
1 478673351
2
1 698719516
2
2
1 863179332
2
2
2
1 553434366
2
1 980643405
2
1 822550464
2
1 846023808
2
2
2
1 996231936
2
2
2
1 478456003
2
1 470050088
2
1 659446522
1 537084822
1 235621004
1 911313887
1 236691317
1 64341941
2
1 646388795
1 485599935
2
1 8368622
2
2
1 118982201
1 961059069
2
2
1 75660777
2
2
2
2
2
2
2
2
2
2
1 302739517
2
2
2
1 82494083
2
2
2
2
2
2
2
1 844897778
2
2
1 216219122
1 224917930
2
1 67671119
1 2512761
2
2
2
1 366078961
1 338947207
2
1 604258823
1 329384274
1 408200695
1 966854728
1 915453791
2
1 448948775
2
1 173824210
2
2
2
1 988458163
2
2
2
2
2
2
2
2
2
2
2
1 168839535
2
2
2
2
1 525178208
2
1 858929080
2
2
2
2
2
2
1 626788434
2
2
1 891886948
1 152167744
1 71405835
2
2
1 970504663
1 364513043
2
1 727941476
2
2
1 17153263
1 517145550
2
2
2
1 642054140
2
1 503047624
2
1 499688306
1 898422526
1 28586848
2
2
1 288641229
1 694463621
2
2
1 602358462
2
2
2
2
2
2
2
2
2
1 254866089
1 596718886
2
2
2
2
1 93175079
1 840996856
2
2
2
2
2
2
2
2
1 428286938
1 507053647
2
2
2
1 896982653
1 435891778
1 805423975
1 604255817
2
2
1 402242309
1 374341865
2
2
2
1 547914493
1 512302672
2
2
2
1 614693549
1 344474675
2
2
1 835654588
1 929589187
2
2
2
2
2
2
2
2
1 555880539
2
1 945622925
1 497786454
1 794220648
2
2
2
2
2
2
2
2
2
5000 5000
402364872 969648279 404904562 954474430 767773287 292189771 527311161 411788017 527014913 822526252 170579919 299403768 853937010 74146103 524569896 804043807 150807605 767219488 138572900 167445749 3551872 95143318 62866373 27948445 914129451 181027566 815659821 234495210 724687521 658635991 226244583 443115365 197463092 924521527 184098479 657468807 402843154 252050175 886334409 828788366 503032101 851924980 917709992 567713795 658988256 592566402 395588552 602335924 90448612 136050551 455085262 696941923 459049695 941503406 582392038 30967344 690444841 882616687 704985780 587359623 866351262 459327243 522629534 754436598 976051666 146577429 791406402 447089035 31982142 115509797 738451827 306551371 753108421 408949906 651719471 930223163 287262983 407784878 510029005 199205794 807018043 215602697 945854253 708318674 188014284 496872807 37445782 964452348 732825377 401682051 976198571 337810816 360603374 939471744 805492979 635348279 287038869 632579287 30084233 428495166 236764432 501538638 897458401 555215405 328509612 6633854 315181884 169085464 919848446 812110803 830425272 924151669 447128978 309380429 18541955 10752164 347314217 996062964 564218984 634000928 840811101 251244385 513830145 697469264 268079316 524378038 653322768 876926931 274528400 962477395 434528566 931790962 421225064 699319875 53814388 187692824 170435327 957482103 366899169 414526729 223223780 542507693 85179823 359035819 351619964 521113248 144602575 40615662 685938029 654512061 390429016 830903448 241533821 572353782 346747233 921237759 386872768 638200495 731937002 105499055 537015521 749196249 980355165 738526934 167738483 565861657 798216550 960889661 259660674 56526843 461198836 904235142 881970397 708322151 308515002 489743177 604482941 948032627 512522027 668479925 557928291 671467810 17895726 108066525 868015638 875019974 666357221 92525310 535432038 514500315 667487467 44983061 949050417 230743129 640300106 458882739 610702617 319938392 147894213 875646566 5335396 368327111 891532700 901817881 85623751 600612654 594441164 386803453 951457276 231695362 635281148 751734338 92607033 859868900 868698418 177719619 279063961 311052902 107101277 702275051 492661897 24507980 874844821 282427397 805894128 266322590 704923710 334947669 406715833 120074114 615775175 518849645 105337429 778158122 122057364 9938964 486540661 672112853 868761040 920829977 980793735 242212728 825059195 213417414 296241207 226815175 728485825 335321820 357189938 788733291 125827880 345459161 155212990 704660072 70363422 635441337 165886101 739759409 95149400 842700833 873478290 81314198 252599248 327621189 245873605 129787743 228792277 558595181 502125504 235737448 947973849 791729000 432459772 147831993 136203539 266028371 200630162 164134732 930467559 295403540 485078231 309052819 782797948 272303296 845009678 63685679 667728732 932952791 660212870 701786623 111983361 29207702 330444967 659783782 918710240 105095170 540889605 978115423 356011283 15425946 152035887 116418028 163556320 816354118 815009352 812220269 735427073 847819498 308863110 121943267 834532739 979608450 91591355 899703761 342013859 830325525 118174111 828665681 437263774 102973111 215054737 623902633 116558297 73433168 71062496 936973596 967939092 431460180 674599953 811063446 794519633 958422283 232351531 41577819 758568160 102971369 772725874 334204018 213908122 465982880 420045748 565216500 200281732 30810702 38009223 760543035 195653665 528023409 272360287 561328290 167561244 16288755 892646220 44552131 257315335 170874921 208357165 852992143 655509213 356994088 22250492 142469424 772606726 105271469 50582025 729603409 136905541 951010892 933217419 226932313 374486173 483517231 890371421 972245456 846888048 622505268 235656689 488903195 855405734 379240780 535012155 55945525 540209820 572041854 936976096 442901141 558347139 310666041 138649624 51305175 831471814 520710128 460076301 434799259 321819250 389189609 925233964 147264873 461011465 637836168 478594965 105080834 784608892 667694701 331028419 609007168 429473416 928512194 378158704 479246095 872204592 577453185 693053234 334046347 59771529 501059585 519961185 285720490 741588780 721304403 674473039 12767802 522481862 936200788 455857405 535675821 260066356 785695582 352115759 274388110 538042066 980599790 612984369 333463623 90242953 922051242 110515016 752861145 479075849 599209442 447116437 882473278 209465705 366109024 867642753 358811738 141886619 41421580 134929363 137006393 766725109 398710313 980017281 344643688 650440026 246550376 843315447 173167986 495368877 948593417 103691575 230197756 27060709 229298387 200391263 435155448 426472955 330146090 53458931 383478811 267505958 131687927 697174021 186420426 116009263 990371619 40949474 512133684 665109083 285521176 103525518 306806802 107383605 113114678 515673683 1981803 83987761 462750414 154938357 482666069 460803132 860841464 309985204 595043305 908540309 387413018 188683152 208782938 339381222 485574450 140254996 407751475 851695886 927099620 538760623 228907008 505789068 824249099 308271942 332808849 468036337 539062213 942319111 375582463 301743210 227608779 66077333 870954796 18817786 659577136 946859702 24470859 926836297 890874554 840259939 434989565 653770915 447632966 131760407 324514696 91482849 677254483 49991640 232293528 706116426 736273063 604347188 547407461 154695255 165580974 1160602 628029649 207890578 612329124 528186207 664331143 368563878 237497383 518732019 501916022 291319196 783635896 608539475 548466566 179936692 614468283 147741528 173439842 104676072 535546976 956721476 557552066 62566541 361905381 240348972 366795420 794595473 731854012 545312732 27293015 793887593 762592071 760283535 929610932 302606103 34006594 296587714 86642178 942289627 183878954 477775797 246061646 312183678 116805004 226733353 10389620 806765141 960471241 44316675 941268001 527029478 98193199 654608361 750880135 777143967 16545758 878060085 779681690 599602113 244211407 269022085 978343274 72369630 44054101 218459741 27282860 775363532 421625299 382476277 154057531 402033872 641141125 10762829 270410904 204108201 547053956 611764068 794020878 9154374 923245814 983087552 679607276 777238542 354672300 549845284 821790948 191495732 337311410 996485075 875867879 378808233 547450583 913940482 916773650 813947734 107373450 722439386 849584800 322995443 247640010 600817505 131529836 759804713 973273497 118087494 114810573 501932516 864587335 816674138 626158636 848219716 162770755 418051304 64334524 682379693 646664909 8418583 122193284 343164309 647501793 265364725 813705678 360599648 419519383 604897221 135632587 995963601 961242507 702589774 72485680 230983685 848422349 361797540 83116547 483823852 17743180 877380043 388972131 177145374 269071573 72677227 256556375 218778313 790580599 489896692 808791343 864694970 267092964 913783256 696734143 905375068 407582907 890962501 524902915 304732623 414380810 523130229 814189109 590334834 849375266 495257444 583636611 925062594 924566263 894624856 225790440 985008342 776005523 205222883 440716195 973944360 71126077 853050175 520628272 844749621 878704508 720779995 162557587 982802817 851137142 144264468 576443860 378203707 464198019 439764671 192637878 495139265 721282312 392315232 465367803 319110174 162484459 185582148 782503853 420789559 105017377 179940273 511107650 676352028 907712765 472444516 458581107 802769319 213476839 33116160 917687338 509923233 862857909 695202846 711616185 239111335 801598418 32593365 561560398 680602446 704194436 432764882 466225252 37865648 921011995 231301891 498711369 273811559 523655336 908626608 772703407 682682755 692752385 275605765 143895185 930645918 755794671 13357471 890671812 129020707 106132785 481382002 164984429 565825552 947670699 919670618 440323350 646877560 644275126 564514101 81988698 574149919 459371215 750095725 611655455 871940806 867496750 302946236 432438981 55342741 213533374 810824479 4413973 199225083 15547738 33715332 331094778 136531839 497881282 89220493 612762170 883533368 197252318 989769152 929599911 358184664 611702445 387148890 443546613 490095857 15150896 734226454 845358700 526644034 896980092 542939223 67231094 982976113 2770822 788047199 542123050 154985385 960238341 711655260 375454620 110889763 719350243 951074665 734556703 917828660 360212828 359863657 289510114 555941503 822288249 795905503 5225497 556652981 689384621 64675434 640554693 678742835 816967960 694723608 125369239 418338981 825061892 615408442 847734904 696830800 17583371 874625153 874434873 872113867 645654536 862945447 2547755 104653773 711150088 285355432 842362003 920693970 672290792 994185896 17313617 657656831 455788699 633551566 459126429 393616405 233059065 864691188 24122461 711153829 987601673 855414995 146584278 993294405 317697723 682814220 525031396 509754905 851408619 155953269 773519180 192686925 321512059 362278946 972745858 285581458 913108768 403266040 402640540 247471677 375843439 193048194 59431192 264549576 931789005 891522155 366308768 126582628 207832838 208968504 451941581 783643131 357320143 691680935 12875617 684350668 115705647 321876602 792835613 826347416 470740850 522171695 300892871 386565629 336598271 143052147 186672270 839219711 244281304 625109812 315982735 607720277 471272306 734565855 475355399 909265837 246580754 93370588 403913580 403654838 874273992 872490453 810585871 375573471 812598444 183765176 555003480 551261715 221802733 456128662 771362242 937509107 550902213 12390760 564594356 463172123 17702683 800339915 280290464 527708385 880405044 780342765 223535394 981193485 66572445 842438688 506374465 330077910 488799918 266643219 225766716 729793489 343693722 561624636 242019304 651994268 257454891 455246178 495285100 933498075 960928594 952538380 365934024 98811808 759937502 722698417 523647393 517694517 254456724 575058394 528818454 36088952 254436557 661263358 358203522 236343944 115961078 928825316 476495858 641340705 897909899 44658711 990515474 437025435 32690780 636461091 995623687 317419172 847175010 424087301 937532262 132765318 907449100 253871007 324970230 231334999 655657885 199387663 922259420 500049104 714122165 8002025 986926031 587406968 795410073 851448562 428113778 930581697 246762752 845034056 78794047 586822886 339093567 539757687 412985115 43305380 187981789 42174292 925740131 211513128 715709300 436613506 200676449 545603601 113008090 511872213 588425340 362494208 655652011 559849667 513158523 235124608 669889403 113129285 256038267 683235825 310006020 821603149 810485955 147422090 830135824 352068423 35692638 898469725 667894777 190504295 574599134 135320548 759339896 423709408 162976652 426741670 132357042 907799064 148785190 28173877 186549903 691648229 796955655 13010381 386189868 466892518 883423118 144838427 437494227 207493213 635563574 901852619 401600857 707227121 928392061 306054849 968021776 324755983 877356709 868846389 701611554 294026298 743890824 91395913 730895991 534499161 635448563 507631838 16358506 489517660 396766778 635480233 544074195 751375777 530410511 136582689 41973233 817879390 779958315 252123033 746649381 25619758 369032114 631332118 969377831 201990699 982980986 884225236 380633774 544032038 56805821 8452745 916612852 24009333 782594720 137915923 483180390 600430530 863237907 257529625 858579983 241332671 520941152 592276618 847794608 200923374 13810337 50262460 694505585 815956074 793206567 840600383 919561055 269673663 152454812 122107612 711067706 763008456 48095101 438117979 961556326 316150483 382761021 4843632 796808006 543191124 598393479 609847993 143015079 820199413 593403698 929875916 663810281 763008407 589041403 221584279 341156020 678714915 880633924 988622327 102701147 666672858 143734834 123650065 13166960 121009629 979296220 576806897 984155859 348542384 83718648 539131823 439204464 111670060 816338081 139852162 472063258 837201171 865302169 586973953 110976919 800602411 497153785 817052536 794807417 278196408 765692874 235405434 776139980 939524176 541595979 441353860 4063015 259218478 451959316 568720573 355885641 603735752 353030333 793018135 85456242 992648832 433077941 738735313 705704993 772313707 503027186 555025070 362429943 789803224 664617847 720774733 872657139 759662734 487696236 576733457 320474801 251791165 924828835 581233767 117004990 719067806 823170118 385290386 115562593 545800330 228488936 512545090 767784579 706503240 687056706 615851017 342958555 993046439 144081650 194220290 336279728 211469595 353918894 346914824 779422268 42204036 224319126 664162694 724318790 402347850 727923603 361728100 613285720 558634527 406496189 369414113 617060022 194830061 320163138 601827685 620688996 654508244 405588670 372849687 609739812 361974605 853576643 308966923 26887557 970618022 637490391 800270424 888977539 172632220 884670861 928986140 991553620 209158634 416227362 22306901 137954556 464103965 845583294 773288801 101695050 542846483 10674464 710016247 391002318 788340385 503230449 960039862 890219726 654574954 372714923 888247557 973576530 543241804 908746915 456631960 269085298 457552840 382716412 68995566 765024403 892589836 160027570 412340966 960417020 373486780 375011374 917219285 353310791 981640805 583260043 20761523 202810156 273570314 13050544 172300592 562488254 671951140 929313221 632305720 999712346 868397502 717514750 158150593 651524344 560721905 299693972 944828127 118928919 696535520 366335692 643771140 895938997 311552968 203414357 123518227 82518754 900192866 277193459 492382490 795215166 50225604 94893093 698181100 807862677 778277749 771543165 787632485 29131310 313261952 319741388 411848676 973982742 524995260 784404884 884364567 31797229 166260266 618447342 677279392 316719526 399679626 450090260 406734158 423280522 449192701 686998010 366325064 794215618 316772536 130474065 399491101 398730004 777155402 554072942 120050988 950183225 511724315 739173782 678899183 836429338 530322693 540332508 639516262 225227723 860712090 579653802 987194721 979684709 57802805 191206889 117945466 321405973 222281797 820397542 280904786 736394620 678718477 616092191 758745957 358874008 819702396 963809104 508089934 342067645 95514738 50948579 21268314 212793180 190556154 703108565 913073436 559348236 901804162 843230337 250814782 150200087 261409047 546365409 608065219 36562522 482420706 277007527 570040657 833600894 561884073 375034651 766241492 289408799 372959871 927031549 759620505 467151785 996916334 772002804 934004371 181869021 402969883 642582282 822196836 525243 380900777 497244395 547987843 631030682 304855256 13750359 949365559 962845960 59225050 375936950 498921783 245801681 249934758 523563004 394017845 780892199 907349769 694402268 329343079 59150440 826518369 802883137 912657761 68964050 192564890 596533989 937772690 508823988 451057422 973004624 132236896 769704742 235775115 184513170 102561424 530383165 943245213 675440852 743946464 19335218 625017198 160448423 247309322 576646959 699892210 177554196 970157598 368267436 537385188 792430859 34989899 885938435 95049904 118559032 899771510 882146266 929450878 507676698 92527248 249415734 819805697 195225107 237638536 10004003 166777846 212024717 862628386 264786561 252633527 983309878 42618788 152806727 867742712 117528104 984699110 575126473 118410931 508486033 64783904 833755964 97499916 869065806 964584722 544052967 15653312 998702244 653867046 706344210 106848183 406917412 914988363 672940044 603570952 378387064 582782890 246956707 561620702 928308539 786799539 887539362 81649539 380057651 239468056 55018294 840755135 798796768 622626672 289668313 850035890 961501462 814190780 248116696 968027659 758448432 696625826 547801364 744990870 479287133 235063053 807824874 214628705 560782868 596254970 328212340 934688029 587544424 136747513 759419204 570497508 465851031 507750335 438174422 481058891 160119650 609817206 639919352 602853929 89614719 129475862 168935517 535611844 254080623 974142526 484088796 970584168 293128605 464340181 874463724 132143183 328329131 832879384 645203832 223847255 613324202 998280751 646787411 390666735 618875975 675771468 574415758 76804920 576725809 530080641 380251179 204170693 218225729 87249559 441438454 555789038 72775078 865490041 485576605 713377414 293280506 533631622 173824831 848772872 419042005 394884569 311837091 25721150 20335889 909204232 7703017 545713733 366571477 371113952 19363442 991024841 464021161 532154450 707516517 428169172 59672933 850606808 536185043 648735830 146949928 667594238 383290240 732587971 358088881 633712280 212421355 507575284 574792276 857669028 905047446 724498799 230305185 639561320 946064458 189602776 128783208 551611476 53709796 396873451 318947214 754215246 870625915 988571784 871664822 556545954 640708860 563445891 17059815 287157192 469952934 896656868 896253116 154106595 395911954 247888993 872004364 837535833 545941187 743897708 667300109 440674399 238807619 38924458 860973251 932977035 876007084 553979553 471553543 108235159 897019425 373939494 267149621 619862480 496230651 588192785 825806610 528916166 636475228 203041078 84882776 97544972 934065090 704393489 310696561 418702918 802439617 386741962 873283628 135834811 121574684 250939465 33422361 815566472 531586254 340074096 178667034 796682817 648202489 713149770 562940397 372153343 196624267 712951368 299985560 139882572 778222894 21552794 817459139 286685187 145789350 349078609 719380688 969944568 909896187 624018352 20767533 643210446 154542321 62626702 116381865 498256228 907618547 699427562 988177556 29233113 965043113 153562622 424414495 704437670 986908015 985101201 75017066 883404492 243428657 347479914 559672130 6780582 678954799 188143713 547604351 923488712 89433836 304758371 255630316 428807883 558616659 111430292 45440971 350809647 758131280 636669711 553862287 908684737 398127874 126591715 521822516 10426922 412915805 18004641 283603909 339421610 785439034 995178160 421549179 50238749 127689899 632385505 354064356 742841577 444342134 811052190 523156361 587376121 43822021 68827545 678132978 757930081 966071945 672619406 695336730 143358278 609612608 596479385 50762076 833729487 500381533 846416890 75243592 37331304 661747746 358040095 602895090 890616025 848278274 134611011 934810094 785313186 449286927 48526673 523335783 105078313 20806969 989906423 3817004 106559796 336024868 224686010 30912380 184185831 32332694 847840197 147052540 457779146 407110875 802650819 590861562 512547726 375633808 391149802 717010044 918819955 358207039 828534757 330808729 239492255 223874306 579187102 197941188 623056060 444982664 813919284 774344538 300968369 893768962 348602729 232340578 252031053 697083672 718905689 74919726 571710303 172521154 101652840 632113060 105438427 805005963 118208519 554119010 166285256 674820183 458917889 397847683 455791465 353794775 950712064 648008729 547532259 985355663 725597263 111316538 58731642 435373178 908067443 453752718 876406246 897950860 695493156 533580472 158995180 464926268 429653947 10785360 974280057 995770209 529376500 113635512 165592215 36949332 2607088 328940685 451837714 333677867 455014118 816081787 405087411 413262679 611832715 625337762 275562218 57664259 969653329 217436337 575847441 558065570 330964295 998789928 994863095 881552653 621903196 159557358 701758450 701938064 536863980 312520182 607147574 46703185 456504719 128947264 700774751 125631645 737299440 509777726 89355969 598493768 205148619 258090668 716354856 11949862 714067672 128053309 462561376 98435262 386950800 597096019 469614707 406414315 589570572 507287694 100087716 483434085 406190293 594325608 277816152 680530956 961334279 425562951 163342116 118138216 30635789 34560315 15280420 652916154 205177979 413008225 125011726 196920427 832528693 833306219 607440410 829917196 943223101 2550299 808323272 290543350 877225422 433663776 274528934 188320272 743460305 18450821 937332032 56807937 869117846 183932404 836512215 469213863 505460721 429013116 766615938 938062392 888912679 850201926 503477335 53180107 382011830 288505764 279826288 261435530 188700495 142235765 108413305 435864640 379873987 237526648 978544617 64474710 315103477 307207550 392543059 959377308 657068041 810533293 808208120 254888084 58655378 203728048 961474687 952543050 889288129 221730648 338161888 668279348 731553475 868391326 865868517 509817277 816205600 767697767 332350591 613407033 500185069 2482467 959746004 840654570 934009566 189844681 288640179 466794710 852782432 350124949 255232766 627036975 425698609 586536355 766409643 174193031 190008553 210992768 64413999 514938751 457071405 545981076 572253368 660002049 912503194 997611756 390886650 376088264 260340867 667760381 942382741 185399607 884826786 448290680 435444915 768058781 713169118 697697523 98107815 932709400 86782165 174507958 24303513 174378916 408285621 796624557 624871751 823312556 367465229 404747044 837238672 700093579 39020440 308137819 917710172 161519748 209642663 119502702 254950888 670426427 287534877 796079427 846371123 176991414 396351074 778404047 686351368 771706078 579998960 126885276 528725265 584526110 609201433 809874291 926100056 35551664 418634210 534611945 796923021 413260165 873742906 407366566 865089797 990853306 366715047 887093593 827720553 470225860 941790688 712727473 624869565 102001451 575265215 292492624 924593305 398475877 443326043 76781158 572495783 91703282 734436212 943005881 834377778 340065542 337050937 507383424 853942805 229842711 119976431 518899028 330122903 635898830 579451978 326938351 771397784 414747080 26427922 661179451 245452843 422979077 885247737 240320705 875489834 450703113 254544579 95951507 439817122 260037694 976596095 872099116 747199467 769595244 408804585 27607472 634436422 789647960 634603725 739183817 589118916 242791007 332721117 255144242 234492281 680261661 49647349 901432179 152725495 286133003 315776085 693065813 860672051 150732014 29741481 24327534 841328346 916132669 857686239 587532050 252886366 447471123 59562036 365240988 329475410 946081687 407042027 65192443 72189269 780643213 527530637 175298207 695715228 926980186 392693585 487924612 981945825 454376592 764475638 706288108 880449585 882255129 413723175 619525020 165065669 449204921 518518779 165737457 982743530 475408501 981135822 561607281 328927161 451371944 926636463 963678435 295433399 840679292 446721995 418874124 286404085 775242983 660301400 597259949 737522242 994403143 485124437 811541875 124884437 126950238 564699367 50942370 82018403 782984328 312278091 284987513 648400937 671304893 155470313 190708446 166559754 766805511 442397599 932625066 747249162 88739931 626824801 221925167 231540566 763704388 344176046 75739442 908200828 275073202 361152998 210793626 41846788 965367925 426039573 22935761 373851557 691782595 882016972 105188222 321966867 508824148 4307847 983765231 785001035 848645193 319121966 833349106 349428317 503424892 60788454 797644439 270099710 277535227 183592423 127398153 668649043 348594121 78784659 384309636 684905262 170875933 330984613 468468021 904237757 790980272 589787669 91291118 240547197 210651434 377434521 747679301 954897805 378048843 285883391 582245720 366072189 278873308 119072683 725483532 350044576 405138626 812282501 217450734 980529616 513474188 555877467 225812135 989036138 803144392 310782876 308089210 721638142 457514034 654248511 959014786 824451854 868686822 86135962 834818613 517611399 460251190 628655656 778319511 143624419 361252557 810030152 199490565 927946326 242663721 337320090 977448539 537731070 949145355 127050018 863436460 78560669 828932339 466613109 527295162 920758768 684522435 529128121 868649275 537839245 125108395 261336701 138352447 488368073 374446128 448026559 416592585 42005263 789741009 162882349 768087215 687852440 611315477 189566366 250141131 244239436 999510286 628095473 619637290 152114088 359746 799983669 474114421 888698616 519378143 400328073 807842134 686449147 178480985 790354284 549428411 224412100 620288436 954672802 382624295 121959299 711556271 725651521 498075303 809151803 956650453 183211280 86130223 18961129 992536962 969436842 550869246 917667872 575992926 623983699 638660280 50186163 727197702 841600299 235440161 74734139 510971451 304018507 866573688 989591057 612622996 747610970 403141193 790850820 37059067 798057515 799119744 625506444 815401779 121424688 248930324 374409499 145129915 516043761 473291877 825634162 586447515 861285019 845829217 365803750 887631556 810309806 727287617 878141291 642918723 407418448 689787154 688120517 357510624 844830087 872522906 953646425 527012541 452684906 365599345 472283561 34061928 844471895 922295822 919471265 983572239 238202711 721977040 790136274 19186723 16663743 548284937 694995462 983931095 305053023 542748259 661427529 390842500 307767 162329791 571487486 92939420 660039613 657659922 221417786 695854956 486388688 840464440 334105744 142261354 994967420 585909153 181108846 215748814 941786815 328616386 452403433 239522660 899998219 515315010 267682897 714713793 419935317 696582464 35066683 823260275 795665589 906145131 982853375 540613960 636582018 716807047 557752569 14842142 917750215 435349172 572267872 978449670 520023008 684794147 852649358 79929408 632404392 545250588 718681730 956879026 218226927 577779444 403748318 876040653 514925254 883211031 504272099 123837537 574833935 628464230 836909284 724488929 930054729 353215306 284454689 28991344 408025567 822321311 303248746 905315369 348956972 330459801 502369206 937114201 550049938 928401811 545246712 529051921 758555556 12007357 943981238 348596299 605430674 886216422 777147379 971453558 578506220 652274504 509793356 386829375 937341809 865995181 823918303 78358469 104829612 811925391 7580968 487893143 505276636 657860453 873237650 123914784 897538324 301878371 139882845 733806344 871003734 67143919 957265649 861753527 58354490 957739786 583956031 552102502 81838709 85838721 285717032 630362920 115459188 164086727 728429423 371858435 49143718 558811065 521288466 714970698 28684491 48976548 74337643 343266460 509253528 744563694 142337177 541472632 443013025 82558090 103854318 184705364 730630550 351981494 19484207 910818493 743542155 486857506 200475508 374928546 226021697 77275988 308474733 712691886 43417239 105563792 590918877 281524611 203691295 767591058 776209465 306954311 702228074 975329274 801802306 40314655 497505071 793866369 497045635 198957410 46602742 791282224 468759987 955548616 713008962 453940238 310520089 169079076 526832646 813117574 733512264 424983326 546337684 787310503 432005386 322062206 596630127 802588950 364033972 910966519 992185285 858791517 940913910 541923926 68503813 628414096 337873739 228436759 193150542 847617396 540512022 663000072 920314717 490445439 795003184 704565987 250201368 249020981 400576457 530113419 327684627 288493270 407252188 703894738 200526924 638218377 954866019 254080195 834151481 681271851 893027499 210097491 431976485 538900342 195684367 772741053 733263243 689293277 815873313 659975404 219622537 537406036 337438008 349392174 778494741 380209518 333829655 326852939 272005945 31709441 958286454 394205286 306604007 617660158 937118820 604026347 256494860 633980630 473616228 710266604 128107211 508554563 487543760 737980041 433873649 303423298 846271128 30945313 790505476 723990685 531228902 302570452 5094531 396739317 189395599 579423702 630620718 369341160 466877958 683488885 909471934 25530943 675297946 412581005 921933528 507154864 829544833 779199978 309222663 286198100 309831615 927247223 77142274 291407810 558931590 457344735 785081038 306472977 320193646 321966513 101492128 702726655 612956856 381797924 354625244 21946341 139138011 404112706 59577488 914443174 162623099 666021586 829650698 608189861 291793191 15032125 385020452 649394410 205527541 51134616 21629531 841098426 195077359 507503422 995582940 484971784 817219534 427440473 175220608 465089175 408092764 270938709 604490430 158565588 421964894 673805490 697103487 753365169 319421628 623269666 886751606 928231728 939535316 439823828 520275672 977863067 409499044 520399439 505593092 120211420 562914420 921467245 649459778 135014490 887563353 700577190 340615720 686317426 601872352 365092686 386534902 192528602 529725210 862635324 145476189 60278277 545408663 346335332 138492721 519575728 176341823 540718055 618881815 918529541 517082723 607718814 174760316 891149734 885406004 939729394 88533523 485993970 666976855 397168358 560373102 686584768 206602508 570360878 838047205 479286514 670629349 542633185 284765721 994140726 571262064 29735629 651743180 534992700 294835305 426342159 519561502 811088100 510813073 648393344 471362740 482093316 360440851 359245381 203323710 512914539 601309707 72253613 269336734 135428939 346508513 542709542 601767799 385313418 387204187 139569714 455071085 962446075 241240181 894202344 201782565 998757519 508377152 201876104 489829945 56492703 165801627 211755822 686509961 184866291 745380039 145407144 270634405 966511494 342307853 330595409 752991110 621776229 173325125 87274259 406953096 587432185 672907743 156879202 768742464 439243150 330595392 495081059 554510029 215205221 692915342 137664601 136593468 908774082 36661252 833560497 811914712 456787246 873111118 207097844 528734211 494919977 547161958 321512459 209155424 817354603 909382144 450996067 26371147 6854360 777740008 396485990 334652373 71510623 115862035 2757250 640181280 881408718 779285503 150431545 673307357 371442810 860968175 504338363 452379760 62366810 935898364 85812362 939565303 720864833 256048405 671894440 154082211 503278973 646067901 483509144 867485789 934179643 994331604 885241044 288646536 236769793 869966736 541896195 726318027 587855569 851648613 339248604 434782967 765118824 549882725 314867680 151893146 233376457 492693932 93495876 846304422 966851264 853693494 726362753 799444458 562580928 731528908 237268973 642656243 172896855 404796040 289338731 245789791 483933315 135599847 392456701 617071295 111468132 817024639 792623811 338477743 137834743 614529668 888838223 834578871 899032730 293736716 439462656 313488756 528585838 844017670 407048298 755754141 244324903 60196617 995638253 349710884 423450741 692196652 492674251 46091472 347374039 394432223 780439279 449933222 653334420 137671158 657796349 668465221 5629641 228273311 366389691 487468136 268970804 114021602 99667075 385769989 444944345 485531813 231232024 414871162 975388300 455542075 599515344 811633654 534206591 415310264 599334607 830455252 997315676 649222918 959187469 46905394 26555000 479274918 489011344 461100513 1937097 288672249 592220411 888000476 254471426 179155518 409896875 431225813 582481955 678723690 787122718 138850901 633140613 665562832 714767445 11857971 560586739 674303152 265156943 687715163 837654912 386229639 49779832 885442377 163007170 622208228 75850481 493939061 879651632 522704891 962820313 973112326 55641004 978835685 6697988 899967207 12809910 996157603 384570655 132169871 540279026 681876243 18681257 580896101 792054210 913290286 700376774 668314025 835294917 549874620 21725823 803271921 308181070 143930245 467255291 971537389 709881370 343341932 677994691 376940601 988587375 148940226 625378186 568474855 181726124 549651171 389905393 601885702 633419811 737233164 8158204 337078193 806907925 627069463 856421505 724042650 521484057 917033415 216220430 545044312 122450164 972417174 812941350 651021444 927048112 95649014 169497968 737428560 593615434 847197280 1476816 176887742 70947244 380230955 849966056 33246376 544741780 987228186 731298496 930617644 725030463 242288007 827828037 76735554 979222925 212356207 358475734 405675243 90369694 242255812 110861715 88773868 788605449 997310816 739283319 757574654 854540623 459245891 873145908 20767822 747952703 384349808 384966883 600426711 775436842 72606431 773848648 967782381 379029289 67639605 336472335 972584885 143526887 916613486 839548247 300493975 477766921 990103392 405510135 74160847 632454475 996474189 321080257 256265178 87815676 35065285 461101733 602901234 74856494 528650682 727810237 612131397 693201559 323260594 448193139 327252051 748420004 905636631 576121525 627081495 679607923 830074665 598798058 454552544 321831872 939219180 386837126 612147592 854035277 753573799 871872058 721200576 580490930 266104041 885698923 946966175 645340303 888514501 491858674 765399170 556316607 319505233 36039155 606326244 328923775 899690377 826809031 234548682 849783249 978138984 829696812 487813614 25932499 748155821 161685286 48374497 179524196 661531800 520666381 37152147 725065975 922824428 123702915 135199155 793077409 526701921 474739386 955524052 505443369 796654284 451234706 311516302 794156908 16698341 766139064 884743434 192235896 498242450 3008080 588771044 641842235 44645933 71325000 92717475 902151039 405189265 881912471 270237374 709700670 668097230 880258848 147916819 506971192 785220169 814260065 872071530 981159679 360119201 352394031 357035757 107243062 644317046 641832391 138457327 2644319 676383616 365047327 146416360 590300285 899821546 352005184 229976167 454871589 357546184 441074476 758145583 152407005 230490327 741932067 208770082 169840132 773226083 323693695 235897033 121400597 507972820 464580635 283918344 408168872 805345167 24371696 588835167 70015313 631897418 436026215 540355933 841902833 565369188 225567308 513949779 522704245 274280930 112815453 321131459 296037718 506027504 314323231 486335168 604598312 706603626 784591618 10360450 924624592 159192898 54219471 394662566 716840604 873451331 358787523 637582047 732932540 139605618 516525694 433259172 213708454 518720162 677470479 234570396 112021417 577592476 145302982 511128112 940335576 968066412 212129944 589529526 680279517 707067852 934683016 892464994 795050109 858420862 648564940 992751171 462876892 239524313 349908137 39304709 214030582 69360153 645815370 908183439 744785016 634168130 276465888 334897617 472286359 471655009 552555887 943401091 312454414 263788449 204822005 668979484 844455171 830721472 652613078 68473369 49347108 306627189 894685734 744824542 97270031 613491140 271418312 522989612 614067841 407225265 107302315 71829352 224475004 236745406 711248710 224642515 696462533 392805738 27210592 281097270 903966080 532512728 217794989 587169062 821009233 964577121 252381082 818752614 408168039 919580908 575334663 814773233 170068033 27137834 901239054 78960641 367547252 443677248 153063182 451446704 488029033 975929587 3497381 653139113 898155934 921297743 513156642 66659476 721429479 436971166 693017985 662724492 403325253 190030523 560720575 79226738 670299230 568482342 607006524 777469244 489432615 208160420 781366481 784940522 829767720 339917871 281623362 828843254 822731118 477888122 17634589 683622817 20391981 445555986 345248970 115641998 653739022 89582130 915724545 233276584 669149036 764635311 835667276 699092638 60147355 837840590 201924734 451271174 395040486 882633189 388193168 214462978 545727744 544242592 639670727 948002638 354325160 497666843 374456307 9870157 452521955 189530560 438486581 341335642 520396407 791194644 376271665 485478010 243583313 281698617 278107466 198394069 834081146 351539402 101913849 934432744 935915730 847457545 183083172 461336609 586316912 945076517 823679352 514589224 316309535 256854965 783559424 846130765 840636148 796164469 275502041 90908937 914014626 240041120 560317573 705021227 630655974 944534730 182421336 399114513 227547538 573146922 456375277 169564231 851705708 215444161 856555946 99258490 482860478 437300762 761124994 938730555 863928183 638794532 540379067 942526406 377681892 543763287 132111132 390742977 331052954 413188573 397581157 523959699 843233000 458096167 856384407 463455263 501841986 391560503 814331955 953272227 12271100 219479512 602300444 289552734 582690159 586861713 274956002 320502528 138345546 710364221 594492851 384740275 799969184 717979713 729515404 338235994 491145902 716834192 576100295 41880332 709896581 132512795 129262916 324288112 978099997 954026503 98523573 737247273 248125606 177619369 755568118 916244419 1155552 212674737 99535138 483960326 733275339 159135246 377416512 329777019 748259420 754407906 484311080 277590334 156662587 6205543 229806974 298445013 449636570 505518158 615964186 460642811 717957356 230645395 272900817 472253696 31347372 311298105 627878319 255600590 603438627 571769788 464729391 801559391 855918274 334580076 142805958 271554411 456395767 443696902 98899150 580759077 585295297 359022621 377810591 87603608 513404909 757202611 929646446 558022031 604234089 278281218 311785223 285164958 984958841 571268520 426946054 236484042 610349731 774598290 401460912 27457226 863949172 324533928 234524537 890907946 647668396 454001710 738752101 560019563 915777936 677720752 349661627 898168752 846352874 729152443 640719095 257788045 917743051 968949259 607087453 705977508 985842244 935121516 407859872 735131143 99069086 686772045 769550532 883849609 204193366 402903179 582619248 951041453 658512232 629427663 715601082 988850624 792510866 465607294 424283420 823898483 223017897 836727050 142214552 803514799 70313687 842364749 221479767 786305179 627177485 800929894 949155385 9452080 429992610 872788243 275706848 290439408 105198277 884525934 117683638 914699956 812233242 933680627 272044100 87118438 286760337 198501243 104269621 574625242 428573035 248775477 276327485 347170458 673166731 488007112 571172439 729233659 941979482 571982059 567019383 32788128 815579005 787357428 263313478 639458134 281186105 95884332 653830631 724323220 929872766 136468021 515784214 731470267 255677585 159247845 833210703 192377663 446526837 822806382 619357058 19212279 536722304 895113259 139945233 872276043 237498286 171914622 130983418 251219322 81336778 88190410 397710052 816357810 466662737 921069369 558836705 661115320 203768261 999832579 225103701 113158143 680743919 165830323 716598123 83049678 268278193 277677277 464287917 418656437 63164330 240932757 548118667 538991083 592385209 931885324 33589675 307719227 336846021 343273472 744888963 229977107 147256994 158271666 634494230 76510102 55728395 121994876 907499083 923687078 390595111 56852784 130689181 881826026 221540866 136469184 77225616 900251177 461801023 690232312 378064922 665623590 214086405 84523675 405124813 355191409 108236423 300266668 67487297 93227836 72568226 497888086 91705842 981535786 92976350 183056660 464175893 20091826 235552370 794168407 658288100 487866709 701671486 57491699 296358246 748984363 385779185 943019087 589348538 897673011 963842696 956757811 726431180 157588262 474610072 251189847 913452456 98347272 472510490 326350479 493971802 334901078 144054324 414719385 162290439 311438326 25069561 635494606 262102016 956733497 358458872 599464503 3468769 87578456 903155847 288007983 997129222 331822568 638081722 185905828 122131359 28574833 614106010 79440199 366721860 295310077 43728195 722133928 517793519 368473357 966257151 966657959 306041815 492470143 371499298 882626413 4521144 611502205 721428613 141473187 303796442 674027667 347828359 603958685 688013081 883438572 667133240 796611645 353068602 696701967 303410520 910043034 90929357 260773267 986132424 908478048 757174371 174407129 614867821 99272487 215404463 834641896 502999560 68033033 591628395 732509310 939125440 506232874 490894640 501672663 890017905 969905736 312182593 727186835 557867805 630818511 435056882 660605420 871449441 753417518 464573555 786584225 190309371 611717377 702961104 152127568 514405752 95671107 675411180 509293468 849721320 517494712 90344820 683431557 99500004 133348404 737781777 298911557 888048862 245563748 684265988 939109016 437454451 614433603 501654892 688533990 708399359 748276844 301163731 130835604 935868095 793888187 415819598 709130767 473485914 909766883 392176901 156783368 931186556 170237375 454541999 267576504 977140307 922644641 17908779 19209507 613329876 9377417 825467051 182400207 20183175 10115831 241141137 279693671 37785813 359913050 73696337 245858339 127899347 614801153 635796852 614936235 90451314 225796791 736630868 665617474 952988503 324177149 486532609 504281847 445427240 239923921 193518423 205123361 392796883 745648206 739493486 650259364 584382296 867163318 365202695 252036935 667578876 412122181 286046137 671415098 18539303 911262379 534044887 869069668 376597763 782788362 650855353 364370947 314334108 738357318 473965535 242058715 121253671 175238005 295861731 423853877 721803370 377215673 698891959 906226453 207165128 75777784 552541002 709849796 366499791 279371634 558354974 94553028 910919668 322141021 86790805 403973331 388181943 454971309 348726465 74145027 386952499 258963740 885961541 233435201 802995683 893098200 133368434 398037754 618364120 458890133 428883752 810007963 426093659 258827713 910103259 919277529 646962485 691972939 937301611 708845196 882415155 139984851 303547346 917669209 98870154 138383969 352135693 823719804 106460379 245637146 841400263 923760391 838570268 390940007 899788123 412626558 530098375 213972266 43348146 812967736 39549126 422155314 216716710 975881109 4951708 653460706 644506818 833848097 222049267 391963226 480291067 559458756 715716033 985537219 634252541 165605552 58361293 54557550 831143215 665027955 389472850 204638282 90358169 27046414 369921656 992522846 200812904 66666047 435162126 878982146 963509158 349057909 138765810 110456045 417545802 11911024 794791679 141919110 347911316 939937956 692904199 534760889 622061162 667548942 130833050 743085015 418181323 210917216 335110617 496557743 760737512 644373888 549261428 718195847 271299176 72720145 25578562 255584305 168660300 659716576 837463075 549302491 394956232 699221410 810505104 539000930 751946221 907846912 46409069 666704335 314488358 339841976 329727646 842260547 953855215 902520352 847247471 807735122 578686527 781018437 863271745 269760027 430662957 449746155 379473066 83984572 408888506 788732857 792085453 454784821 223541517 482756016 966423905 694073690 598595964 391662763 331534680 940451150 346402496 457808336 504715566 889444690 452699163 835570495 285374770 608226472 527667550 606086241 150264437 813700822 353090169 723012861 284444024 484666142 102364285 864645126 703509906 391480381 104870603 981197722 64003324 254247854 786688812 971989617 951546366 399906104 165128742 794909536 904027306 318815392 388508363 338977648 236427855 729587260 424208748 187167192 667464998 918235841 601396821 992958891 238524053 921840661 999366806 42879635 826513835 662447263 544038909 802045571 414993714 278755749 12203704 974863542 286309705 655592598 368778786 964183853 912227440 927156820 340963441 788463638 308284050 222596757 720075830 824908566 312911920 252962271 748102645 193371734 566084699 257659087 578077584 9710463 795090506 850584378 608565791 864824964 372679304 920693567 737619758 284716725 937593336 591352444 549810878 532605674 510910764 419904366 462668129 409150860 891780667 84725084 724092528 969901618 610020948 70800605 85463308 335927697 709030235 762853972 325870128 125897703 288475566 247864803 200487755 156881546 945905537 59596664 393385227 820987474 703997630 582337372 962770842 838124200 491113184 213240664 839837183 476914573 608752382 539323333 827522396 971167324 913940402 21215796 96062608 906117799 100929829 13125658 692883956 26017835 741795403 774322523 963593470 918231267 65635049 145209408 631067215 551429993 838237692 173536655 267816680 417608545 287683565 779623485 40129577 656782049 849322494 504380668 177453470 49737745 131350503 103058002 347797228 812880235 297409823 141197402 857067008 541179542 72696116 787545376 608370065 341074551 596486942 587044910 755877828 590965401 882343366 990676204 333450765 409138535 537010503 914660399 823110472 496417805 263324347 555046021 517977679 524364364 425291977 142389912 385358596 145537558 86794772 866262717 56051376 178916367 314601578 472427308 129530749 153604655 965141990 563373104 769246415 675588684 741717000 779860581 357605588 568740454 184023054 259416693 560830865 714254570 456689423 659301753 134634768 769029481 360371084 871831429 752627004 432081889 502375053 421602986 353997165 28470633 568832006 859500639 314078614 756507685 620054458 688154052 210380565 143726923 753096489 964021364 373192365 83972937 481532383 567251694 532526231 555442714 541900038 363702353 446091008 934292762 607661393 249242983 538171009 101584762 774378084 358578068 449747449 763697986 363596645 253763336 278488021 442332974 209683705 524938357 736545574 221235827 132724308 889012343 847826725 3933161 860269453 680701958 489627643 41136389 260134489 662788162 373802052 558485983 317032087 603206655 276312666 733023226 475153158 592093611 405836306 19648855 634140533 529049626 795786195 502774405 548975224 992488492 333799619 906124770 98243025 392715380 851900341 253858437 250165728 935170703 415098135 818624558 897013117 590463384 732849711 365733665 105244920 975442101 599496761 594386197 744838486 675360693 755928318 329191218 14802870 381312737 580972948 41529964 744888179 78972613 39596827 822928994 510663178 619187633 559623978 788074322 839447820 134669367 582383301 908518552 720561278 580574234 389546552 334093314 78933795 350777368 5141410 164587731 868413761 26525398 604345585 923862031 739302199 395709617 803283491 579785936 337165089 580146233 177819749 152660106 141944472 659147112 77973801 4788724 673293729 18570915 737591945 12026644 418250321 574756269 287044860 194548609 542868730 867562961 199299151 575193145 168108761 959070768 915321285 310386785 198668246 22627543 398675209 190082705 578710286 778098717 711080049 212683258 341752295 218748779 658913222 798554318 124341810 647954245 73443878 28923447 818493665 395436455 914915923 580940766 282951096 280645519 782123229 303920721 590322309 168578274 738961309 876556848 991620001 105751275 174562389 992099020 801943730 779103180 373549293 130775661 669954711 103565980 57114763 510585357 123184671 424330391 675056237 728262210 522786241 585941919 759639353 680110495 801500333 797779178 494101872 610570252 364402426 574395348 85456066 440230179 249312898 502122310 26118328 306007980 957345030 474924026 200836750 494011644 84063598 365721951 922236667 608975794 169703361 172832953 284117018 69739145 205237357 14503215 382318993 14875103 889877917 241298070 175301276 771573646 436921784 140384579 843337622 947101307 433771605 287393486 53591668 853823802 336762929 950591078 369472162 581987546 743231658 278564516 190845351 342596075 64329529 135868241 57435053 610478129 925990208 914754579 947625509 234145245 257778794 802185682 807806304 136492051 3798555 892631396 27628150 122772959 709012618 913042312 635610506 755488813 418393667 560765931 54533365 353425666 872470268 583543695 166116064 545907031 774908569 61521975 118150006 494976547 921109295 326169213 377397865 703212934 802443238 425211172 876847821 651922601 356863871 958322742 207865280 804547775 941527388 179773190 55347757 431679225 279226242 982419478 565851842 205150013 704581354 956714884 719741067 183354546 184194 703231575 971805136 589113069 656713728 31554869 44084382 320260876 821791531 267826568 91960769 562381152 584563759 364402927 611309613 592738777 685232502 272428097 771091823 477439896 435776682 853409638 659394884 365561615 394439869 558913394 358173200 329956249 523328155 105334680 594049912 246579184 261726834 446899964 473783146 243072569 214306902 899802073 910188385 143412467 390264748 144759582 402137305 97000392 764815388 134913197 794598238 457987156 143404784 746650919 15369128 899837595 872929930 241972509 978701480 210164142 158325650 385495105 588938555 437482894 924606705 854482051 664897815 676352508 835621791 981161526 933170139 16412305 828133966 476658098 957713078 822185716 27701984 287547379 904468413 708452375 154163189 740118374 175691764 939775486 108721818 688418031 673255026 379106873 72222115 601542837 766064405 621546386 654801785 849976336 873813573 190991028 744034179 590533520 213371559 689929247 390201343 70945891 652976749 254231314 64892310 609666122 751561961 107748499 167646109 293603996 410959688 560381017 163915560 791669366 647057319 263428751 956478600 538871538 147007564 954839984 338544164 931632195 546280797 143331715 529382934 821533964 890928337 496447889 259669553 339376443 742891916 715629663 452852995 886368782 421081612 191181576 561265642 24231754 947905767 527042133 585490065 410770341 114944330 545871858 742936609 807625323 652185658 943840585 71685667 54186439 644793493 607252361 814145969 53676660 169308448 330303421 485386139 716130258 778089104 842463653 138735713 837535315 759510400 737507317 680346197 395459802 3351914 98956466 190326716 158146285 522855146 303434530 687883333 675490416 266511920 504199204 614755286 821168318 183772390 11859993 809764165 570099280 966167976 375527292 303306075 407494339 839442522 404606649 914917365 290431235 171970824 412572907 114941602 244774145 66486312 814504845 854914749 818718273 47699854 109392805 114237679 431824439 460315585 420779071 207206478 283500966 5117464 938707193 604756907 879070621 12579835 123842385 799809019 175833932 542015805 983059068 704249738 74296696 744498069 949062889 105111271 46785430 979479326 291644149 572582054 782956915 486989284 427084266 575064578 87745334 608700222 219233311 736922146 489840590 675519739 243171571 796920896 923161177 694816718 351585665 439788613 449335479 971584387 325147323 30621817 95293419 575871063 808684051 896007812 972842947 941020463 681088903 825111192 455192729 353133878 132588912 99470010 458376295 141633534 993706978 753951236 434687080 554020156 373685433 431161148 212293320 944810340 678593718 997028743 274516392 233911753 930294764 386341805 76485567 675375540 836361859 776938324 391694986 104963377 482398239 428232566 231501237 546013446
1 283139444
2
1 421496568
1 296747496
2
1 940206301
1 176195342
1 869510560
2
1 75177969
1 47066555
1 203738456
2
2
2
2
2
2
1 383496617
2
1 731305120
1 697121146
2
2
2
2
1 377665384
1 976103874
2
1 4227023
1 199434636
1 823838128
2
1 860001678
1 456999673
2
1 453662133
1 749902485
2
2
1 628643537
1 708301869
2
1 628064223
1 159865098
1 186095197
1 633880952
1 607526834
2
1 501466867
2
1 285977539
2
2
2
1 686477621
2
1 967071426
2
2
1 596378806
2
2
2
2
2
1 909053782
2
2
1 825851087
1 491995281
2
1 936557283
1 604482043
1 554718650
2
2
1 925639451
2
2
2
2
2
2
1 483637795
1 561581183
1 177358242
1 417421884
2
1 850489500
1 728034648
1 467069545
1 635346844
1 67867680
1 193488507
1 990792530
2
2
1 577259537
1 856957862
2
1 462863971
1 213159380
1 636949140
1 164141937
1 426906734
2
1 758339973
1 805970950
1 975319697
1 497447531
1 663406450
1 760986007
2
2
2
2
2
2
2
2
2
1 613960829
1 335016058
1 343347889
1 969685584
2
1 752887311
2
1 799189939
1 392841266
1 857494838
1 430980400
1 278721475
1 863253781
1 650261824
2
1 170526538
2
1 534234605
1 782132383
1 228479064
2
2
2
2
2
1 265805912
1 68769243
2
1 636665940
2
1 937893086
1 552158292
1 368328024
2
2
1 310872919
1 842633879
2
2
1 146396914
1 837614350
1 585281529
1 442794105
2
1 402632072
1 469467542
2
2
2
1 467655293
1 194048148
2
2
1 603798243
1 490453950
2
2
2
1 713006150
1 257962302
2
1 744101424
2
2
1 623721363
2
1 833424642
1 759684534
2
1 931317565
2
1 433728817
2
1 355903433
2
1 194768118
2
1 731047941
2
1 444521889
2
1 540136197
2
1 594431880
2
1 426306640
1 582937085
1 833753791
1 298935740
2
2
1 214945663
2
2
1 216385112
1 709992975
1 912995824
1 961973880
2
2
2
1 141393710
1 119610775
2
1 684648692
1 722234664
2
1 179449952
2
2
2
2
1 894675002
1 411656179
1 254920335
1 613654062
2
2
1 991070756
2
1 300092203
1 539363221
2
2
1 394222688
2
1 144452073
1 789126797
2
2
2
1 276983975
1 110842807
1 331422172
2
2
2
1 214282156
1 408560195
1 7994787
1 63714919
1 653997564
2
2
1 335352186
1 465964528
1 558230141
1 155976778
1 761814419
1 786228686
2
2
1 926972754
1 347498613
1 418965760
1 775544283
2
1 121434682
1 790219193
1 481761492
2
2
1 331687575
2
2
1 326020584
1 710175096
1 26682481
1 339355894
2
2
1 485245412
2
2
1 656406273
2
2
1 346145793
2
2
2
1 436973898
2
1 768024981
2
1 722794893
2
1 632959406
1 78244956
2
2
2
1 397869540
1 469452533
1 664670865
2
1 15257880
1 782927817
1 345402873
1 296710205
1 550084792
2
2
2
2
1 839669371
2
1 766926720
1 990068130
1 664032782
2
2
2
2
2
2
2
1 322877462
1 89938757
1 332502731
1 113417255
1 10510719
2
1 877878978
1 687197359
1 277595655
1 810891184
2
1 171733599
2
1 498471188
2
1 9367427
1 459987413
1 688880685
2
2
2
2
1 656999531
1 709378223
1 839217097
2
1 537577548
2
2
1 685962709
1 243436339
2
2
2
1 269027982
2
2
2
2
1 875714753
1 584472298
2
1 292722933
2
1 785299298
1 205484783
1 440119447
1 379586031
2
1 897233567
1 443054095
2
2
1 477197381
2
2
1 446983816
2
1 563191305
1 204248135
2
1 742910150
1 234103557
1 803616897
2
2
2
2
1 400801009
1 195317950
1 951865773
1 722047507
2
1 295594240
1 739818362
2
1 179898361
1 450406109
2
1 502664562
1 696234073
2
1 590358651
1 181866929
2
1 87505086
1 682888333
1 106907745
1 212703359
1 161569624
1 712830640
2
2
2
2
1 435029777
2
1 990398151
2
2
2
1 904688572
1 161291239
2
2
1 430175622
1 716247880
1 52289234
1 27174139
2
2
2
2
1 554720335
2
1 824420611
2
1 871559736
2
1 697790908
2
1 352275837
1 597922358
1 669921801
1 991082707
2
1 51794460
2
2
2
1 639415350
2
1 125114828
2
1 317769325
1 534607567
1 407533951
1 176487210
2
1 555840464
2
2
1 963012776
1 704124804
1 373029128
1 518956515
1 730443909
2
2
2
1 639652249
1 102758331
1 4278457
1 595327630
1 933290198
2
2
1 824616421
1 677727151
2
2
1 942759741
1 447117688
2
1 379584920
2
2
1 49956251
2
1 428245091
1 271862888
1 983781793
1 838233364
1 108795932
1 476353055
1 796277279
1 434652523
2
2
2
2
2
2
1 751898395
1 766547382
2
2
2
1 958781780
2
1 205283129
2
1 505337653
1 292447466
1 284113450
1 691182306
2
1 157590493
1 921176956
2
2
1 597594943
1 110879314
2
1 972089296
1 812727281
2
1 389552940
1 453773907
2
2
1 887592056
2
2
1 265046818
2
2
2
2
1 274448162
1 205282301
1 989550018
2
1 54940292
2
2
1 79054421
2
2
1 979900540
1 870382037
2
2
2
1 725208149
1 312494058
1 347789604
2
2
2
1 542612709
1 818981815
2
2
1 470782607
1 373355333
1 247147468
2
2
2
1 7283597
2
2
2
2
1 869108620
1 250516585
2
1 450182930
2
1 737362278
1 735328345
1 189969485
2
2
1 500370025
2
2
1 408528777
2
2
1 884070912
2
1 590648289
1 876149239
1 141220537
1 666071461
2
2
2
1 26710215
2
2
1 255010762
2
1 63835971
1 239461323
1 660040149
1 659442044
2
2
2
1 72537590
2
2
1 13590372
2
1 623194457
2
2
2
1 414517599
2
2
2
1 729191778
1 500987164
1 167058481
2
1 150066120
2
1 908976451
2
1 901678743
2
1 250318269
2
1 966005313
2
1 276514282
1 647142932
1 662427821
2
1 563216828
2
1 604746689
2
1 26037350
1 932509043
2
2
1 799730080
1 635736559
2
1 49128419
1 941762856
1 470397656
2
1 366668337
1 911060938
1 274979535
1 841034678
1 980963177
1 472213251
2
1 384584086
1 229159643
1 661149719
1 32425120
2
2
2
2
1 434109991
2
2
1 717703629
1 125325022
2
2
2
2
1 935725657
1 588093926
2
2
2
2
1 370551742
2
1 265269695
1 443305383
2
1 527012896
1 452147541
1 10012743
2
2
2
2
1 292463519
2
1 20589171
1 788796509
1 472579359
1 911781663
2
2
2
2
2
2
2
1 290586554
1 90211910
1 627557389
1 732913581
2
2
2
2
1 790127923
1 355230832
2
2
2
1 78060625
2
1 507006744
1 287434049
1 114485340
1 371373917
1 122878920
2
2
1 839223457
2
1 598530494
2
2
1 168633814
2
1 534157814
2
1 40418719
1 86862134
1 373986969
2
2
2
1 252990291
1 860413855
1 981844433
2
2
2
1 150679025
2
2
2
1 443463343
2
1 608120885
2
2
2
1 356481305
2
1 241454593
1 989379175
1 917981308
1 178307201
1 489477205
1 135731486
2
1 574000405
2
1 349786873
1 477301730
2
1 889914289
1 604439862
2
1 838502410
1 3371961
1 702405125
1 551510385
2
1 934206293
2
1 684623157
1 956477083
1 45994660
2
1 483574422
1 443326008
1 739445933
1 327441018
2
2
2
2
1 290879470
2
1 886774225
2
1 75696054
2
1 735776967
2
2
2
1 105155655
1 196375235
2
1 354066573
1 758607991
2
2
1 477055834
1 740135598
1 659011712
2
2
1 213603541
1 662767653
1 836496398
2
2
1 404859037
2
1 20388626
1 171020838
2
2
1 775024672
2
1 637242550
1 747478439
2
2
1 917431031
2
1 305878548
1 685002273
2
1 623339644
2
2
1 486786662
2
2
2
2
1 895783340
2
2
2
2
1 383120390
2
1 622958499
2
1 941296857
1 80110213
2
2
2
2
2
2
2
1 697313482
1 129731694
2
1 326063591
1 74573429
2
1 144627555
1 605458029
1 736593243
2
2
2
2
2
2
2
1 113373803
2
1 292268517
1 733649659
2
1 385841379
1 457657276
1 888905579
1 566146013
2
2
2
2
2
2
2
1 558921767
1 896720024
2
1 941656625
2
2
1 217221679
2
1 265869751
1 971460121
1 793637507
1 903179016
2
1 467261225
1 432165096
1 125498356
1 902195493
1 998482215
2
1 323155983
1 874020733
1 614476460
1 795021973
1 786693378
2
1 480360710
1 310233547
2
1 475204684
1 924573489
2
2
1 560343092
2
2
2
2
1 556427072
1 281778538
2
1 151942131
2
2
1 671439153
2
2
2
2
2
2
1 494772717
2
1 585353868
2
1 167679632
1 93278100
2
2
2
2
2
1 33935418
2
2
2
1 783223826
1 283503204
2
1 626092898
2
2
2
1 192572534
1 111508169
2
2
2
1 393726605
1 195786511
2
1 110257036
2
2
2
2
2
2
2
1 787868315
2
1 995453608
2
1 670913619
1 391689122
1 358218127
2
2
1 632253314
1 227018773
1 625601818
2
1 177179667
1 652052887
1 850628292
1 440706020
2
1 672495304
2
2
2
2
2
2
1 100396550
1 101669899
2
1 298118091
2
1 381223241
1 874072941
1 360596930
1 440175159
1 279758946
2
1 421353542
2
2
2
2
2
2
2
1 60518894
2
2
2
2
1 962007199
2
1 872457508
2
1 322103102
2
2
2
2
1 502837515
1 850210796
2
1 880669627
2
2
2
1 855904994
2
2
1 55604188
2
2
1 68883178
1 165213978
1 738485554
2
1 155187365
1 452440590
1 651490065
2
2
2
2
2
2
2
2
2
2
2
2
2
2
1 397389062
1 169167258
2
1 271033776
2
1 261058912
2
2
1 661340698
1 933365530
2
2
1 189788669
2
2
1 403874697
2
1 15239457
2
1 341711596
1 543400969
2
1 348148183
2
2
2
1 202681673
2
1 597631079
1 364313287
2
2
2
2
2
2
2
2
2
1 300906554
2
1 729272451
2
1 509604821
1 144030863
2
2
1 779805866
2
2
1 861805355
1 744151398
1 550718
1 796488350
1 162779362
2
1 470714990
1 860486819
2
2
1 897846147
1 511516267
2
1 264529224
2
1 966569217
2
2
1 331255413
1 41393443
2
1 53401587
1 468791595
2
1 22102089
2
1 167942324
1 438791849
2
1 246656314
1 513125136
2
1 831629442
2
1 815595477
2
1 322337487
2
2
2
2
1 483955528
2
1 679608179
2
1 208263445
1 155849259
2
2
1 439672767
1 518641133
2
2
2
1 56869083
2
2
1 529859887
1 193235527
2
2
1 327204713
1 739100911
2
1 475381536
1 865880795
1 120954239
1 142611462
2
1 234307019
2
2
1 23736161
2
1 773598106
2
1 45075884
1 845204803
1 215382715
1 417049551
1 34845180
2
1 711678558
1 139500247
2
2
2
2
1 40910066
2
1 586413304
1 337934028
2
1 438325200
1 922807932
1 732846563
1 699055092
2
1 272295847
2
1 985198841
1 929837464
2
1 354963117
1 616725918
1 769550155
2
2
2
1 264150878
2
1 798507640
1 799575147
2
1 316433728
1 357683073
2
1 88018880
2
2
2
1 995659421
2
1 371095569
1 704668060
2
2
1 767509463
2
2
2
1 164445691
1 580910403
1 450859284
2
2
1 604442517
1 217398212
2
1 44808573
2
2
1 464479028
1 789809495
2
1 930046126
1 412320784
1 445736560
1 538165831
2
2
2
1 55087818
1 483958570
1 562198305
1 584966643
1 670016365
1 380072819
1 959816062
2
1 13658879
1 989116730
1 52691227
2
1 252597361
2
1 992411742
1 537835272
2
2
1 642887718
1 752111779
1 818111175
2
2
2
2
1 895304641
1 970384330
1 180811647
1 644239418
1 552434606
2
1 703228303
2
1 220706554
1 670870071
2
1 355959920
2
2
2
1 948884497
1 535046114
2
1 145056108
1 965040263
1 42055872
1 896623353
2
1 133454597
1 646741562
2
1 496564881
1 569224591
1 44859963
2
2
2
2
1 834659803
1 887190730
2
1 307659049
2
2
1 531259321
2
1 144757827
2
2
1 113772012
1 416986417
2
1 605797017
2
1 272601435
2
2
2
1 434776778
1 456428670
1 169355310
2
1 625165452
2
2
2
1 819996222
2
1 253328664
1 426751004
2
1 927022479
2
1 89401866
1 642366336
1 752797741
1 961164418
2
1 278693168
1 913379853
1 608555474
1 346665261
2
1 611835686
2
2
2
2
2
2
1 208847700
2
1 897814381
2
2
2
2
2
2
2
1 811689502
1 736677848
1 636082104
1 765081029
2
1 797899174
2
1 273965759
1 803182983
2
1 403631759
1 543687490
1 877803765
1 725928988
1 830213110
1 337778785
2
1 835899048
1 19809397
2
2
1 623514397
2
2
2
1 146472011
2
1 645493451
1 668216644
2
1 352569740
2
2
2
2
1 572420233
1 863583047
1 278624665
2
1 281706098
1 265190642
1 944308273
1 389231411
1 692406782
1 199122268
2
2
2
2
2
2
2
1 829282057
2
2
1 426864579
1 442297154
2
2
1 139485610
1 495096684
2
2
1 410094048
2
1 869411525
1 449695846
2
2
1 481811655
2
2
1 131783369
2
2
1 713544985
2
1 30141622
1 873040449
2
1 211531226
1 715511417
1 662262767
1 507140070
2
2
1 399212407
2
2
2
1 803032697
1 353471703
2
2
2
1 120218212
1 664733791
1 726076050
1 202491776
2
2
1 492870701
1 129917340
2
1 723522531
2
2
2
1 446331528
2
1 621304001
1 948553322
2
1 413882172
2
1 506157901
2
1 643671268
1 609457951
1 208201863
2
2
1 397805021
1 553968933
1 176361899
2
2
1 641659058
1 73342351
1 601734111
2
2
2
1 237696264
2
1 83635312
2
2
2
1 873500735
2
2
2
1 897524883
2
2
1 250102912
1 20159132
2
1 279530265
2
1 365654521
1 846704605
1 185138856
2
2
2
1 619901119
1 696881608
1 900692009
2
1 866178117
2
2
2
2
2
1 712350616
2
2
1 180831398
1 80243980
1 934051494
2
2
2
1 124968481
2
1 673665179
1 657092426
1 445958855
1 960543908
2
2
1 385724662
1 545911483
2
1 419755914
2
1 136226561
1 54091079
2
2
1 714524020
1 439359858
1 491031629
1 692139388
1 803432032
2
2
2
2
2
2
2
2
1 186393706
2
2
1 878240710
2
2
2
1 42776820
1 541167950
2
2
2
1 759805983
1 691653917
2
2
1 477243804
2
2
2
2
1 780399716
2
2
1 306237273
2
1 146172804
2
2
2
2
1 751477680
2
2
1 289463572
1 382886938
1 151460250
1 599073139
1 935149148
2
2
2
2
1 519215793
2
1 747603466
2
1 535805482
2
2
1 29674269
2
2
1 23986404
1 569241203
2
2
1 732067840
1 228346001
2
2
1 300103469
2
1 960460180
1 608936741
1 28630180
1 167975270
2
1 352235807
1 122327227
2
1 216244783
2
1 795554442
2
1 714520632
2
1 857225024
1 29607270
2
2
2
1 989459814
2
1 996928301
2
2
1 540669256
1 290604287
2
1 414654721
1 364620828
2
1 740295173
2
1 211314605
2
2
1 887085513
1 649221972
1 404692542
2
2
2
2
1 749680991
1 714869835
2
2
2
2
2
2
2
1 126209802
1 634410526
1 831032110
1 148450686
2
2
1 797384490
2
2
1 540001776
1 609635553
2
1 475606609
1 589211520
1 372392460
1 634922854
2
1 685702590
2
2
2
2
1 521225078
2
1 474124810
1 639679819
1 74932713
2
2
2
2
2
1 720703892
1 454721105
1 314125373
2
1 804899796
1 86353870
2
1 33828811
2
1 576404749
2
2
1 315772062
2
2
1 272439183
1 12866831
2
1 304643146
2
2
1 905427500
2
2
1 15912343
2
2
1 826726774
1 444847156
2
1 239306196
1 233957222
1 416619070
1 465807034
1 399689838
1 389258527
2
1 9009749
2
2
2
1 158549882
2
1 700216670
2
1 969625522
2
2
1 809914297
2
2
1 815739438
1 634765615
2
1 457638873
1 142771237
2
2
1 569884317
1 714276045
1 880251297
2
1 810752239
2
1 374021756
1 766458659
2
1 741034351
2
2
2
2
2
1 179188229
1 871625141
2
1 181104756
2
1 763442071
2
1 272821175
2
2
1 717587365
1 294197228
1 469453538
2
2
1 644010657
2
1 914957920
1 202849514
2
2
1 926087529
2
2
2
2
1 331454040
2
2
1 327235226
1 433195242
1 84278254
1 808005342
2
1 850989309
1 363625053
2
1 790777043
1 138280980
2
1 478364807
1 22751457
1 459199561
2
2
1 122780518
2
1 890205914
1 789101319
1 190689642
1 605211720
2
1 433850935
1 317485729
1 330681175
2
2
2
1 945679092
2
2
1 777690572
2
2
1 988049392
2
1 751184370
1 97308837
1 520594827
2
1 459880491
2
2
1 847220759
1 479084371
2
2
2
1 338962269
2
2
2
1 551534007
2
2
2
2
1 136302115
1 378548260
2
2
1 661985179
1 191925903
2
2
2
2
2
2
1 161246994
1 252720904
1 521210253
2
2
2
1 72633649
2
2
2
2
1 426602262
1 275568763
2
2
1 285723678
1 45373889
2
2
1 576140528
2
1 603955206
1 734740736
1 847152695
2
1 672398571
1 4875322
1 739987972
1 128254748
1 808500118
2
2
1 329159414
1 405543736
1 79056666
1 995880281
2
1 767061990
1 43721533
1 950336710
1 741854021
1 981662570
1 461407405
2
2
2
2
1 769220139
1 470090847
1 772348436
1 550374874
1 213930621
1 446701828
2
1 728396294
1 3002471
2
2
2
2
1 749889506
1 554161999
2
2
2
1 415594429
1 155601720
1 578601634
1 766092781
1 94725964
1 548728543
2
1 843536953
1 640803765
1 796614328
1 489548027
2
2
1 68104640
1 961272851
1 720031484
2
1 625822942
2
1 516604427
1 279222258
2
2
2
1 343564654
2
2
2
1 283942741
1 623505151
2
1 102442447
1 193393388
2
1 429793200
1 963863361
2
2
2
2
2
1 488895028
2
2
2
1 596132133
1 452069127
2
1 402065542
2
2
2
1 784125903
1 826010183
2
2
1 976584498
1 889011680
2
1 877448994
1 190539418
2
2
1 745403699
2
2
1 948179767
1 405098307
1 777395822
2
2
2
2
1 982876856
1 738636496
1 258266547
1 423296630
1 51791597
2
2
2
2
2
2
1 601542878
1 167232151
1 508711377
1 993369069
2
2
2
1 215468986
2
2
1 670574858
1 399405871
1 297447163
2
2
2
2
2
2
1 586320997
1 688207984
2
1 735304655
2
2
1 87263849
1 235639777
2
2
1 593340455
2
1 903754797
1 529910635
2
1 441100766
2
1 973785749
1 407734855
1 844976484
2
2
1 78737269
1 47771985
2
2
2
1 452290884
1 324143525
1 283275625
2
2
1 87590488
2
2
2
2
2
1 725725850
2
1 959136242
1 229175689
1 96329675
2
1 783356596
1 600111608
2
2
1 653394759
2
1 637978706
2
1 426933799
1 12932154
1 729938072
1 412932036
2
1 442739
2
1 177866643
1 238465754
1 30425762
1 40991429
2
1 200860522
2
2
2
2
2
1 696399873
2
1 95098554
2
2
2
2
2
2
2
1 326468496
2
2
2
1 665782984
1 201877243
1 63489017
1 894140714
1 798206459
1 227663197
1 188159478
1 563044415
1 427244070
1 680612669
1 456826423
2
1 114347590
2
2
2
1 886021550
1 697590872
1 140087440
1 398869281
1 264459650
2
2
1 148932898
2
1 219919050
1 862711121
2
2
1 626615675
2
1 943826069
2
1 113173573
1 241350377
1 239078596
2
2
2
2
1 864325753
2
2
2
2
1 635607255
2
1 68735379
1 698847154
2
2
2
2
1 759510501
1 819026079
2
2
2
1 556332126
1 160149204
1 454124389
1 544582135
1 208588122
2
2
1 259926351
2
1 124516140
1 386307611
1 75097873
1 719535779
2
2
1 85826404
1 126487047
2
1 54897353
2
2
1 104435249
1 114520993
2
2
1 317677371
1 47481997
2
2
1 313475587
1 464870458
1 108858499
1 427752060
1 407473733
2
1 885011833
1 539311924
2
2
1 587219955
1 673832219
1 602237926
1 781104049
1 633219093
1 786083564
2
1 179017509
2
2
1 918230828
1 582102667
2
2
2
1 309055211
2
1 434804883
2
1 829555659
2
2
2
2
1 383407273
2
2
1 373864974
2
1 456182478
1 330942733
2
1 213607553
1 27890257
1 61809633
1 65574464
1 755066617
2
2
2
1 638310890
1 725955769
2
2
2
2
1 138740658
2
1 867428643
1 582219117
1 709763659
2
1 146328949
2
2
1 260892882
1 768861990
1 44569040
2
1 773565560
1 603299299
1 439269765
1 685086353
1 139545961
2
1 405831599
2
2
2
1 327841372
2
2
1 30594902
1 171206861
2
2
1 14937524
1 715350333
1 266654549
2
1 841097074
2
1 409555018
1 352252742
1 893133446
1 890751398
2
1 293082089
1 165331087
1 393359013
1 738069513
2
2
2
1 568517036
2
1 518542417
2
1 579627227
2
1 718103519
1 173765921
1 278467268
1 421988196
1 50686350
2
2
1 191037551
1 572059177
1 695459800
2
2
1 638368819
2
2
2
1 945678020
2
2
2
2
2
1 863136927
2
1 601516712
2
2
1 786557284
2
1 374164389
2
2
2
1 503976203
1 422565924
2
1 849871129
1 306970158
2
2
2
1 803443103
2
1 632508050
1 147121078
1 96848365
2
2
2
1 58123436
2
2
2
2
2
2
1 231229292
2
2
1 654313761
1 555997675
1 372827617
1 768026392
1 341312709
1 905365677
2
2
1 568584318
2
2
2
2
2
1 148950993
1 21838315
1 140054507
1 159964540
2
1 389776771
1 277093161
2
2
2
2
2
1 119703565
1 904421952
1 106297854
1 253267262
1 58498821
2
1 33894780
2
2
2
2
2
2
2
1 354401203
1 906211172
2
1 272106039
2
2
1 910113299
2
1 4233239
1 462136199
1 525457608
2
1 37557098
1 611356628
2
1 691358450
1 54145091
1 36971234
2
2
2
2
1 25038828
1 856226699
2
1 238421807
2
2
2
2
2
2
1 119349449
2
1 979309796
1 210018594
2
1 981121660
2
2
2
2
1 474295130
2
1 969293666
1 364280809
1 725318061
1 653076500
1 627147665
1 941930939
2
1 521960406
1 124676404
2
2
2
1 681385522
2
1 581127758
2
2
1 325754942
1 862351798
1 771909803
2
1 426334287
1 145434812
2
2
2
2
1 652854155
1 295461314
2
2
1 386765324
1 941409758
1 109831237
1 48924924
2
1 402962494
1 803286653
1 705422805
2
1 110317440
1 751247377
2
1 591396741
2
2
2
1 782484062
1 33944225
1 717076258
1 693551709
1 719494932
2
1 743308989
2
2
2
2
1 819843580
1 965035512
1 473299932
1 735490655
2
1 313872039
1 269630892
1 514014093
1 969300903
1 674746462
2
2
2
2
1 471687012
2
2
2
2
2
1 181478951
2
2
2
1 915982076
1 615869523
2
1 364789799
2
2
2
2
2
1 230639688
2
2
1 588858224
2
1 93571553
1 792204923
2
1 289158963
1 453311821
1 891591827
2
1 2795193
2
1 80287679
1 969304305
1 795648119
1 623716554
2
2
1 946261421
1 900643051
2
1 409344011
2
2
1 654228043
2
2
1 995390380
2
2
2
2
1 173815277
1 804247547
1 974207691
1 595091372
1 27877466
1 22856606
1 609694321
1 544852315
1 513771116
1 582213797
2
2
2
1 694905311
2
2
2
2
1 725170119
2
2
2
2
2
1 870613215
1 978841027
1 456006048
1 41272019
1 857408191
1 284546149
2
1 313881105
1 57564553
2
1 159280007
1 413127180
1 606169997
2
1 650500791
2
1 909824248
1 157769182
1 940357458
2
1 143672941
1 369131424
2
2
1 934365612
2
1 392242057
1 183342121
1 987368797
1 311540988
1 357062901
1 902873144
1 14546674
1 199707155
1 868002337
1 672304391
1 542163281
2
2
2
2
1 381457154
1 281990744
2
2
2
2
2
1 307166850
1 681341128
1 247595925
2
2
1 837612959
1 468546872
2
1 745228943
2
1 208093281
1 841675255
1 188511454
1 811902266
2
1 466513898
1 97055170
1 899278594
1 538365234
1 757323426
2
1 265457937
2
1 724070261
1 147337845
1 391402013
1 114667345
2
2
1 509309517
1 906186342
2
2
1 107197772
2
1 956075698
1 482171243
2
1 540641816
2
2
1 36723963
1 113253640
2
2
1 331389199
1 938728914
1 723135713
1 747797816
1 1607475
2
2
1 887311892
2
1 573142643
2
1 778328610
2
1 885397776
1 312671094
1 214594348
1 684700996
2
1 191003267
1 764450121
2
1 799767567
1 686506167
2
1 719429982
1 82569316
1 488940601
2
2
2
2
1 519086394
1 990147983
2
2
1 862208422
2
2
1 660454866
1 168638549
1 339583590
1 665645438
1 304134230
2
2
2
2
2
2
1 881222357
1 822904654
2
2
2
1 662086495
2
1 483729810
1 860918439
2
2
1 366211430
2
2
1 522856505
2
2
1 531900792
2
1 99235010
1 285794621
1 434725625
1 404258353
1 776862225
2
2
2
2
1 768690365
2
2
1 859526040
1 582576218
2
1 434395260
1 698120459
1 414874104
1 231502466
1 156266332
1 448674501
1 30494947
2
2
2
1 178886260
1 701937952
1 795102042
2
1 105314605
1 776555627
1 139824373
2
1 321065121
1 842713644
1 106085107
1 635899710
1 299120240
2
2
1 257670887
2
1 183621966
2
1 913851925
1 809918029
2
1 389486317
1 457492713
1 145989535
2
2
2
2
1 235045161
2
2
2
2
2
2
2
1 163115910
1 651896154
1 300742219
1 537078270
2
1 613062793
1 286796548
1 250242325
1 628981034
1 766249775
1 347136223
2
1 395696199
1 902108485
2
2
1 564862803
1 704548057
2
1 414971946
2
1 639187721
1 334904484
1 507359250
2
2
2
1 573341377
1 123417403
2
2
2
2
1 621715931
2
2
1 573701640
1 223192552
1 505856597
2
2
2
2
1 101551518
2
1 528651182
2
2
2
1 733933467
1 937480737
1 803312743
2
1 157421269
2
2
1 714659406
2
1 8997542
1 278634038
1 426141003
2
1 27296520
2
1 465998716
1 251091494
2
2
1 512142396
2
2
1 397443280
2
2
2
2
1 301169913
1 809243389
1 605191571
2
2
2
2
2
2
2
2
1 16492126
2
1 878503331
2
1 269517876
2
2
1 392369795
1 579235388
1 191690136
1 909948440
2
1 701065927
2
1 682945976
2
1 877093732
1 11283671
2
2
2
2
2
1 746738716
1 995608095
2
2
1 97681642
1 521013943
1 535834229
2
2
2
1 342242176
1 701476833
2
1 623502394
2
2
1 708431155
1 651518602
2
2
2
2
1 666305871
2
1 959999783
1 144367672
2
1 764230929
1 701155303
2
2
2
1 35202030
2
2
1 746385468
2
1 124929398
2
1 687171000
2
2
2
1 946574303
2
1 837117296
1 924394668
1 148644549
2
1 984239907
2
1 485192279
2
1 165614751
2
1 958055208
2
2
2
2
2
2
1 424121349
2
1 920169663
2
2
1 290587288
2
1 473431321
1 15749272
1 693981510
1 144416862
1 956781431
2
1 856101590
1 995553500
1 416366601
1 820060623
2
2
2
1 425108365
2
2
2
2
1 543625491
2
2
2
1 329028564
2
1 864028856
2
2
2
2
2
2
1 14214791
1 903404762
1 787442990
1 374153777
2
2
1 14279883
2
2
1 353305898
1 289944031
2
2
1 678001197
1 634224961
2
2
2
1 570821989
2
2
1 734135020
1 277962207
2
1 501241259
2
1 837026596
2
2
1 241282277
1 545974173
2
2
1 129296262
2
1 254658070
1 697907801
1 22005611
2
1 776074389
2
1 407492934
2
1 530652431
2
1 919746390
1 460163878
1 183335499
1 92407798
2
1 952232862
2
1 954035689
2
2
1 871523749
2
2
2
1 491131131
2
1 996870978
1 555471834
1 363049323
1 349428614
2
2
1 979108566
2
2
1 755994005
1 735183233
2
2
2
2
1 641445898
2
2
1 683735273
1 215694918
2
1 989277513
1 171726541
2
1 101568763
2
2
2
1 372043455
1 29094578
2
2
2
2
1 503038363
2
1 169699794
2
1 172978094
2
2
2
1 132054004
2
1 681554934
1 391153178
2
1 987159281
1 110509269
2
1 864973507
2
2
2
2
2
1 268910719
1 386391582
1 407895744
2
2
1 658706744
2
1 217216681
1 393593107
2
1 298965984
2
1 392857033
1 741584591
1 467509134
2
1 678566242
1 947772172
1 215438857
2
2
2
1 372968249
1 588174982
1 769551069
1 910630018
1 507416961
1 949253307
1 918059809
1 869386576
2
1 670887012
1 794642892
2
1 795787831
2
2
1 718066580
1 912447738
1 578711910
2
1 862541052
2
2
2
1 343316993
2
1 949181367
2
1 74513459
2
2
2
1 911497241
1 475173417
1 721162853
2
1 99825339
1 399081212
2
2
2
1 306787950
2
2
2
2
1 878516793
2
1 226468869
1 168081651
1 139989929
1 504338587
2
1 150608480
2
1 896641088
1 417592510
1 775610262
1 719709208
1 909632814
2
2
2
1 710153442
1 225521271
2
2
2
1 557840520
1 903487263
2
2
1 75050825
1 584923793
2
1 282318413
1 768144416
2
2
1 558621046
2
1 672153102
1 264245063
1 278194005
1 124715843
1 754829875
2
1 951528201
1 944003618
2
1 805369832
2
1 255478792
1 338365770
1 960165322
2
2
1 163452213
2
1 709766125
2
2
2
1 936873497
2
2
1 327220457
2
2
1 713531164
2
2
2
2
1 817468945
2
1 668672253
2
1 235928218
1 927146242
2
1 360979840
1 910673652
1 488180096
1 700694837
2
2
1 67230269
2
1 906544654
1 805436530
2
1 733120944
2
1 47699716
2
1 617770607
1 389680249
1 600908108
1 98868034
1 118976277
1 273160336
1 227194416
1 839097406
1 572674321
1 746480075
1 962934626
2
1 51313445
2
1 337444876
1 214651899
2
2
1 24184390
2
2
2
1 724140890
1 829381027
2
2
1 423369836
1 715269529
1 575937698
2
1 589449152
1 751008206
1 359882711
1 353936416
1 635498241
2
2
2
1 684079590
1 633811536
1 904317412
2
1 492430124
2
2
2
1 724067772
2
2
2
1 371375789
1 107658896
2
2
1 567938723
2
1 590833064
1 426470302
1 811909226
2
2
2
1 762527967
2
1 167689740
2
1 632455321
2
1 23669034
1 313307413
2
2
1 303235662
1 889453466
2
1 397648833
2
1 258899702
1 190641907
2
1 824819030
1 12999985
2
1 7987268
2
2
2
2
1 315915940
1 636142007
1 175801100
1 517238384
1 234254566
2
1 778233446
1 388895745
2
1 166354717
1 645930856
1 908301779
1 945549744
2
1 333856721
2
2
1 656088732
2
2
1 909684879
1 467478883
1 15395319
2
2
2
1 430503265
1 501007617
1 77570078
2
2
2
1 280510351
2
1 295143433
2
1 267918830
1 671403187
2
1 873137110
1 574592385
1 146183165
1 35450602
2
1 22024785
1 424593957
2
1 432386535
2
2
2
2
2
1 905254935
1 295775790
2
1 955454093
1 4442720
1 407793536
1 833948377
2
1 654924699
1 840888954
1 47054257
2
1 571221552
2
1 568301757
2
2
2
1 578633537
1 142028657
2
1 104682559
2
2
2
1 431317979
1 385864681
2
2
1 656651583
1 863941431
2
2
2
2
2
2
1 159096628
2
1 179506713
2
2
2
1 463684553
1 861446330
2
1 771431154
1 234087204
2
1 258741397
1 979993162
1 814499187
1 527255469
2
1 569790923
2
2
1 777440626
1 919763599
1 352086096
2
2
1 125259069
1 852521529
2
2
1 585818857
2
1 959401926
2
1 166820487
1 139858790
2
1 188895749
2
2
2
2
1 239995935
1 33328208
1 26589878
2
2
2
1 32128867
1 636985374
2
2
1 797390218
2
2
2
1 946268389
2
1 704333187
1 852779054
2
2
2
2
2
2
2
1 635837548
1 931976730
2
1 525136913
2
1 657728741
2
2
2
2
1 584181707
1 282778308
2
1 799228067
2
1 544898994
2
2
2
1 256838600
2
1 864610896
2
1 258598731
1 831895721
1 880978298
1 237395292
2
1 983530156
2
2
2
2
2
2
2
2
1 831491285
2
1 45143029
2
1 208685033
1 62336913
1 437243371
1 632159619
2
2
1 228259935
1 2187657
1 58948310
2
1 182750957
2
2
1 299083866
1 250458844
2
1 936343199
2
1 259496567
1 771703773
2
2
2
2
2
2
1 611643653
2
1 694831875
1 617291617
2
1 910922265
1 529026935
1 63624454
2
2
1 893839333
2
2
2
2
2
2
1 520376080
2
2
1 419518340
2
1 950565946
2
2
2
2
1 396294340
2
1 901555451
1 679598529
1 317400448
1 109139493
2
1 59051680
2
1 878097913
2
1 371750733
1 946900803
1 462166036
1 224770592
1 854462007
1 966077886
1 844187752
2
2
1 835051269
1 216039585
2
2
2
1 349590002
2
2
2
1 166557097
1 509871282
1 582488520
1 263017153
1 207880143
2
2
2
1 485416249
2
2
2
2
1 262804257
2
2
1 702073348
1 534605684
1 518378590
1 95636909
1 255578252
2
1 787530391
2
1 852820270
1 738249628
1 950197750
2
2
1 177626297
2
2
1 302235834
2
1 391420392
2
1 690647187
2
1 857635468
2
1 266652861
2
2
1 935893045
1 974463634
1 228439737
2
2
2
2
1 13593998
1 717565267
1 967206550
1 725344806
2
2
1 155350030
1 81727613
1 817876281
1 398061979
2
2
1 211148656
2
1 418033654
1 404827753
1 31327071
2
2
1 283376739
2
2
2
2
2
2
1 158925221
1 224893419
1 133375157
1 81032187
2
2
2
1 233673516
1 726135051
2
1 412985103
1 625432575
1 313078024
2
1 238962105
2
1 174330328
2
1 359811823
1 534037413
2
1 4576582
1 364557427
2
2
2
2
1 565038270
1 566207164
2
2
1 616738421
1 827207302
1 408485439
1 920127563
2
1 183263174
1 748074273
1 165365961
2
2
1 25086448
1 213549606
2
1 555268941
1 977514083
1 953517848
1 333012606
2
1 893338256
1 124221358
2
2
2
2
1 711380670
1 463810300
1 223116524
1 309895251
1 985890649
1 431516123
2
1 288977317
1 673118670
1 328081491
1 481362026
2
2
1 219822900
2
2
2
1 637103652
1 410681521
1 695979583
2
1 733700921
1 308391097
1 371701877
2
1 173479870
1 933997544
1 893301179
1 594662747
1 715905447
2
2
1 867476413
1 542935143
2
2
1 597562768
2
2
2
2
2
2
1 44390826
2
2
2
1 719691587
1 365796892
1 68167587
2
2
2
2
1 662036705
1 934792505
1 995725110
2
2
2
1 10604156
1 484712346
1 70787490
2
2
1 941333110
2
1 455468307
1 972712382
2
2
1 779180745
1 689604612
2
1 982522696
2
1 988122817
1 299350452
2
2
1 494441750
1 670961772
2
1 340216323
2
2
2
2
1 966318645
2
2
1 353435383
1 416397906
1 227248639
1 126421896
2
1 496134420
2
2
1 36434171
2
1 869892976
1 386483144
2
2
1 210682165
2
1 307619754
1 660009098
2
2
2
1 572549557
2
1 488540333
1 685161554
1 428501233
2
2
2
1 510724309
1 544509587
1 546028278
2
1 933410596
2
2
1 29497251
2
1 840090507
2
1 947612118
2
1 512876962
1 973036126
2
1 838662344
2
1 680442641
2
2
1 557568326
1 26165698
2
1 987212425
2
1 165206475
2
2
1 874450909
2
2
1 634076094
1 26098385
2
2
2
1 567052261
2
2
1 507526647
2
1 810353751
1 470147392
1 769625309
1 713399850
1 177849304
1 94283166
1 350444669
2
1 298779782
2
2
2
1 633831728
1 166069534
1 726011924
2
2
2
1 518334969
2
2
2
1 608925187
1 317146087
2
2
2
1 132095051
1 943832148
1 386899232
1 483231551
2
1 80382837
2
1 819384806
1 899761486
2
1 15698807
2
1 239679018
2
1 258256939
2
2
1 792338180
2
1 770890878
1 789874557
1 40455331
2
2
2
1 721276835
1 546242544
1 525779315
1 145794642
1 818104558
1 288868220
1 490393855
2
2
1 591200449
1 203345838
2
2
1 486542865
1 36637834
1 243596110
2
2
1 186901087
2
2
1 585129033
1 512463979
1 928240835
2
1 525070105
2
1 461225884
2
2
2
2
1 745589619
2
1 68344746
1 459773532
2
1 805350245
1 697912494
2
2
1 776239960
1 595102587
1 589240324
1 910775851
2
1 541661504
1 570780063
1 897099527
2
2
2
1 799054584
2
2
2
2
2
1 325480917
1 496914505
2
2
2
1 927725787
1 42192267
1 850049621
1 988357342
1 994866293
1 937838310
1 980172605
1 606590873
1 633866439
2
1 71374333
1 866029729
1 856140744
1 185366948
1 685486125
1 400674196
1 878420996
1 638104010
2
2
1 317492093
2
2
1 608082425
2
2
2
1 689842167
2
1 438561122
2
2
2
1 7924634
2
1 929603174
1 334451839
2
1 415481055
2
2
2
1 722997955
1 266700839
1 598798785
2
2
2
2
1 275067340
1 65119121
1 979500824
1 486380109
1 784449849
1 804529588
2
2
2
1 149112486
2
2
2
1 243673355
1 938252307
1 8342891
1 788009280
2
1 149838861
2
1 48169396
1 399118576
1 917169852
2
1 194371579
2
1 704973909
1 196080729
1 684781217
2
2
2
2
1 30288739
2
2
2
2
1 953160667
1 101338256
2
2
2
2
2
1 804732866
1 464069293
2
2
1 343096615
2
1 802161120
1 303152550
1 650629949
1 491742407
1 381786840
2
2
2
2
2
2
2
2
1 364493121
1 385470688
2
1 954131954
2
1 74811925
1 168188707
1 625590702
2
1 599382082
1 334759693
2
1 924626309
2
2
2
2
2
2
2
2
1 951228024
1 7952474
2
1 181049099
1 490107578
1 535536498
2
2
1 889872976
2
1 484922690
2
2
2
1 828458716
1 757289789
1 543707521
2
2
2
2
1 256467595
1 352679630
1 82261668
1 983451783
1 54848983
1 395642861
1 93611715
1 393690118
1 136167457
2
1 319134901
2
2
1 418240608
1 183320499
2
1 455937052
1 234318002
1 964859034
2
2
1 146117010
2
1 354830660
2
1 389879881
2
2
1 552967683
2
1 460330582
1 795723381
2
1 120802716
2
2
1 181818326
1 138158751
1 930425819
1 282582762
1 808345787
2
2
1 536669493
1 526205792
1 214491207
2
2
1 23342461
2
1 560617756
1 568878391
2
2
2
1 674711905
2
2
2
2
1 289837990
2
1 468562245
2
1 977248319
1 578955389
1 44905502
2
2
2
1 249007772
2
1 646232861
1 529557642
2
1 787980825
2
2
1 284803846
1 514607517
2
2
1 177685011
2
2
2
2
1 363279138
2
1 271601918
1 485410192
1 769182248
2
2
2
1 202154798
2
2
2
1 107456927
1 310825407
1 771599425
2
2
1 855396059
2
2
2
1 74069587
1 158117738
2
1 31446415
2
1 416907659
1 952441361
1 762442456
2
2
2
2
2
1 387148153
1 680873820
1 705125908
2
1 492398452
2
2
1 342047061
1 839175539
1 701631394
1 693346290
2
2
1 742924892
1 248359406
2
1 48022367
1 398185218
2
1 100304363
1 163409708
2
1 68924985
2
2
2
1 681272800
2
1 388314778
1 685081998
1 929144570
2
2
1 234118952
1 518767265
2
2
2
1 221672833
1 776593787
1 230051238
1 422630503
2
1 6985804
1 95483829
1 232073133
2
2
1 821590640
1 298410752
2
2
1 909285704
2
1 896184865
1 563269119
1 851505219
1 711155867
1 54121204
1 500180799
2
2
2
1 728449098
2
2
2
2
2
2
2
1 432622855
1 1928782
2
2
2
2
2
1 380126818
2
1 233347645
1 228983575
2
2
1 805176248
1 879726667
2
1 381129281
2
1 90700473
1 778150278
1 115983888
2
2
1 750946650
2
2
2
1 892293192
2
1 211963959
2
2
2
1 918732510
2
2
1 427906200
2
2
1 628100482
2
1 239043429
2
1 857517557
1 708224061
1 790630317
1 958164923
2
1 3626421
1 547232311
1 271009874
2
1 415177500
1 531931563
2
1 963677883
2
1 251711406
2
1 750038659
1 782659867
1 316164483
1 850465470
2
1 954846994
2
2
2
2
2
2
1 492599182
2
1 740786788
2
1 459868841
2
1 554076116
2
1 617284169
1 779898482
1 924105889
1 274748821
1 860731246
1 680233039
1 820112202
1 420039990
2
1 107838768
1 550664827
2
2
2
2
1 146734430
2
1 371137943
1 839902002
1 359972311
2
2
2
1 276549239
2
1 669578191
2
1 814678241
2
1 141203625
2
2
1 487678120
1 485347875
2
2
2
1 104898378
2
1 150119439
2
2
1 523944451
2
1 7227027
2
1 910600570
1 828223767
2
2
2
1 840522407
2
1 975392511
1 475468344
2
2
1 88136049
2
1 169521736
2
1 979611771
2
1 17446852
2
1 431670779
1 554661693
1 747490408
1 976546751
1 923148981
2
2
1 29749372
1 63657339
1 472314387
2
1 177614252
1 474014855
1 566218487
2
2
1 170298632
2
1 824503525
1 104765205
2
2
2
1 111249332
2
2
1 950776860
1 639558169
1 451758866
1 86891173
2
2
1 63766167
2
2
1 614769110
1 425650805
2
1 390003343
2
1 715307938
2
1 646509768
1 726020998
1 268998391
1 115961284
2
1 564122836
1 446618383
1 426445079
1 256636775
1 429294802
1 867252148
2
1 206828752
1 143161556
1 609878154
1 31721819
1 225234098
1 855658801
2
1 147823991
2
1 679793530
1 154880653
1 993482903
2
1 952984843
1 785537752
2
2
2
1 50977488
1 22514273
1 162781203
2
1 912106849
2
1 442869363
2
2
1 845172575
2
2
2
1 338720879
2
2
1 955159593
1 245415450
2
2
2
1 54666428
2
2
2
1 363539647
1 259375982
1 168194686
2
1 527540127
2
2
2
1 240219005
2
1 729889284
1 372575842
2
1 334457941
2
2
2
1 548194238
1 907348444
1 440670260
2
2
1 359694206
2
2
2
1 377757341
2
1 375449387
1 222321126
2
1 357739125
1 958735665
1 890541070
1 97146276
1 157969879
1 902219214
2
2
2
2
1 677257031
1 7275337
1 174180338
2
2
1 821469313
2
2
2
1 724672365
2
1 547402282
2
2
1 318711977
2
2
1 552407808
2
2
2
1 461119680
1 219450527
1 847790177
2
2
2
1 655439608
1 348272818
2
2
2
1 379954328
1 581715404
1 995728310
2
1 711928038
2
1 708198773
1 930074871
2
2
1 641345469
1 166674412
2
2
1 449657135
2
1 657047536
2
1 867535478
1 853595748
2
2
2
2
2
1 724751673
1 44477385
2
2
1 384473890
2
1 668323326
2
1 447741203
1 805701221
2
1 183709058
2
1 641928612
2
1 946997667
1 714245207
2
1 569439276
1 523966834
2
1 286525568
1 635356593
2
1 906001532
2
2
2
1 409468629
1 194293266
2
1 33056703
1 771083833
2
1 239656358
1 185641351
2
1 382119260
2
1 986381943
1 891362726
1 400326788
1 748700048
2
1 477927717
1 333173755
1 910738180
2
2
2
2
1 141754935
2
2
1 623614406
1 803817584
1 369724349
2
2
2
2
2
1 527051484
1 832566371
2
1 15389372
2
2
1 42950470
1 2080001
2
1 790535376
1 373093605
2
1 505675028
2
2
2
1 320776202
2
2
2
2
2
2
2
1 476375202
1 523779153
1 660249739
1 637762207
2
1 603980622
2
2
2
1 862699311
2
2
1 609078405
2
2
2
1 211376078
1 507317173
1 181527712
1 363278171
1 422941894
2
2
2
1 372834142
1 114540839
2
2
2
1 477662851
1 783546391
1 782526160
1 592703290
1 205162426
1 649110514
1 643779463
2
1 244421379
2
1 386499858
2
2
1 975308935
1 531774862
1 567213219
1 554330634
2
2
1 822538910
2
2
1 364329084
1 120816183
1 313592205
1 861246190
1 805731509
10000 10000
752221084 402999650 266051427 524634677 567564238 407426809 349222794 195569002 683543218 910117140 148179636 338760030 343963419 616140698 12503801 675781746 592771113 26137665 383031403 836911972 327244334 813111551 205670046 157902344 654647797 736293865 556844271 334115127 150236325 290260515 772065866 842429048 581134202 313654752 832644004 397639351 89838318 680356519 564561378 741073487 452344504 93179033 48450968 316234026 111476687 435078588 413648280 543713302 176448173 971606813 181724857 406465411 142309921 992579986 83935864 446692862 41501172 60141382 676614990 323293463 126463796 720916916 557520337 763221196 800221471 623029409 443950574 654556524 556393252 102490578 402004754 5678787 831988240 267700322 481470576 798943655 902822826 408525961 34568921 240204122 522545496 496843971 482462127 978697339 288452875 744505550 757614943 696069628 828607870 297533172 308188370 196591135 819554783 314193778 396910706 426299341 264852178 115403322 805573201 741538610 344001059 966617852 450943913 206571765 424072768 971698738 787287973 800865466 639750413 13070115 843728279 477161949 586750034 619441893 956902237 86921021 906875470 911996815 983331541 773937080 2051175 891652013 976228962 672144384 343338911 253367464 480127338 504644866 750148523 734549590 922990377 745492750 597602717 493340916 476584474 661981663 567998958 31086012 519066296 101372587 12477188 238356616 760184863 99649851 393862764 615295018 507423405 874672865 444719867 21199205 489841854 960885501 127587702 904494240 228394037 696970600 316714997 870196651 961517367 433477446 216387750 111874486 967628730 616285826 352787654 807226420 39819935 741829494 656629093 919111552 527159595 835830827 768744892 792594895 952299918 624949941 486347622 10658965 405600920 498701779 533217137 383067274 420831677 350829561 22342399 830077536 61906188 821503024 661588696 30806945 108941868 143138638 876098242 256046505 165909724 660565299 35420408 423848142 894877812 39154087 194846139 508442265 29535114 138045570 756971928 477429689 507429918 528238984 762068086 524333539 655171850 233264303 481946917 912604860 204672580 795286790 860191693 849593486 966642048 532458540 120938918 108144792 322921499 595083000 242651891 327398574 498842607 418518671 265366822 572067459 827989234 142085294 981097969 273034729 908244630 830248617 841255022 817843435 124934792 595117848 718774159 542658084 270672010 404156560 499723392 1530317 794308036 398653512 587856677 741656384 58716167 321321184 988845082 155678473 988703984 590793525 509252313 658483074 122819982 234873177 912632424 705877280 79426094 595432593 655428730 571525317 176114367 813405980 436168626 446407198 864740601 38578905 704384408 640098889 109746297 757601401 194902412 482988797 77069213 857853262 672498450 570119866 492622583 297382390 284725133 170954029 612696974 44268681 631072039 895472790 787436542 908217409 670517006 338335104 358948335 968331727 710622327 166144056 182132606 537723751 106928890 874155266 824175307 287546634 578960528 597735081 714890132 99628965 96049755 163288599 925646167 91457071 501337004 143459627 689479529 930801108 835427196 966209841 166052693 828209818 558125107 739116047 225276930 465407792 600186497 395737527 142493561 827089016 755195135 177664389 761845407 575652927 307216405 275859152 384616011 823226423 313289514 839838921 749291924 916683416 314762808 742710702 425224338 94741954 350928126 478936238 355829547 644766813 286411318 491646635 384380694 907606038 478117132 11037013 171223038 676681259 723965415 353029395 634774073 883793402 324836749 767387264 181351184 522475012 561566811 104190275 797999082 715619982 272608153 942522418 735376000 264735630 2298248 865257817 293769833 608915924 777522172 65832538 533864981 705371425 188634750 243660526 983725049 538582234 662413874 505296125 804120926 811614193 799486680 961755747 258432101 122142189 682444969 728021239 701951825 343736241 423620758 97622948 147058423 985882926 166517829 83717912 269873276 104330627 308162763 977928391 4202524 623437379 771857907 843523883 283261992 837730147 681908607 761126053 281065993 146209629 916648763 283250683 248355846 463503384 614863690 633015040 178749081 991349198 823771468 936947742 276127373 157887643 83978560 57295224 225702173 947210459 69988341 551663851 644717191 496265064 589239880 747438351 637154346 632190659 923849045 432405606 249846897 959519544 856853167 255497253 252551240 585866758 767896404 88911366 666752390 133397250 285938908 390726899 155582442 280804670 701325774 877618203 832485203 399976137 618640142 601028134 21672913 542272224 119075667 960420602 103417968 92032797 79693157 592700215 750628456 146472427 41894193 207113452 322884231 384157871 122891024 942156511 155997827 479003574 623849031 418865234 955441996 324742760 908865643 507894110 585387356 524575802 831869029 835925934 940199950 922105863 119164350 938279893 355072916 214889120 420763779 158594470 648020293 831535616 507211991 977411932 613379464 516550887 824330728 281744661 660712227 567160480 714344462 249125820 516054832 137542895 898336981 3601240 302282036 746497565 967040201 966392068 814780470 261616954 403551441 652462358 962373613 746610122 204958121 573067148 493576 980873372 742297915 167952303 691598380 652407155 749244431 331080516 238911294 29221460 270172181 65543003 530851107 929444080 857241580 889331451 625227428 783968086 238301464 374104113 361135317 300107719 858756966 243101685 330905464 158447851 642865506 559893666 783882517 625616037 380761283 220389639 417334454 618217903 387809190 776965777 702146849 94121151 217790428 817890747 225455250 2878624 785455161 360366843 652236444 491059665 7390495 956883771 657929797 35230623 165142634 964678769 727180203 11673767 635952300 713140183 245112989 743279633 494648208 7162069 810044483 228322459 528417178 226134221 439602035 87458557 488563605 63280221 928738624 306871629 154030231 774107427 964825473 519587337 881109509 178263935 314421621 103567207 232713217 929339961 31675323 829591839 385763202 167651456 905262933 551761259 869326508 422564326 477828835 120003730 480281593 221440224 369899862 586857608 403691670 346946983 765046489 78203508 45341796 816474770 797605104 306224447 824484781 747331241 328307196 159511157 534015009 537119172 515968826 764320181 446185554 422796522 623963309 543228484 664721151 636437245 976439560 553195915 952459288 156647420 263075046 334016782 978813445 420624997 342652241 508842843 147812707 719408495 525961157 971202930 805872815 431009925 725811283 904920968 955741955 801003342 59730138 960659052 280560009 287423526 899334890 950523537 643192903 683924543 528971465 551606775 560984670 168072921 336469200 464659840 308865058 608727871 507009518 172916829 936656600 852276186 62291173 520656219 876752403 740509935 106875834 329669350 37445495 432156889 94573012 836577385 595300323 43599177 258703648 851924216 92637457 778435419 993282984 364471224 296863283 542069388 933824198 899228499 159710790 76651870 300291200 802108508 607598429 113090402 918883200 986284751 407993415 837072074 286972181 594917771 651263623 871238224 610218469 591351813 693037929 639191127 125172728 772519522 719118632 602028303 499354699 176175491 169597192 764949293 287922438 429871733 135253351 385048921 763697454 957579459 408865915 152678413 491466303 716135550 834406594 926195001 608400384 836815618 547869418 875487987 969350180 363118018 839424789 35032188 117469531 118074599 657898378 302782619 468631383 512022089 108877461 793345261 694376992 604454064 85315414 2654487 691709640 481372614 884075198 787725656 762681870 485646182 986998976 500712765 627192839 859349193 370765967 839751401 602148913 646487565 778658188 352001655 59667662 562989295 171436574 899999095 239364725 408011364 222322793 734018540 307950066 226641675 28661641 326575773 937568392 87085422 8357038 382156922 900442300 155245028 103001629 560569485 786865152 394368824 259146018 502948847 664522355 595764606 745819591 473357285 32048682 504635247 199981201 112995456 212263877 930604795 325621173 295575364 201385982 613133687 568815738 155238685 470443143 372956200 392952189 684514599 895278030 979638265 91585974 483106297 244632760 612874907 791314278 653672688 862951083 630815156 635970832 124115490 174005454 17113259 420347355 632590823 390519858 27724989 433189223 556946246 243721539 206343913 903777971 506573020 921829773 467238668 393183440 44543400 133703392 470806651 543800866 534374986 582835112 613779455 35925403 324487755 37372590 973157265 103109747 564019637 807254246 317573100 905153574 262447863 259126646 921946265 725505784 175509578 332969187 196652208 195322292 970951994 776395427 823858620 961191771 141307572 162967065 607138790 538427306 25813845 279818771 859306170 148600157 689069213 195612552 214871832 786675758 380005547 132843569 46124300 487195902 554153565 269905358 873133522 332886719 953626029 590548945 309722195 376678555 311164341 64197331 535582232 276541568 839300446 408068593 318228323 154493713 120925821 598851196 813793294 771601865 726616494 4095766 694991951 852129683 482836676 358671798 47882701 602571338 675972150 43733712 118523295 131963506 182152421 433922565 498869372 967246082 410509355 655718909 225856571 298141104 17870265 519233784 242896046 917017074 725265739 815280813 598094485 61138894 525122017 231088598 673232171 948971955 571036939 577500211 872272748 292088867 106736450 619103943 566989400 17725822 496376584 71792579 240717501 687394165 207678055 702339049 381142359 66589853 340922950 597365254 771767129 618668563 386691308 551345808 198764782 886380892 931916500 247914519 520759880 497528427 946452661 467065589 408330169 347812795 404794765 578160203 388428738 45873137 707563798 735496733 428370950 15469251 464988299 164651444 128253178 994823515 320396646 892163388 947236457 73276159 928217147 677060873 123094765 10224227 324641022 638040431 908349130 662520573 232775648 337824325 383784257 659340810 171459601 583880165 109394552 16967318 148855946 729108191 219020519 566478024 804078145 494900705 719146784 28446834 819008551 535255572 630463549 888615624 216579636 464503851 882527340 126198155 766909967 63506694 425113075 119262735 961684644 174726362 269555916 742598498 476620560 402209833 690823483 374482902 525134063 468334500 522673072 147443043 431348926 556495180 867861734 462616415 499484913 471710503 968712705 28712729 668002324 542026487 101658516 630076650 915357917 863077255 915206966 978726422 142373494 767949546 445734328 838464742 252405472 289182087 225482882 384979511 3337169 69807021 143363592 704496937 127028006 972087425 923494080 445058658 339813208 664049253 480962673 724270725 547562746 712618320 47114859 76139794 160224156 572154960 293577179 323966590 591052464 270903438 170424904 754397153 445144855 141675170 389779736 182110301 458350972 446125500 208771326 826066507 666211492 858618476 396463928 550985209 829381141 23827827 577547728 405724707 443266597 378455598 846031107 462147244 978250895 333796705 38882042 293540746 431135926 79582120 768560234 711741114 498473100 146556292 428135162 30671804 371966616 611542206 636734932 89414454 160966347 36381266 120646010 911994582 57312517 120491016 635484327 34208654 833752207 565716585 358780002 835196182 258995265 163353571 370337155 571801865 652855946 901297550 623007543 821708340 940155708 179709744 146736059 76416610 495028997 552879215 927283665 217181075 124961904 319096750 804293144 585958787 712548774 616331200 929683500 39771368 698531953 763923736 980555848 207988120 86540716 307519518 94787972 300383544 453192607 388708890 869710716 985821249 928041533 178573561 914792983 74741058 270765370 372343110 123066665 452020863 412335823 622081347 396925671 364444725 609069178 164940832 423076753 622153413 81853742 501450907 305178175 168962728 612883976 247901033 867883583 513333328 875167949 502883688 156734514 46847569 352841876 545549174 627999136 993385673 96318968 202120335 719986193 85232333 264295564 245056493 394847864 961561967 57108875 365673543 385801975 628804052 319945828 206114131 56256601 888119661 478884956 620590656 377809941 389784349 934660100 897341914 808771466 425316958 522836631 872460926 609877929 178107104 581764932 903621221 281979622 578864849 656192030 280629393 799330016 368985586 633243424 418795313 632836487 477808445 818947930 957948562 368353722 119760773 298592583 595667654 48770383 474477835 853357227 989986844 289870312 742577107 625630699 49638333 263464279 343422761 453025015 646693302 883911126 616530175 568453909 149999590 193331805 626639057 465023969 352405090 943634166 31459834 604618987 914660299 431421629 804837178 716586864 386112724 592877275 124652095 115302045 708200816 304349892 867029405 764388007 139837768 145404392 645870223 602875102 512660357 730121130 377264128 272103320 916869676 497396666 736254281 563768358 985230626 299237120 282504778 713990880 745812778 303507076 228088862 296364913 60785468 532965192 778631043 144492712 963278190 73263325 791685981 332620160 689561608 685035946 709437017 129835650 236907991 385460052 240941073 79119251 618633404 515431134 343533948 341366194 260989254 115927433 592442344 558868275 190085672 469399910 617631662 591498324 583071465 992003365 76051250 75533894 213647463 698205345 308079079 339485686 461867762 649776687 467737965 85576453 140530353 121880540 742407291 456466895 907652422 151163962 655183710 735193181 971827155 843556686 99839516 196357066 719252561 115187519 381826790 945863846 707008045 952831106 880407045 143343724 961882021 519139749 610046570 141221832 709510719 832276160 508161482 242748286 811408927 347112115 60226939 268088509 561514825 336111595 406862780 815218901 52720332 585112479 217360199 39860920 200163417 97564403 47277384 493670784 196217547 133519857 780426460 391660903 132832917 164976139 797870402 185730658 851442973 904885453 731886464 749342004 150599917 543042353 834275378 686680527 367504922 12095784 320057836 57912475 92869536 517586456 336513932 292395225 268599061 894916885 71768366 194907235 238608729 22746957 858066407 85604118 265548734 300507709 140264943 989610047 56497177 912152658 897605340 916545852 459404052 150470073 925685788 870953121 842060811 315838767 611731718 475096741 916910021 654377237 639127642 836415059 47404542 311992590 361239736 95049116 196493646 252335635 936886896 538661837 218747349 84100988 606736261 906476020 944773716 565464693 903485932 60701010 181428190 333834149 157586838 922052636 401822219 769576863 597445434 809090694 807559444 703471001 321814078 311862354 441863274 206857834 602272446 812683797 972982371 494755986 231662292 996088228 532748941 188346936 516872655 970593495 141861142 411410828 969742439 317357264 964277461 698926448 809781162 281079573 575429659 523030454 623721075 371170992 186087584 844032697 905387156 749038238 195557511 33132655 380211216 573637587 811929904 202375959 36090498 264658119 48230357 63196934 352579451 354609272 669033443 219089157 9695407 505269095 439330762 648959765 797410331 170551635 524941645 942555067 900568795 245412349 339240052 10225914 863793209 173766661 479510504 825535239 270189749 579159511 488212329 449783004 668437839 207503029 241714453 781773649 354472250 64431255 223166901 442171777 673430967 716104857 783684155 957257465 626034571 993249316 937189502 169764533 760271575 996081348 23570755 12171228 59925230 306792949 836742854 807150573 969502074 126605937 358787932 908346987 985719427 475114825 780250050 867034996 915273868 935567718 210961585 429621094 102177050 732892978 759881493 583516439 345442602 547613738 189880950 690315560 122509373 129752083 277879545 414399827 261132337 514555289 333337134 649921010 544204548 880109038 800729512 522122163 278988878 405685321 287006135 881675691 273873084 549976482 603395306 10839224 588812438 16306467 943824090 908760239 949005835 496025294 385075356 545743930 226194980 311091275 375129650 301419777 380683783 765748775 899293053 793769559 562126389 516040585 311630875 302196156 238456083 48285476 885523495 763373419 920342239 315429954 462682644 456365737 373916263 878553698 291477461 383255716 962955198 681643272 254924810 816115372 484257983 65174951 223697002 228768807 395591848 126901052 42251785 32289728 350024531 620470131 835426014 385134452 240438502 101687800 996909877 580711322 760824063 357700141 852183359 40248800 340633755 186095014 411296470 229911092 948686739 990475850 557308936 88327962 496756859 310525285 184926012 273267530 955979565 447769822 792327371 801941976 330071030 235695007 229555848 233572860 264739130 262411177 937026839 535157773 721735912 571580832 476313499 355068917 463227727 984928566 964076326 809922924 795181329 966334976 263879628 974573910 712879372 67166142 541985026 322499770 34232071 25423085 145119009 41904933 247655843 219502445 307094608 82954150 981524354 265349516 181948975 311050061 301142635 782729062 863292560 751473719 695294245 487402068 223572678 427442718 592063711 986132323 659755890 701627880 284383699 186156680 605354831 632147342 353900536 261471798 473546569 840934668 483952897 946719846 571214490 546732541 318922351 873280232 708147794 144478488 690561291 957654317 81995998 706757046 221409740 580997998 236357217 333606882 991448698 549269323 689470144 388295529 692949844 126696433 266907908 879648236 696289679 579797472 621442423 743482514 376257274 12356085 898459706 23078457 850374981 49270378 433886113 296147364 803058682 528561249 420123786 795470108 355979296 12578018 742614985 732999603 192562255 573282106 945221576 401943898 30684663 531929164 64807721 987401059 819708676 986460782 129489534 59519093 852731998 475469159 766517349 249546811 991183408 6681564 321334053 270611781 564223925 733572047 864518342 940852636 976085238 238437414 528398684 427756818 420948570 728217435 613785963 67054040 741046189 696705984 724688644 932580609 56289883 220632501 259607139 761783802 630532647 863759148 955133175 585375 152263782 745416757 894872047 954100144 397401896 694849185 794174400 185367802 193972916 868217916 855538693 659501411 3590802 328094926 83028682 304538667 201963729 514678562 653713485 237397356 403320188 569826890 347197347 233101424 183860715 989125127 259594830 580335755 783756256 749532212 626541545 769951112 680141122 961781874 627850997 249789306 568786892 505882335 111149754 766038527 709961025 534537653 779945819 351623947 159147469 979890470 772091442 604432208 589232406 402864796 948609911 795314689 669049140 503106075 16427296 655787453 269943779 890263633 296036804 603744041 874989852 542180631 120236661 383949338 736981733 43634500 198587594 431529304 489659607 675298035 129155555 121961296 237967077 656085853 937482825 692683478 241130322 955359282 896595079 755383798 77947579 576670509 209714411 102173276 696863315 965181999 703642493 864187470 902013658 842468505 774179500 506079168 807012603 929026381 905965775 61380243 814127220 746989623 745926801 764752591 495971005 738352450 454107845 315331829 710984658 499845993 486599153 519221801 486273045 657996998 524614502 134341746 768167996 650589662 592000932 293725022 715027800 72185530 525571777 438728024 770546813 54172239 224958308 112606054 692015008 955352733 456417845 158897016 785183551 737461632 252557254 964621844 562401602 487464018 537961775 146853692 914311907 561288151 369403870 502380267 303726008 595659492 860263015 781599674 736980218 911406090 142972479 109137556 224313739 196109854 404317634 28013482 385550426 627502257 762061159 329053183 512356082 209945901 778777699 653803970 238737241 737399017 937149264 38329398 880667117 914663455 701064798 14545144 756543103 591458953 720768769 61273639 334569782 706275626 513373897 106682611 791980718 499477676 361382160 455033886 908864371 605473743 625655552 779064557 869847019 486418064 101080002 186673832 886879847 665068657 665157897 821891280 302845364 700320865 872498480 25866864 991000284 247942373 795867355 821767129 102279655 94295370 152496721 179405598 943683775 30374544 167065335 723741088 665603362 159428531 57248002 802578908 807809811 597175509 915233762 995708723 221036252 186996247 418693389 758833901 51401993 53887527 851022474 562671813 706605611 726010208 166951424 500761119 609491748 932825818 769025694 902882700 987823139 304703860 303522040 420401706 950596707 519945848 813505573 768173659 961430310 167077246 218895598 721171007 899132006 762109043 682156033 303559143 47507854 649808950 231646847 604348074 23110381 253538849 955950701 520101774 934280785 998658939 558626493 471251676 478874179 459659395 778165694 359817074 781717677 209261419 265675034 277132813 612468482 702017025 142365859 426672339 952587477 205173498 211130818 144108066 392792381 150740826 279087415 940831340 356387947 505551050 599800801 467353632 154196684 767245818 893610102 68072020 15473983 788294582 769528933 395443114 882363866 12655107 706484775 242492575 679677451 522372153 551487116 294964849 300470842 412316013 218082236 815925866 503927003 879486077 699364536 124468955 183483292 208793093 237017540 986376919 931712190 788735208 369636142 374528139 232684550 482549704 960574962 449251650 192137346 801608990 895268749 931100513 74931328 708767042 212726705 419417818 181464707 860620018 694982811 942671751 798349506 496802542 91011310 912972968 197861939 560207780 563200397 612141504 44815954 110991939 46625606 531913498 961502007 652428395 870889210 680630626 571701976 265304811 577334469 870181853 327313765 604209785 74497287 536400996 755262992 224854481 694802402 490423287 311321081 394401920 230766751 564586646 966422868 639095518 553670957 384957020 534939661 182433286 787983401 945604147 682112361 651523524 256715106 908206952 363149424 779391164 48288112 954108838 419771640 930692115 369664577 485246418 874727462 570423143 317663446 391320203 758072565 42994369 496620049 712297265 597134675 631710073 737090914 920145274 357693171 624616760 8031469 763321292 464770095 128213833 381914729 62832388 67679353 525166023 861214372 513865929 264540154 839443105 557953733 938444995 442628085 569994437 641162091 10882110 338719287 673778115 120756246 3834647 604384494 819742285 931222713 245257248 528272826 412887988 954608476 987479294 280932264 979651201 139560771 33365980 490865234 829107267 672770192 445265706 443124804 158786246 556180116 739407856 720347954 284655403 529602976 367713038 374874283 971466355 948881001 657785434 540210799 787708834 343050930 828949608 392209023 761951786 396957467 438167733 505741979 115511962 682520711 343665514 708990885 667060711 249313450 638848083 218854981 392220887 810512461 633238908 429913663 128245012 721805955 644329612 688493720 246516338 262517317 966206090 147887516 547187466 698152851 622874952 558344417 820144109 754663552 838635329 348337272 96417777 70657598 42012965 77497798 980133923 775664133 548665048 504631971 553194474 834521916 215539027 754312445 553218456 145033080 211348389 521447703 761354415 735902009 122710722 147619396 610442491 859931800 304750154 677392067 438569920 603283828 670836780 42320984 147467549 149875302 154060697 686183623 94095797 325335214 698901386 532074598 907172315 278340882 543533539 648699054 951777900 686072494 736940378 467155507 600681439 556676812 528085147 630248628 874140638 971736430 880959690 969905189 226942167 322459426 464964599 568599322 523034017 326492225 401956053 976122659 561283108 519837076 85215372 378870167 980095515 670454945 417245453 972830810 791506272 100803662 730393672 997375674 292511920 682055500 246967283 19657595 523292342 677041636 584280767 361893066 439398988 75043611 229303300 671241855 465424744 919762846 528044472 453442061 134132205 474238235 780183884 633197303 224025985 836422087 996218993 197838750 112009970 106559136 43978624 699865811 538863850 488919341 925851816 439317858 33724776 916894027 883719006 589069492 211178817 549957377 8109018 700618207 104819246 71093203 938538656 112806939 413364533 548587466 316512588 780154328 343999098 442205633 555700841 245961860 152129664 710384726 339625292 945792879 411518565 745700098 573963559 761727726 427774173 374372327 667865821 207607573 985060608 776601105 814646692 734446710 402222645 839653176 385011399 951298735 718584733 579362097 18940540 394338732 653255745 775314668 672125967 564956323 213109225 575981377 578260854 496570532 635279908 133354396 654406319 156448947 500340536 526475876 245298206 468170822 32760585 570101457 575114246 12781968 300786440 391438162 78360215 113273494 439559714 545719785 42739785 691822772 259194415 783109170 935199713 999904907 667866409 481383936 56537226 833450183 895598102 942253516 136485018 491254231 647024191 139177528 686877143 254345113 265847995 609201809 771372675 295605666 641765070 986693780 825556699 65629675 650337747 711168228 771905321 387768395 386455671 653904022 328731236 328816587 566237325 863735059 135856964 688599113 296627992 982814790 777335216 450793758 638984530 297269347 312735935 35003603 719238086 838390398 183302828 197876538 674046785 481205064 45866139 581920802 395125752 880602001 156776280 332000842 375186414 838090113 603581048 236306512 275926546 627607233 36556754 129140619 166438667 83574385 879303292 46457092 504639939 425671370 716545452 830273769 133392607 561206554 764093755 328808763 297533153 908124974 575997314 764223597 867169163 964153108 862307922 148409540 538452622 249397622 534172008 979921472 493977249 202833816 845700598 55701882 201998708 171964517 625051094 78974807 650792708 731137125 623872638 82575593 444173982 389183306 560322311 758247185 382232054 55500842 86443554 51117552 259345693 190180561 231644889 945392441 322333816 194416505 324901484 419586884 275020314 724551579 341950060 603307988 1903883 641644428 274324427 690943560 230329627 939931364 734947125 991596487 115912889 818885716 915174484 305303413 982921356 994652503 378805114 846049559 553129008 52029278 412790067 480111706 396824582 524303940 747198876 12091447 638347169 455130168 56890632 840570480 345213331 253358734 139869964 118487252 549932978 433275625 113200798 990526061 503078065 12559200 12705014 29565156 349373379 812429957 114043846 577475717 52471843 134482526 485828679 714262707 129884177 817686034 822652197 157463190 174835413 365368093 943905249 502816953 252509492 40141834 7382131 491760802 454271382 496303534 599844590 627267942 830838185 375019372 837324310 868807978 674109357 945935999 618934813 530691451 744478130 379650112 833348253 580369958 195671995 634572679 33293320 369786503 914399511 203359939 217735701 722450653 520478555 27904332 818260565 641897253 700091218 227357670 443418879 787446582 669621803 593188207 877266076 227704795 33393910 936250459 839350369 233405435 185099951 229609593 842485151 252906976 714813858 959745670 530435195 826222739 830178985 917656016 634703449 513647796 449732674 266868728 609397545 711695016 649840516 738253958 114647894 976971148 25091314 577943605 342976780 943053689 85912794 852820742 461263992 756049102 969394523 115151972 424733917 247249575 70450870 103695557 564378639 80954651 44711786 26139786 381260382 66465591 947707353 762659353 792753081 66696930 494800654 457694640 470079130 24811358 328100264 333986047 919014569 31467344 527197438 893251525 416028559 922339654 346720328 670851421 752070981 37399599 628216681 675237380 772130316 967353936 38480837 547037881 753820176 221031749 13553448 689620051 655832158 168534286 206829662 122532494 614502425 650826825 26591917 217417061 684893505 272120806 858350666 264489747 891648452 55026510 963033591 504206377 364150388 251911024 438121168 697144491 639274862 867890958 22192140 501912624 393001376 996797011 147956675 950464808 645831617 638087489 843748175 402008388 891715558 642041688 353232045 217629320 796536106 154859555 39250878 117357714 334928847 363651764 430073827 282723867 365848915 358582905 794819868 535654166 175346367 335987917 552190362 967952213 207608535 719702324 977869450 371977343 393246863 369296233 928607969 672875396 233186726 318661729 822236285 872010261 446183680 882741864 967059153 742737954 509401686 910557095 401765434 102980826 378540440 546016452 814827339 514641699 647938395 308248964 719608958 619537172 300846811 52026995 761670485 78871412 765461917 452114681 34740802 120051876 300995648 662908088 251097618 686155985 235346852 160637982 610296561 189611268 199766703 812617928 828592373 357459513 615961016 523981283 263549611 730733226 438998556 379800984 278021261 107775913 310147925 156986636 892103296 968286877 513348329 552015903 743646818 222903174 815269242 994602169 494694307 369678064 551135739 602201642 929229630 86769215 525860587 957110212 121601258 295831090 303379703 535376452 745286338 102200295 556512789 30901293 668666992 499282123 494554131 24704573 76532813 281113199 756093520 548416086 812981760 997530034 404937927 38055040 81427507 564576948 110562620 756437834 783843686 534225899 87179562 208556641 654534283 844965249 396480965 189039584 777878650 716039378 221496880 761497945 240182890 802850415 421757216 720239036 382964633 645655433 28346546 719417345 795966916 536952621 356124094 242593204 947341557 35694882 213634804 594975421 577177261 345838707 763379922 889070846 537327714 545411395 911122541 694878821 421307749 423610888 539016134 976410571 231041142 344993175 868507545 385031256 155196207 340661461 795712686 574599255 929351131 331992044 286632055 539983851 325698088 559079189 689246525 610561969 850407223 983826445 625472471 64063533 339472728 865671711 593576577 60817129 737793429 656735685 806807959 644420591 781897209 657925014 526876625 614297165 924480235 23647910 219312178 584426211 749222756 166810629 771437287 515180365 440650462 515293300 512698595 884692477 646872869 443482480 336130234 216889034 231578925 329780055 123874994 414011934 273498890 447718221 498491396 677875360 499450933 31330719 96350370 677465997 314744561 356674070 145742423 640831356 220572611 854449288 838149853 120775800 152034277 527976423 537158475 500656218 478169498 13846537 968280957 785394636 816949403 481716094 309588413 646991495 138887089 730491048 191163691 924610587 292256599 285653737 286155943 639232077 221732781 57022528 60964126 559336340 977807110 874321170 81916097 527026331 725916027 239266292 716883729 403187121 184492101 490245572 743539961 789150456 410592553 358531739 70862343 842990621 766402935 856420342 559330003 10025405 802780528 197427214 900847348 740967676 874910056 976473641 225827056 179448199 581545785 886149872 997440565 98081289 805744259 27486359 492429974 137053981 710475115 150545400 687894305 265655041 63246312 747230837 925289078 390114966 882487054 746068780 856209186 772423929 29706220 413715212 707241795 279245350 623153744 136164499 503252730 477394371 775776689 799256765 688485 904974850 434391562 721137720 745886702 490619788 918860173 235304632 976132916 287039454 705339776 740142838 521840543 235976131 229994901 544337443 628553039 100599542 695636139 450231616 655334687 155927570 353746466 308391890 182638934 644876432 116950363 71757876 303742952 162266508 407435907 561459591 481943511 262151335 103257999 562716128 286328860 989948066 799152482 869185728 721745890 854427895 947654672 907151090 311119176 39387552 775758206 455821638 817371321 750981847 566570957 88851053 597973550 363593877 375288134 74263714 834940732 869741932 175676701 831525032 169011189 49200161 539933726 202718833 97432663 234823245 114467303 564192617 188910782 971734266 872769339 908477385 777867185 435075527 18552850 679187862 45738131 80066353 343877227 904162026 632329677 677727382 658299167 475752806 315207716 522366659 883673416 203773485 530816877 325012963 32996944 196688109 886602634 735251353 410714392 800921648 337857048 20264160 100598364 235894533 816936145 860293852 984137074 362815123 440366115 538588339 864894805 14454119 881869686 715734155 282474781 145156781 46159737 719846047 722181065 359756030 815571575 690229563 123441884 242759731 950293896 558945373 305979328 201102172 916812981 675985907 966528397 317373982 174633281 984885089 492471801 487978096 414321080 942171393 63260238 69868235 246470802 988955801 194603225 858051732 659846554 101902512 328196849 135854987 60500597 114809466 609467888 843361327 539747872 237844606 826837697 160120 239045349 930860378 637728760 721954480 10812713 615744945 269289112 611046267 62219930 630057432 491927309 779711596 124755496 180576844 265709172 726544957 477773161 655006885 50926744 654318256 603676190 51104352 722361906 500870854 474770565 867230066 552454264 824555568 733197354 782987989 574466309 672259912 559553267 37282352 702982963 920728417 573105584 270952651 230989334 203040970 95744935 520084308 706877145 873477236 535655355 951869195 667481246 853157621 512247651 303681847 377554625 435349441 211786524 207988143 181524397 874737720 726496035 910275529 363664781 280689939 514007469 472815509 371106165 407135167 77120914 337974324 646908510 196674683 689653617 649538440 433011518 349780233 934689608 414009593 994053148 352242238 692013945 880785446 148586890 110140497 857201490 827157528 880664592 152599228 371692478 625893621 645597448 807399367 249191893 168308886 285304971 125685558 68319201 368381848 601227365 943506358 499009248 67435252 550871936 449097826 25965640 736401477 405448563 159999096 564082565 456512100 412740108 618692900 35642777 158576918 405229562 424953053 835987547 615657278 179163554 593668332 6128593 16307488 54759456 562850542 660613540 359833446 515552913 229562756 249165187 297094995 311596097 354477290 12760717 610554337 24391564 299228004 759533586 221738118 684256662 350275653 456471685 812479856 710706861 686050222 341798945 779376402 535963499 301864454 220428369 945900868 274441869 239200235 521372710 160482386 766895151 604298276 196170533 226957805 454893023 510175571 258428683 329825133 914395197 752431877 568910163 555201203 839287593 769322914 858843724 597837460 806539593 191420091 588040221 727315477 211205507 197925003 540890177 100162384 254813548 689348051 280700940 202871273 442023461 432304108 983344643 272515413 199603573 921637754 840270364 989910569 505833030 866390640 792585170 282189007 301637539 726941578 192571160 956632098 393931051 290532223 731014701 11703478 227685853 652252815 389280083 138222595 474414265 843586988 102452083 984054611 839630455 408879026 764541058 782473499 256206552 91614246 99794846 873596810 973963789 987071883 900667998 341062677 776380946 924367081 221162479 13916267 873379439 931030956 116813296 782854872 898959264 874824450 474888591 829760183 977315297 536420838 588628696 567587735 813193043 72262650 243182466 760162692 706450646 40479979 652488005 95375800 467974266 279284368 176537974 899218319 664232041 668560712 414293105 629446970 653192088 318437659 130647850 748507992 536080296 634251096 785404720 165907747 54202745 256997495 839043923 812899923 13605287 167710532 51489197 970631283 396078817 663787657 611806816 56332026 693974744 237080357 41778949 223014745 230443465 794257279 997664953 238818196 949950593 478223496 354422091 209361086 457719672 806131117 151414981 292572585 7301802 220321054 482497100 824717006 483750740 260359642 91435005 48886124 84707037 51885579 743199863 810067303 453654140 773385010 691786388 745171232 507098495 754827436 80131119 257431847 985199121 421279156 359229122 151117688 377339786 708832181 13304574 937633909 952695732 168451796 37825730 634058496 573682589 826066225 219399004 862397738 60490014 989394744 539575795 768593125 500309481 392001589 409450070 474352649 495787959 62636649 201084365 663005722 297415368 650241388 942544769 386881128 48358482 159682931 729725778 665917595 475428799 799618989 63740362 938056194 353787376 289936895 796634598 798829507 87347324 629163141 509406113 142563605 189484234 320344279 876808981 764926788 579757313 493152925 738559394 92167622 106392212 384176887 553391565 427265437 862420724 1045245 230182573 493865006 819557492 433794245 765921942 484059316 405477683 458277592 266594991 159726802 301786862 71082011 701262939 528002063 387335856 477997551 117779452 550408084 572829650 970118174 427362442 616705856 402360003 141310559 343464472 468474395 181959958 329513100 78233241 155748527 956164866 382505626 278905307 964711158 221376801 465525591 527408856 71415640 135073708 818977220 367145216 236367347 440912623 7062270 279482653 738530947 220022347 841813671 963029879 843936480 280563897 893908715 957840444 436473083 778946172 413843844 555475686 300755327 352501051 706722363 710306620 210656007 322378249 208698372 608559938 259869120 116089684 620261904 269424833 580927935 344691522 823131428 185704554 990746471 626268722 646416915 973888432 75470098 811635668 373649233 982160478 314234115 846132755 653722995 598081477 771881511 748893999 344588768 452139732 833212561 342943941 599899809 756300806 936120050 579167514 321152782 261521837 247991267 892019460 284857772 698423360 173095512 611882362 568064692 617560666 678041399 197311982 279957902 370476464 389944552 874795563 687911898 638661710 300016740 123005470 252830141 994033276 349966780 521011285 619433341 346290263 941264632 10056631 240941998 884614155 948677972 39187855 6347987 190982893 805060210 629833231 306017760 787935134 967449369 153733957 535906300 462891608 460972351 144184616 713780535 462902278 248556701 56876660 9787675 246716875 688533048 623734448 199229463 429813697 100521739 45174010 590854264 820128077 483371467 761252581 825139942 808528733 659101245 721998658 442471875 227227380 511760300 600490256 287883829 376213302 451808886 939814966 577885850 89504965 939522428 990796086 450690791 402191226 85454380 189624444 148101385 642179755 849992807 550158401 713986935 631692132 105597810 24111495 852089181 473440933 643143907 146905931 179125729 715048430 604237529 930190205 445942055 730947605 503668806 190844469 610611576 925197152 800092453 526874309 843466103 265301885 568420046 496167726 516371913 226406998 111757789 661502443 647252771 893307418 679007234 648475241 720460146 205908129 584310794 969838313 999118063 536080869 28194834 332486544 605091371 658949836 997980728 194220790 272361323 99383236 195678371 51117186 474807471 543238188 482406055 317746184 549112905 282155956 613292774 614869803 304452855 786586511 251692195 633435626 703620476 641995797 195669119 412758238 579488878 385242891 334716192 12335714 124631826 624747876 70190701 975699111 397971782 868683413 49034672 745602215 991782662 12345456 603983500 627437774 537256045 771764768 99594131 642553861 160287775 336651526 793337917 452562522 326825795 166714346 698415414 451662417 417486571 599000111 957331151 829433832 76574997 892266787 943573163 158053099 225900226 590673812 8343364 238732053 766973003 659086267 995359501 436833444 856028268 814448506 958430664 156470535 197835919 472710012 693149240 931831856 332854275 690840978 716738033 564567272 997450105 510932648 195038106 260825306 183851193 635497672 844707923 783720098 196428422 677072003 678854502 173261146 291757379 59377126 139699274 270200258 56014242 996103512 201966150 25631839 949330524 859801805 984288533 344307581 947617374 681249050 259633474 437400469 194630120 329057283 868293573 262019124 655790847 147011767 775554459 202800543 891705709 390219448 833849417 290193758 405362811 103872403 684227068 627176846 673106900 650741614 379177326 797010999 70890023 577497765 966415904 192645249 718784838 644140940 312365119 804016212 191509108 601943612 783250317 192343806 179508722 364146517 481277341 299178105 331251209 910892344 82251338 901437430 819691963 92061449 846238694 813519265 612045499 228292380 629311442 644188580 675640005 818435414 806583289 656174945 839206553 639667459 246699655 762775694 71533385 884889696 590965036 751056714 520666273 3153776 563093607 48503028 637389796 577525034 710171774 715263205 654317258 112146590 300925999 139499787 363629514 563614000 238163895 998086936 555487874 741128366 625428620 944336605 212916782 949703138 728954286 67674600 613352752 328350821 546802187 248606249 393009463 547169713 46501994 902795048 221291161 997348695 70741400 498861444 757696316 688111343 949443271 321267965 220563957 573175972 36398661 819269188 240142257 599377802 108431778 396062748 205317654 64059925 801283875 391925007 864410474 969750298 787569132 570498489 839005357 158966711 90164960 682943635 525274737 808627688 850441820 260506639 698300254 118632863 229438043 148920907 58321512 612329800 638377052 786171003 626171926 711821910 577221425 179740201 716356270 528574398 194667899 340937698 798605036 877376613 516649710 898248182 6658135 721558349 116253537 868514240 223531005 13319266 950988512 548242479 304683 310458458 261089441 368360163 554454765 146622803 285783068 597051969 578955278 210569930 93278171 938789903 942295820 480053350 828005176 681777000 303102025 63214298 703301978 372373932 586511574 836463532 667383934 96469730 562315170 272182260 749433965 325781660 285366130 110872076 358348431 660021471 199750656 750503804 884161041 538706627 731941850 167789625 14810227 179468942 178031956 38543708 636684916 353097362 158635517 588325785 813396491 283612572 421314035 728122441 175742619 893170194 553959572 232928762 50667884 841888536 867760055 302391469 14678551 842128317 166535600 12904436 371282730 368122750 574818638 716939574 735788160 743018298 732697488 644074911 619700340 618524343 819033168 314891576 680178855 803938316 207007 226658056 803290181 790161606 819579359 751879957 910876154 21031482 324840805 308519297 789893991 750898331 957363941 932568992 424303275 462364691 679503838 905902217 392816290 427777362 105923390 571227251 378572553 448003204 107650014 368542664 47619414 972525533 840733705 757150324 255040290 200322715 36392913 997944108 542329315 883744121 409171550 443490801 366811278 708798066 272891626 105537746 887020057 528753516 620289051 294037075 259195952 640148418 135550865 730652241 913838667 322961714 48070013 24605311 112816638 319461279 465843553 953866458 136384805 146600465 303099042 73154501 879307349 588881387 443587595 788153895 725457354 426188482 731417703 925412340 188552555 380053163 35525270 869470029 486191610 92997923 397317635 2704913 797439419 645284698 49947697 607846062 975316753 429529218 2898017 602667107 961415344 676433938 227217613 469393650 116038856 411431198 34278019 28642366 316883417 816779112 628231268 926955377 37714088 385658765 881839902 899778743 618150559 255605435 672703208 300825236 425661645 567020180 921274299 871003756 459982167 502460387 479574029 829751844 278755495 698642344 456258042 792983275 319463977 524669709 846641211 505694560 119181664 483489290 264685362 857929339 122786651 95828823 153444019 22587288 447546261 810410804 403694260 975582093 168677807 98075411 862077821 729929572 577643347 119049285 675565837 637383353 229243565 594660223 495176614 447356600 816324456 95446024 104875464 628195693 827973366 277478055 722791661 431717654 731377406 306158441 953042170 907236484 941865895 566943336 225242349 197866419 989794521 964642133 287473898 717325532 892856143 384307175 883157603 592525411 63767339 200132165 85089315 52542651 949937851 693133045 36310138 734603800 820052035 79074206 998856592 731455720 583091634 659656466 89983225 964390542 959119607 791168967 680342800 659752999 149784453 940695336 478597717 931425798 655748514 674972533 650204592 319990020 919576314 344121366 120736373 336011941 886313173 647637048 667912195 152256361 466566014 127455400 528755164 893935376 536436628 167517970 623116078 105756191 908065757 316269371 26595971 966356175 488198116 942091370 835847650 100760597 417641802 244432768 822223225 314195039 945249907 77948311 515142497 954461705 392477728 684284054 627311548 573634735 250420052 799119172 377185530 988833409 502317734 657076472 957879028 467454484 222168076 840768103 609785530 300047639 173517144 224617664 865934091 997104290 136115096 474469397 492567182 426160465 631801459 341825878 736087601 555309214 937218758 860708006 688564380 17084552 651360243 592636330 836405429 133882312 153848781 435400102 531843959 980472486 655030761 944718631 747034427 976968307 498373359 972044316 126395924 522905273 838523375 685102907 192653780 273539936 7333413 204089705 439495620 993600795 434270529 174792562 866567325 725699022 861898014 815508557 62728304 879822718 551166095 258481755 537840579 488185136 706468629 828800756 504682952 713097971 139275472 494468661 720967969 606926186 684175637 112223550 306712185 3839078 246004637 535640739 897620854 323120702 606486312 102097034 979464903 363860586 533697685 988702545 785809304 107168484 813837227 217758481 479701228 435280718 591645162 967621826 304627582 706365731 506014018 130797167 513625025 299920933 462639891 716664572 781189006 942912342 98892808 505023018 368147451 2788748 595225070 551367795 650963102 510401676 526188112 216387146 708308635 32822763 188881023 96978201 654851409 131065781 97783518 812667759 809640408 916088396 461160653 77924063 225372036 875965817 463889104 500133080 20284583 179536371 924370726 93832487 549306809 428676106 106248998 412516896 868062865 726652075 512983198 880923558 681247120 313168058 682908832 242558737 643248761 489107446 944884914 687526286 743954377 428782650 376257929 58932360 541762237 973366902 665880482 807052524 481703185 46743675 765520846 449977221 814011186 839143373 287002647 160350845 511011465 429631 929043320 786268642 123682946 577081656 841319406 361169684 103076396 667445380 77169465 33642856 193772357 763506743 846203175 413114915 180329447 920101880 693197097 750025849 328307705 107584924 835473825 960315550 847618847 661753714 102761405 287887408 136636908 318701390 703299631 533959042 248409548 470179172 773052826 270370090 378764896 79452343 719693264 644167622 128377878 241164681 466330614 169129881 400126523 719156223 582354625 820330529 480325857 882481684 716512295 631210662 359017067 790623312 376323197 215477256 6861573 849537713 224475638 474492996 520374355 439055829 81513045 961015944 249151731 154595613 622214235 712023628 601490095 534266056 748499846 904342639 940868580 284724134 201561106 802112407 687674190 163003402 178068717 548937778 146462589 890850404 710331713 925992794 730824278 101896999 579156157 250630112 213780698 24716661 487963613 378149568 104556092 317148250 318942897 636927173 180855879 184907375 666389819 941280783 219001812 334390108 194749713 582887337 159449954 406327490 75340675 484464343 767102321 644758024 656105193 859146679 483684138 401768227 463929529 729454616 636447883 744248089 612916260 754619713 129924561 396148158 573893920 311208001 669443043 284741073 519922296 326497592 688040661 827489887 935412304 424011008 410144054 965775082 643061408 552923893 779088165 224742391 757018918 97499297 399501496 62531083 791431445 434953079 546554052 488705022 168168134 766215238 735597040 666042379 99165531 395322533 601670819 873836605 698105153 905333296 163411294 888611577 616272281 531964297 459433721 789141579 926758556 201329662 34638328 837034339 223998980 267814863 656085192 253713315 942173254 600065358 719252383 883167673 540365526 582420869 975190868 781958128 287295577 790289757 90476011 199972893 38318225 195575214 622922047 109425640 499171027 665707642 713066270 287948408 133695483 769562321 623921830 770251195 756793231 278143706 19969286 195466308 27305511 494765068 37350357 236361459 29170249 137624212 996465283 808970765 268306208 54234708 893640095 875872092 968819937 953636033 441839261 593932876 970514900 253437051 347926139 517098183 907939022 936060168 707542137 227007837 179836882 840304483 511215393 61528042 437014085 458451099 727103030 294576536 525077431 960454181 358397062 228539426 730338735 92151625 690670925 987214313 448321657 949622609 740130095 770768328 223523192 9227152 61857668 696525716 555131104 296202295 567125912 927628238 410398895 155490898 160593115 729064146 339440646 160466878 390475804 821835003 743319311 54828614 971089380 70458970 629366515 602040125 249705478 267736023 347914562 534008529 198130771 579382259 11253131 171224547 992833256 735450984 725484373 248261597 55835647 55328725 768881206 227595715 922503355 83151483 163233990 20735559 490494143 872115956 201067708 993972417 974128980 555059913 316851843 319833893 91960741 240825662 610874858 456356329 257903017 251575229 717270944 805938731 883242960 268965669 441832998 86676168 655475360 555379583 77007419 484292012 579114860 126971585 928532279 888472634 258703167 317377072 490889071 353140001 709012160 979572776 404728089 37478531 988135565 393364053 745412913 600078796 823187736 648589891 87289742 698671875 715311399 267361318 838798161 975965931 262698735 409861823 986096468 164709179 855427703 641426116 615099295 312757839 500127162 86300295 995352548 629939482 829277739 446079953 204496061 512132608 339342694 741312967 693909538 292884853 41095275 796453524 100227477 641152307 37620304 667633994 690491823 737745964 555282026 817485907 142218800 224614294 79074646 214161596 460387394 863403660 251025828 413304992 254571932 51964404 567990894 365297534 195437902 45475615 29216894 373078879 738133035 463393497 624426891 784150248 539391176 639200954 259163761 472158812 79867319 213059602 666029944 822221770 623934290 29974581 769308592 748427485 960147866 313591757 617457544 54950175 31493383 885218778 74678341 148729785 674392672 620147577 651755202 113153126 603138564 645590871 692384635 731427148 573431282 786361613 61588899 102953884 800257064 499668058 7415464 612521780 316773370 920949995 436301185 404369146 788842611 999504877 904891194 867253387 713822591 604704333 582566727 406333387 991902580 962932192 41192830 154851117 173605155 322053784 324828495 228997079 444350368 554856286 249051018 607024886 81031214 274588240 447897559 541030425 136066195 663536545 697916526 922798200 707428277 134949592 127422601 122454351 398595330 362326857 15030687 18326400 978194631 555199623 575860186 504581748 121787913 54393461 534901031 817518888 424419373 620169524 450990222 967869782 782731220 357576947 406659387 156402853 872195368 677610821 109683469 203421493 662359535 414500166 67031108 884202356 600200296 281823861 971743156 104831855 379511794 213053577 690918344 907551518 317609663 970062770 99341740 268716353 711360752 143242905 292904740 736741936 923830441 379246744 732632159 837244943 341691024 528568391 106020104 191193440 581694617 537814698 206802232 984400937 67148165 281528466 759819502 219154402 496955268 663705801 235755389 590089956 886903542 193035012 660031938 538978490 733593396 532756006 878659894 171139074 373365813 592652365 548981733 967502311 895221805 293947285 945510670 930875150 343811128 441051787 972089342 12574385 3818755 419396607 145273092 796646558 553659888 178737504 238031097 142896750 694764449 835077791 981304304 790612163 234960001 644444287 636683328 691117665 705024808 143096928 449157609 60429186 120121914 970145769 319137438 83515645 215403941 335547690 285094974 932589363 643419087 360348895 438087295 791147358 937626106 392302223 27044296 908711712 946596494 598262381 932978275 806294453 595639288 983550543 660141024 651007931 304994840 664213682 269594057 476505992 759779983 327865403 640348449 327496995 298010472 766643953 533793217 212847288 6064938 348728488 641143668 673512387 885011168 932292153 393526004 919489057 230799082 713267907 450738850 601853261 784971630 943952370 389053468 656677403 845458716 47678837 504850932 549522600 301477912 955592480 752319208 448990373 451309310 969009287 722824003 710707062 778259746 652085137 796465939 372632585 631382726 995705076 955473606 961424758 180997633 974603039 865772704 4510390 616429673 573289322 474065584 398407160 178775057 997380826 221817736 348001435 253668065 457658687 313022351 330488199 642479182 285240554 208352891 787603722 237055422 51494660 274528096 412162739 843787424 411629240 265101074 677112473 575680516 192643896 864919008 672520150 333632992 15909769 948034462 836297300 606333895 517210984 601936461 551732908 14452188 280967258 538280237 13734309 525998381 911883798 890966599 170809754 898262597 882185249 847223752 723075228 620837290 278515352 641382605 819132755 319227538 173772361 442657254 652181415 845625546 342631630 997174101 225576553 255558784 482702165 322445135 202757735 358380087 501286829 518878800 401616472 285282802 177181544 732683093 527955002 481648258 225970177 936772919 605612043 735858207 655912371 168321012 96905532 543427137 928696898 754312190 921998663 140092641 38898030 799113123 183432121 389886324 552615997 732134268 377495862 579277265 44546639 947534417 539579981 571154385 928665456 405788388 776473763 577436581 28115692 222797960 349300943 331277554 180088201 821341995 366405817 959389012 711560714 742978268 69461201 473752328 173445974 631651714 89220503 229000285 798148731 833589537 212648796 54224981 8660164 913048386 992283583 87678518 721156345 488018014 724226184 539063238 218697835 675043123 508528181 503005874 114035682 471946365 605828913 744445352 223168720 711542282 67374780 447530254 476067008 422315080 423626461 582918275 352174525 970894538 494587252 544880659 14243233 655913056 469357685 868374774 637795233 385692606 325198261 965179725 408064553 467079534 114216215 208081158 906283416 546263108 704773305 915035137 78067966 249837559 350622138 91759358 940743305 607504209 342211502 825593972 803547237 723872931 586609725 215066948 217445526 712172009 324694841 29230380 451963549 596908231 337566880 354723976 656580773 22417319 903832585 818354462 854737298 405510694 2107959 200187360 733537185 769850568 254634099 980802731 384859138 988768874 358106994 588536069 314387074 592003195 661644715 931996956 229421645 830659298 932018434 597223794 106654646 1894305 385880665 118758799 660700925 496212399 797260263 957362229 807936183 776960469 395329412 177576825 996574167 60828234 192244882 491881777 721257947 959224668 412024518 266451120 62593510 922254043 288583137 763189456 974906145 804102410 446458126 761278957 818289659 60211421 392789204 955916414 532491111 408117866 55875568 649753158 879150051 982205761 226798523 717630738 291475581 489911887 926546231 69372323 960270852 851493246 442706518 104992845 748806020 376946581 867087141 359892162 440696411 597013157 977932467 424696073 583720112 983297562 622037021 145174568 454238844 524099662 589016087 128301136 559071199 810688878 437315954 659334353 114370438 706318758 567083738 339000578 210251588 465012532 229427982 309649428 13283568 775665915 269898766 166321464 871970033 846483614 433086506 838091730 845779893 359657879 674719084 70398496 229473155 93506999 484545784 629862660 951960251 666654027 460547339 963917050 545848713 501056433 426431551 972795895 121086290 877804149 823452261 185408974 600514845 582572963 320779446 352907770 677829573 496979334 221521868 694307348 79722032 70703327 948399756 739882593 399731461 836942024 801117468 524544935 793754787 412758010 603679590 738249148 927362014 303411027 644140411 619456527 59003813 217213275 318243199 352449543 870904593 298647159 461768953 343319459 236890872 407933657 677131510 674874790 878430953 160636287 565808 790983459 471214213 183082161 104310896 825261507 940101587 315944497 286090188 252104761 867241048 518676505 237617905 344575103 847222889 878346157 191000025 928224848 819086511 346412120 314240196 2755766 276359016 527533887 603400511 368613305 444660043 862404580 701115222 358641608 580948988 493673809 539010732 312624396 776082762 547519941 681892985 87805721 417356359 864054634 89157267 711054162 827100903 156116096 620139433 191279020 9744633 954041427 313079570 368681717 518252761 849157539 601870155 152554189 441204104 266765110 932864647 164055915 730056322 3449489 988861831 466302952 321701141 292061326 644340314 277755625 711527447 927884305 600967155 921160723 23907831 502507355 883012768 266589130 212741017 816295253 856898675 433041652 527649269 581179814 642224990 356970393 565232304 261196676 298746776 759733219 350968691 873101409 488463412 231996234 2715586 559372905 121746450 411594526 234821608 292564502 187311369 284465758 285395986 142294304 983987626 670451315 466743441 144199854 668567605 205950462 293189024 585370964 527658271 821527317 239885391 583242011 424188288 364340239 430686162 763985667 384437128 741925216 96397993 905311293 980139004 370665624 450521745 505161820 445428129 700769386 655002895 173369415 862609408 113485803 846861253 436522619 54484672 851293804 998645513 724094257 324436033 568772857 269283767 548914213 230941511 862445978 100248192 379865924 851082341 712099426 168466287 540571550 699641096 642362334 836390406 983439093 965809678 958805461 167814766 849086951 22662644 402700326 1760419 847156242 921508194 4263525 193003573 9601228 332993747 904710411 191628278 719789508 409924967 299185525 79075131 901827208 608266632 106397656 323687710 542046717 365016276 67493498 619716367 722059429 964664819 747831094 625454792 586702296 397399159 118317806 716422821 704094287 189776494 580748793 672295571 400168413 68821108 247390418 815167699 339272879 369625839 12967914 908717796 457370051 703817668 778707434 803793809 244888447 493709569 498914296 607301472 842474345 102473668 243390261 745316653 156196795 808497333 30161004 983053120 931711261 526732663 653613852 25340470 889828477 564379092 891705031 863526915 137930374 88549957 720533207 364084651 716932573 765735170 456477639 9944503 977105119 226283455 241223604 971144685 514024434 52322826 663571055 249855855 844174015 36278069 231690815 507585460 197824058 871806269 458587579 694564781 963658578 537691964 409688730 673774478 9148965 102665171 932638887 510433318 601733009 518019421 231837248 201760053 196901563 322112433 310769643 209181081 401840911 848129602 93978580 918843527 118729131 194345466 752362191 99576982 559777914 104906200 50870793 251175473 735769146 686529518 904974800 677650124 572833044 190921062 144464959 742467177 490420149 949406828 745191987 423928636 652175418 216345349 321652195 345201326 613536204 699685389 161980692 40016406 243478583 349330176 355796332 181006813 785594498 734783164 987088982 216683452 974147513 45978392 292411179 472878898 836831708 404219649 629979469 549828459 817818132 916073328 270035441 957171858 314079023 951384985 900099354 441206738 862623717 257955063 869158529 950867888 338896745 156439106 893675823 195924707 687819202 936896920 968217587 633109698 952127951 938908923 789906633 992415124 404588023 49634362 636391465 849144537 466926666 412992728 146718293 785135952 208678393 15347266 534112750 427142100 135896966 698504686 542370404 519474883 392198451 675577143 139001504 23478398 555053807 715130001 948277061 959760601 475342074 283936114 581556540 131589602 739865985 758322932 459199514 280874678 373345446 751780655 707564648 843185377 678107065 301585379 477658146 731912407 696995945 725814941 771093933 459966268 232610068 474818430 102191187 164504758 440923298 687407345 351204691 939773814 714019198 534244018 392981803 977297641 830335628 365569320 506788594 648027663 246350727 126919096 912755826 328680631 50409997 341322050 525632861 929728466 762623193 312725243 913610202 887299997 897546817 348127370 453847716 332452953 876955071 2250984 811460620 949653526 527930869 737284164 667594941 346674045 925939735 514236989 892384880 683545736 511111243 590532553 168498930 708884950 15164047 468930931 299686692 348014144 593958820 14019237 35707244 895187050 170588276 638945490 308459532 201191995 194395925 603787650 479688007 771762325 835087778 815644231 628583304 635243902 121876318 591493464 671003384 919818546 398574271 606656151 560551631 286537349 616881588 6192036 605556581 33036980 903987445 750877276 136573215 884613908 529714148 57093136 305678351 800541295 210213509 736274150 979926482 687003258 938973742 991905253 839354 217982678 114558104 798681458 485502331 165138388 505544451 515165228 539948372 652720738 196144659 133729949 679665482 569660989 350665573 599008990 421957764 374002229 494359678 495201817 44233078 960321761 720053041 430012429 967101875 279462124 700775206 599562567 670074930 432263777 388854303 846207829 718995254 960505373 513562772 815200330 448674312 824068406 381567771 671427742 89977630 920263832 506405463 797157206 703693232 25331178 260184921 918628318 381124603 182292090 507192463 639748103 388867747 298531859 582876165 827915198 969485385 728694142 200237283 148237784 657947136 394133181 270747675 878227903 437667022 688756430 369561073 451419050 196547609 966157526 873415643 938320401 824440558 357569187 536091438 506088843 214264239 194147795 989616744 323456670 689858139 498019454 733031201 379347250 467859897 858435007 210049451 477589215 592503093 122034819 989008 397346866 354198117 721912630 430459010 229712258 468252616 45947371 458005451 53221907 887133387 696944072 289599169 908370603 927327735 739414542 234834784 152047330 172309164 90921483 821176894 711829302 709111202 456090645 169007197 810006869 566679811 378215596 620755883 714232315 396932635 649279809 799722681 796579903 98932979 303674469 52691371 953406497 920505904 234862192 517168486 738935211 837467355 103130977 228049073 202980293 634774453 951563563 464716189 877773277 880781200 817959658 789326610 122756935 868217917 189123171 151321154 662336023 357187783 197475447 522693610 93783843 86154472 687975947 884105804 506742845 138720223 861200652 52218186 240139547 889488653 553029060 207153336 190148292 854260346 577691201 157135612 893667969 471767778 22612875 959907767 227951109 979635240 643398922 503575220 369612353 480358172 515329254 260698478 416882306 364271374 532177226 380336158 372975304 747993145 147265902 772222108 750402213 686566198 33990059 516104258 924916181 406450059 335913599 18875687 351475649 458423364 866772009 677780340 576110720 409833467 448610724 712504668 756841486 331935148 856247093 693645884 306583600 985194637 193924019 963474266 125885026 68478223 312200869 915193825 323064742 241938675 939971329 895085094 967059956 634672620 762068245 821642095 705045493 453229949 913553347 552620180 998437322 934537809 841385546 315942366 159330113 494704175 31610030 442393788 318789138 359481116 42551298 824804013 263332803 960285975 873578636 755795448 478645546 47179012 446288646 56825631 691140877 921215443 189452935 528304869 734287783 309381763 531871154 365630785 131936900 743139988 470421268 963870247 839415181 348723198 614782510 747363439 164583658 701499017 18955683 429170262 446863739 786279885 774466068 835499098 278967546 288229214 726336105 409102961 292034925 312947948 268865218 719932278 151352849 169356355 759083171 587583173 427352710 526584569 972532224 115681664 275957838 142985269 351197115 401415897 796324803 965676857 160776980 692074679 510304539 137523501 559765079 837869163 680675164 640424305 869260050 774702806 553966811 105047445 665234974 99751756 59162842 821833368 947433542 421100518 196922685 946902527 650308311 257119072 580707624 664814024 90248518 199946895 1125465 713063471 432896204 577941709 550879615 105892101 178005074 924270407 202499838 457727885 778468520 323542533 890325112 728553669 67250746 70783585 68269529 56981122 992668724 606418386 792104347 216844473 135245409 399386314 315842678 792813854 726797999 756921473 294741463 357534430 968192889 597350635 712310187 252410520 240079558 175361573 84024163 827497057 701658160 764044247 571652817 281563846 93321990 917510398 7027040 173936499 117538362 77353982 63765037 714767246 351686378 703145473 116528586 642858115 256459719 449599100 125632086 285569926 242302887 63566606 378048752 124139146 37998216 768458125 136402996 399161947 55376516 933798941 286329571 832790584 527960371 520396768 509255726 985038581 165476652 163985436 304205486 945160423 140025656 805166819 68851563 127769903 351542242 501412840 977098840 239565556 113765564 165836615 793007761 510476716 897278859 399375617 878178258 627761677 341894077 394263736 797603802 391975461 184921298 932653918 504443291 22388581 933753478 243386496 749751650 97801989 230822442 546248408 793176490 584915128 666628707 106197305 663071362 472886986 584823570 55822891 491365022 493501738 766899884 851650166 446742951 117269694 554051569 657172395 718637394 625761902 164262927 766631835 789630562 879925097 151097294 845657183 705853712 833749051 537368242 684452783 654348873 841228831 677002449 70740062 311879423 445793835 122825921 41226956 614918896 375986529 122823571 491907616 605225266 598634593 541852516 325519966 986968192 901228961 53075061 879012968 847711830 551840924 950378741 918295648 16392150 76713375 144623787 427751363 142370022 100000811 201194098 865229516 617942641 459104556 377093414 77540567 130392430 726520038 717548257 647393007 847594418 407048595 908598818 452576651 417459795 812033528 261414960 446370841 570741844 846994928 338969612 575393772 170261230 113446358 748674539 824419128 308141318 852519093 642864943 267953422 571042700 33603210 777582489 667320975 361227714 94534683 215566841 155357432 158447438 739284081 627097267 446577885 314087960 268892631 663670469 600482107 886851813 232664597 6495878 192649880 853529777 869815056 869346473 245593349 870032667 563025463 299888302 639963739 410391006 245016677 163842020 663841101 945050245 513586588 612383 623980845 211829195 297419848 171532548 402839638 893831138 286226888 915755607 707804563 141659549 167681013 625575741 353697184 229597261 59011203 713808191 860283276 908180283 184636755 27214104 675707279 132573870 870407322 545917395 453409356 206657462 960726096 525494162 372317829 161395865 506722110 58317974 776060436 410541160 423211150 507971861 377891627 96793002 12618973 182410572 821089213 264532746 170362310 650244579 295841217 538547593 82111783 445794937 183083024 815767389 776206396 734416480 888332588 8473645 926752685 77642176 938702818 567281123 668755601 173133193 903986122 743451075 707671805 615537481 689678186 821620614 731373239 838269151 784681141 983017714 288660066 878536566 637690931 301185407 563221980 550704433 169914650 712711350 18961162 751143558 775160408 303152666 148829264 559871876 424932723 882630914 370959842 314654179 140991299 183282319 18588834 977807948 920395220 790523747 716413986 72514626 699272429 532705674 535953746 674757215 946933964 789008933 432986504 631061528 658070593 181727037 299519368 735978142 488876737 815452473 54979602 872595415 15621997 808601424 795432384 132116889 37554838 739767372 317834130 723365069 12191742 900373001 290200382 428020923 391855889 596057770 4215330 197573505 986275589 622730581 924084036 783271524 718731892 166026640 474265321 806433477 740091394 960986192 514928094 810299796 313403528 469181952 949046363 701431029 973191377 893595136 627405474 818960577 868326483 799893686 348954126 585721944 663061271 664306078 457836150 950102723 262958402 640759124 678696450 104817066 149473479 757255034 453967194 543733065 500994375 256354954 186452716 273687763 22286100 745836485 785379026 513996535 159350309 833632599 810721914 371753811 378329189 880449168 52013473 824153448 597109066 358090936 258266423 440216467 387791844 626671906 657028599 180686459 50127113 732979500 31427313 472415675 310244751 522891969 660212557 480059439 122507923 297237181 519966875 948952197 931013033 125790983 778140036 26663374 790466110 735816034 858027854 704067186 938189328 21463844 236310278 812242190 173904565 554119669 717281358 527577203 614957318 11374604 909226016 256083127 788226425 298625435 189592161 987681256 762151214 239807490 114744240 307305990 825088485 939517835 971245255 99257042 827623453 751485647 608383400 305042688 411858955 803355735 303767440 478058689 69662367 216959713 398879162 10195839 438236210 803814262 784757321 162215690 739258836 850727349 373405013 385590683 49168454 558686190 340144370 78095440 862885543 699852733 105736177 90049167 321476904 259702354 662182818 3344729 142602279 854882328 189715834 747123085 985214686 334872684 330624432 330105175 239580582 254815363 665537561 670985454 371077628 992020808 940522574 669819686 678992369 182069405 437923916 18579330 665142850 81984175 559205203 198064038 685963788 157660922 576741885 617675298 898761757 752900986 304944437 325894085 897027425 588622716 903225748 655101225 196862222 71470078 525855353 940122840 218257701 431520546 296134652 774466941 990408064 740949157 883647497 540468529 496425364 415130738 822725885 439905822 17968544 264439231 472559401 680078071 446936533 11554771 927589887 251014666 962228151 97199942 261066640 802619907 373384304 487981924 140041159 522555047 563200974 47097494 221850633 814186358 57911093 433513385 195387976 714154255 764349134 501549254 362784890 154809288 497388596 66879693 186345064 858936715 279955432 722735721 839911176 845870885 539968827 189287088 140867980 227761699 248761800 629252607 245807274 121583054 540335704 737361063 269280766 600321305 182518926 194741853 463229967 594309841 75830207 591538510 172108253 467190419 760129653 940657494 716201525 458215468 998264773 784652102 771934957 530618175 487314283 616838214 614694411 381004263 438909052 25796272 411754313 471776093 588501371 750319681 862046886 59397052 326154744 932207399 679251227 373456592 718809113 234694444 75811533 522931936 381507969 94300561 868433507 405787561 815279889 473221716 117659560 857930486 263753891 516916770 152384064 783071771 748169969 334422894 694569168 43806708 211529 167613118 304655935 482666549 343911451 88614879 829757692 930397597 122942716 429458141 751494276 208954705 854492708 497045418 641210925 271215556 427139922 597178188 435455203 65891689 250071313 748258881 186084887 750308067 339896301 222599935 579714400 214454422 36726153 41209108 226429664 396968317 180893721 562827617 613009458 324738138 194550116 674956672 816258882 448242642 824754018 840286424 849805386 90926566 988920647 364419537 264736559 914238290 279731781 496198027 386016726 57556250 455990086 744570226 90035527 388801427 480576282 568070599 2627661 915681124 26793752 92794990 474111418 697289545 537185804 601657146 876090243 946745649 928670202 215264138 42116526 919543196 688705078 516843969 314517592 507195003 552739281 154315981 262798383 120709810 419809744 142361216 403134382 148093724 511040172 785593891 753432180 830716123 408052757 655024596 569207413 731470916 461790074 833677200 108694399 421016884 76892044 159852376 160569535 570299372 969116934 725447782 679950386 716006274 799062609 553055994 309450619 635010260 685821118 904384639 320906500 517776260 642480743 678534467 884205736 649768932 36985356 14457657 644948271 531642905 888191935 68346488 981043726 410522227 43864792 287657212 810192670 645093083 371399482 167341633 785966405 898866512 340813880 655514580 678695636 404126536 771215928 895441911 380872491 935385784 178235369 231903942 223775099 398200175 711615654 916465625 387062973 241194497 4767181 379778984 97351156 702450259 385056598 69282017 404109359 8495083 793626064 418416064 17642153 747346511 954902299 137838046 646678343 587659094 566212396 771430643 177939178 596557971 718860626 201891166 837864630 335365745 896061329 355138202 60731273 146240897 417342818 222603095 662583596 485925040 268039078 904498732 958917031 210649 354377620 379131529 78023229 663082378 761421450 117381383 568976487 824981089 137277588 549432332 42208172 515492074 266823777 281167752 450349943 682614811 580849537 612971504 199438492 888557039 769572930 184864312 810741543 456460317 47178726 224413470 240290299 488998808 483794846 473578002 889630384 78475699 417460904 115756383 766286501 487459430 585447199 973578459 755155280 828829217 49443554 194350803 451307973 336841103 452615768 784325701 8177031 693535318 638532934 111238802 795590839 627091854 752152537 211856992 154447922 968623983 527487946 560528968 224449116 809979182 510594157 403892252 556641170 701299099 334774288 84040703 424785123 964880326 348343365 380747991 87787825 426170977 96302782 515284567 518008027 192375647 684649724 522058194 971780799 897527179 148058223 372334235 243045410 119138628 912118615 281759491 819259124 222547955 246956280 346179932 521981907 816227420 163243336 932003369 259125825 902254057 724306532 84379964 909195088 199300384 54527831 197934765 767178216 753119631 301241143 42650679 342336338 669953280 985106435 443174749 68628987 74091215 720492839 334809930 37420855 89685650 344215884 371888101 430108858 515600552 130843021 671230639 159762417 984644322 798854345 649592765 219399937 674159496 807356180 135769971 63631486 195048636 473213138 517595466 115356994 595902758 161506473 731158518 951152345 387882985 602044979 979968216 422710682 41330 340163525 607804696 599204906 509845571 8126279 842085657 365041505 24512558 685292264 507043282 141910384 106608432 486797206 179563253 822723215 730926767 570158272 259760975 946182335 400260013 422979008 603742627 305100471 170442287 221424977 662563069 44057885 249410596 39588312 860330928 390554524 743745174 85658716 350568363 306534937 902493505 381293506 742636348 958203805 792312223 492449446 571210872 434379669 837110256 444133639 608730320 541246317 605918025 872332028 387788726 337305939 365328552 325067514 972726577 488511850 513139621 532962781 788436978 680894255 910053185 501304283 968428985 570024332 455255519 423217693 776179244 310164300 392718492 391296014 268870470 304929660 174647591 52729830 610794866 82558711 35185543 363272122 782850811 91658881 990081826 106696676 611908659 366139963 415680549 927311929 262391151 666443209 853119269 997561200 783218495 128674274 829741575 496907273 605037329 460544583 853311390 223178179 771785151 211232077 851795603 752976463 726602044 118236913 79540335 409502307 760570492 542284937 838732949 104701826 113039128 404263912 160420098 580675780 888776654 237003899 305777005 957194318 481522813 323243787 856898845 842079162 393173206 882904092 331383713 195653923 105093508 768944873 943205089 735093065 703277457 451522010 704134593 334876097 245269984 96081242 412236439 94635570 38305196 795599776 510106625 680257756 646824843 358217935 936515923 595078324 987005039 169110113 941371125 249266314 895626904 505342076 18686799 545765359 182906159 15815487 734979456 707432231 925196885 286687355 555635498 742724420 523417586 390392638 24860601 189449760 926685932 33450039 119774936 580050187 674164498 213066499 95886778 553615908 355386168 892960036 871095498 60076075 76801412 10976371 697654986 832867800 202193163 638423226 444037192 700406323 411681097 751316278 779017099 850527100 437878260 64680278 926742343 808716035 924379338 21785493 120780174 114280060 22639522 966660577 853972163 102728707 787387464 237843864 481450176 923627954 440677006 732657661 181217802 770005525 698454425 260150233 423677896 943814612 919505137 97639192 668397524 138761619 978254666 115289716 422762647 745425350 252477642 528115273 786473954 397499706 341693667 443831903 497008842 949331401 459737046 680609584 744754959 902367821 178370014 133002560 156223543 10539573 593688584 495999264 961491497 545233765 826149424 910839471 496695245 413893099 445679034 693990319 724570761 107834604 429575237 925207653 306421231 917703130 381081329 760185001 954424469 662299044 291837008 180337123 214849777 944757093 32125297 700530767 253717946 884040911 115967359 128836716 561008749 728409573 730244409 809985134 5681791 623227683 939350734 254321405 570216992 961660518 570109288 675624139 521973097 280795403 273579562 42481616 81790979 424815426 273270941 764870763 664701177 802240845 965166400 617387796 394064837 595592265 572703979 371765016 257176047 48845655 96705710 923581375 966591840 556561147 683970809 907099364 907450931 262956942 321656430 313095835 181451152 602286407 253918168 90485486 959130749 846996536 374818612 332516599 704886577 945248537 327601899 54344014 472354375 941680534 786216117 530620163 911656948 102418068 532789076 173773589 978219446 409592318 735535372 677885394 914945239 682178267 812832446 45653960 540400890 448527558 146828398 804686466 900874816 713666704 365496170 150779717 423717023 730103696 662751255 586800316 424087952 195147242 612235561 6524299 379269783 334693267 964903032 80919343 553380406 699145979 142156420 169966792 806637128 366870021 644579560 342353390 60910510 916756676 996720619 875052324 467745975 49865178 441909992 153730920 635663124 495716677 832617038 544746989 290069228 308386957 233848831 711636312 667265032 458682218 438875523 956978678 368425161 952970052 328626085 664944662 792170154 310823610 856322986 996304907 139002009 134855366 292319217 367912066 897032081 444067334 482528067 13443072 33115844 748235162 711744718 779634810 362445615 634286569 200430299 102422500 771705248 434131233 658080961 187538717 323854263 705645456 987013128 941603128 995492819 240584626 941174702 563471872 929498827 883525587 940546352 274757271 548236820 731861325 247508598 476011046 42689943 205985776 59948948 651119766 712370861 803799009 252940188 915626695 797711046 732388213 756248695 658096050 683717216 615116905 99439845 504756290 153443906 652377357 245256139 459309318 474824532 179062001 972210119 360834364 657709 564557604 839686490 554808034 504592485 483410600 398032779 727135810 956445039 54655059 459934897 564888978 560050482 216675343 213609441 923465931 760024745 986871646 47857541 128314090 83618701 609838401 40162433 361133063 628831300 990742105 913699949 783648971 613202449 457091777 794692255 970412054 137443407 893627416 297940289 115064411 283773253 55164361 344563090 960955888 189564627 12735273 367563841 318190253 145154491 425032006 742724939 248711526 868216821 731089595 807280755 242273216 867625975 40732781 721361243 308271003 202816196 380536146 294098678 604806600 854417854 370669377 358597975 753699013 787050709 49561932 974002089 297091410 859735895 38444966 578780201 150422968 510720235 126745942 499771487 474685624 779225887 376344789 258859081 351197435 34575056 952615772 94089463 779385401 578384669 806652070 437404154 759923135 47474817 919868757 91011241 621942842 132036003 353397512 13979720 891299373 606339322 230402431 135067036 771811735 121571209 785890671 932535421 174934694 792023265 682444089 751833657 73775826 321208744 213839166 34625799 376556943 191409182 177303503 310609737 321360354 216351684 733044468 919161106 570414440 368425273 175684591 444051275 952853822 918248909 770464073 697007005 28775500 389704714 643540661 334497324 769466661 11436108 855172269 131164241 8572436 78193393 625225635 42445745 498800168 762607152 492361927 646077862 730343696 231778010 958976577 118635469 56603486 594271276 107796664 667211742 564509192 450159052 693124085 398141055 736316751 234667164 222665249 412417847 525362289 71331651 496776680 500305019 717361094 238881588 391534211 122694436 419605165 192285740 208072099 158584179 43714788 208618636 89784407 363094939 970395790 13042395 817278465 959076297 870877851 342728421 946175584 812942711 919820411 846425006 546226641 642740992 540642893 535714571 349543917 109574629 807895638 141555999 871673297 633927835 784225161 384086783 951602009 178859361 696737926 580844699 155926193 905461463 997376226 272039992 929588771 656313996 510940001 882019686 580193586 534271180 706675370 103591673 258018202 934888747 895161841 635138605 728113783 412878962 330121406 94252060 467416123 332574546 247971757 999109817 768294564 323072514 548161320 774030050 444137051 75540760 565687860 501745068 551943477 158115904 215189720 807488696 57163382 664807486 481280307 624943178 986050234 729605883 918731779 447590459 858356222 796642222 442909983 130899479 777565504 357776531 322035609 903581609 498216939 452843856 301359754 616476278 99638423 874066090 138838186 814429717 903293016 358277882 991289868 785282008 104297414 611945648 27487395 324612458 976365058 598111031 712636965 949385583 411132740 401573305 81171612 185816799 136252655 819652066 884355745 838992539 233970426 737920219 207501047 284366917 147832540 40969135 385296458 434698767 971188116 589240186 250848996 911765480 1924500 853760508 229877123 438410108 549106734 53561353 633455760 487268025 177575726 175881872 587033968 246534541 715711893 299422509 759831735 423886156 252578351 234773083 626203165 517345337 932177656 50043779 695924668 634960003 212779699 880067615 470475002 876623488 513694301 626874529 904190520 760180749 364931225 795189581 149251600 83690294 336711904 724915420 729332037 562173376 162890450 761482582 382115815 61193927 932813769 683877695 958320235 744485383 3505031 724810179 554319034 979269329 758524670 400806946 168278690 291423116 22878205 653816004 300443030 565352413 41426601 230250958 345036119 477394414 657967703 501199714 268950412 889564554 48979458 782740381 182108876 661377523 395721790 501673662 963532315 806678123 17583305 394695391 102630953 596843560 721919157 493116442 485172761 841186704 322645709 319350953 533269884 488748602 386150351 744521948 216112904 997141988 327997757 350155015 414986213 739935105 947984006 469784391 310219551 298559271 129927501 841860940 70969054 986741339 456809975 819819804 911991218 309682135 311033050 287307832 23557056 248400015 591441316 942674307 925545885 394101358 514240946 626344216 83143673 355388532 575108498 101791755 527668204 25895319 635680995 361415621 665650049 800343965 407455713 321425671 828259941 25692330 741403309 604240186 247221341 370223582 181564437 615202971 448376862 824662275 280015980 286239021 81856601 630757388 926762230 727007069 889688875 866186097 334086636 480891138 93590834 332705990 129083981 6181340 371188161 857290717 973726073 731202212 164179634 522653501 837647005 22692730 502629837 694268556 301132102 843980008 737413728 903018561 664566962 483616305 560695595 510740513 939194411 728675726 271870178 395808251 938362126 139419651 781023955 897394573 387485136 8051876 305516374 906021066 742849501 909696181 653435822 216172112 763416654 800036414 867546620 159584305 110467884 803602138 609754733 691190190 11901457 636269785 737138082 548177576 455859324 480079919 183495779 279226112 298947667 510740301 845015612 567815508 511443897 798583381 542131851 359999987 910310046 856792367 963810005 830958923 371214454 248309653 930116543 779257524 107760377 725892574 510303768 81931956 541846347 222385105 404299520 726887175 515771240 15434215 31855231 471591743 188871821 548606002 718171520 968694511 823527553 337484038 97678331 76437828 577262704 812356407 923087699 739172666 357798720 423043516 99578272 347575652 36326038 108059081 351248220 537034414 938482437 468738252 432603329 515898228 554103849 164981211 339566375 909397568 587212333 737022667 336867072 190407374 552536137 516854024 853511645 286660051 931958419 432217659 542679886 696972607 790403845 875312197 609331958 373828025 552696003 223178833 743198793 815981364 813089632 713414037 515728541 55979746 910764549 745702865 368286463 514532456 927190074 872528960 396025330 61772461 721423343 665258632 113828987 569646082 284610512 287514566 312229765 738856621 691895598 815815469 659811242 320358162 170258401 476091013 65231218 756502231 921107071 331319457 613569792 620963275 525615581 132360418 403785977 614828098 552334969 748586224 623509127 985962668 891946809 715582399 80076684 723461251 220288291 263227159 633935081 609332933 919105613 323523446 240562493 412424066 206374365 807535816 64058454 509821201 744711116 76071966 831514425 271489005 178483767 224057391 242616132 711272227 977978333 913696811 843693289 672120271 720486144 507309661 493657218 150363328 89202135 317729937 296156442 589718396 622421137 465191276 458452563 668395127 672152744 217825677 186466348 908282886 524823219 751264724 919936598 831759569 926097126 725687173 88810416 543303450 275091390 897545099 869218784 560963469 256700657 882931033 133651415 179116916 623740166 207609652 906191918 332017471 159692742 318379532 44485717 237711439 791574480 351460364 880848907 769824115 778229225 910939919 27366304 803637514 60990967 758208671 126749691 984782915 261453212 517666923 772965130 311283397 382712663 207306543 423216809 839078102 281718735 821594433 658923506 470101047 174873236 950059069 346573155 748418485 893754720 660675360 982419103 119366745 302586214 180120348 715592512 121719052 89519073 161119946 978469249 591144184 581747225 955204397 554415905 870852581 916285982 927772491 330666102 465381194 355960511 654006950 755810333 448498164 589642256 432555375 507061527 805605902 938778768 734134856 391229826 797387969 813395314 849590264 81121464 836708483 348076398 990041267 194234883 558153149 766516638 298430289 731342966 931009043 280885038 28490912 200623568 999336660 29957691 538410090 683414994 58763050 415000577 472366374 19235153 971253139 98716937 651312284 422696865 74943461 57779938 444309828 324647683 544600389 979076289 600306603 430743850 487629686 54714156 564280336 687717893 134942030 904903842 592731772 442942961 387645403 606492766 278396147 260345244 752656573 436216753 616348490 297381856 280812951 498975977 775503192 714074802 704871734 905193266 224437889 48458998 619975713 501266065 852600253 517977395 870806022 890343495 806803101 455846111 886658595 971363840 275968260 714966195 461055731 892003448 750219145 625438499 69916533 840360140 655925270 125850816 74500513 415894637 599869429 575326779 416882969 297264556 853624210 770643954 740918501 410827312 999327928 684239858 245901660 498914830 931196187 586685131 551042904 124244581 823197844 747599397 52080228 9784396 240993202 140965177 207006912 395934585 290385501 141923489 316674164 698808243 267131124 957650953 665968818 656436123 801512935 214431008 787637820 310398630 456263150 251938511 648327439 446575723 462306866 805936991 214113266 560186912 814199744 127957899 196932857 265738553 180973465 721139683 216488702 974976397 591211426 390660255 135994141 77735655 421724212 353476346 149981150 292957872 737174391 109539233 907745214 709320613 465977259 799324722 697960825 484770223 584806593 625027223 335074246 217500190 770950454 787683369 54335266 470088954 728511054 651617998 710533596 944675191 671311839 417406821 385865388 396245214 853235258 602517859 822137875 756939446 878363503 8178077 14273798 383698560 70946359 669357214 70770727 84464659 409701865 657165858 713763838 433180662 241509219 849023376 432047191 195006030 596222017 841188554 931479330 255264429 109153425 593351582 268502810 88754234 957490542 185153243 630065294 69072442 810655553 202184030 57215743 773343656 253998770 209266541 764325150 539495949 233333175 43161976 57537913 290849519 847948557 167261044 200449794 730476115 221110459 723730692 905753343 596120027 906213416 673688068 689441730 869860502 346676119 643272646 482694641 902986438 25721771 223015733 451576851 395090470 937678716 871292098 980946763 340567983 397515691 457352134 1444319 536622808 661385012 67795128 956486590 971244595 359890613 714612447 794314010 869349874 556502229 116388311 123648669 983757185 51043964 381663102 406157512 765726459 347203882 46995175 463880421 430297920 814443324 971718273 483343184 975714599 627473446 265695264 265204241 923968606 8508178 450752947 684000399 349114767 170941600 590760589 75980918 5502100 182002113 822637324 124613252 28695464 971096525 177101625 513139021 27206864 540542453 183501719 272122913 934530978 618181459 38943923 872038350 334282102 530882029 3341825 58928820 638293860 658310811 757469121 705952929 868591392 797896452 436534309 271679681 951752024 208448170 474195770 998901082 302358700 303447868 836429500 640925132 285091211 456148019 290995750 182369476 971256616 450224159 68227814 464746023 88787556 214820451 242473682 227092702 303724820 808777323 294258583 473448169 94686390 185980979 991071034 756871784 741667469 573886480 249115314 4900308 624808543 579846457 443912868 477231184 955387323 913822359 597353267 960061206 981798790 467259927 893669611 585997765 889921336 367738560 211991134 747499995 122410880 194021507 401432232 166025361 314295695 56563484 165435378 716153703 793046193 18353407 62465711 684727807 916948016 479067975 140679844 205050132 360169736 701178060 58135150 415130764 989612338 658841741 206622564 355804257 541972319 559244028 26677780 700781673 480374186 763417966 99161232 359635193 746776679 928916577 161167217 895949893 549339156 394426490 597720345 373523118 549193013 298403351 871711555 891963625 959774080 267700032 268513104 269709881 695921912 756561216 678551740 696751249 723020102 152840300 975657776 202648258 996286216 457937927 275449410 313742518 975484240 361142479 998727455 893462925 256371127 974448094 381626897 614865957 62766001 421673377 398974570 338147632 602272292 147225582 650204236 417748987 639258296 495178467 652728003 955000264 99080442 98530809 225344804 340338525 729696822 729980006 809073997 416141164 462784815 589392170 969787230 720814376 744059925 737179829 757886239 539255797 602594942 758308025 594880573 749053817 143409739 219492722 384721013 324750038 101647150 661948409 457812707 44752931 556362842 68983355 833155092 274360292 786096124 190616945 609556240 366377543 884054022 436069012 846516425 112035376 981668594 330921258 443965924 379758869 142837367 382182184 600981579 887501034 324201918 669046171 803707972 109163306 641618538 608194902 633640013 638194259 900886368 766342690 283978030 440817626 538048430 633299453 700892256 183017747 103267465 369015228 732009104 899557301 189948449 3396046 726100312 268474672 878988297 100777798 817340365 867394383 407548536 590366940 151672692 675469502 93776589 540674492 364703783 895907960 904731793 544515796 272413000 714884843 672232042 36040017 825118280 27245751 820767441 602466860 967177731 881596593 999653211 585556883 795327272 581954576 547952012 40805738 792783552 103076625 992534499 85640109 34544486 198476091 803300069 135594712 132260401 994833676 208299527 426214203 944414547 645287622 21239065 576544600 7505298 659808411 502906042 796304523 730324412 247999214 419199302 925147469 877631118 801751579 430932757 280131233 285248806 296310079 418610600 432509599 581691654 18792498 195556901 454397462 767911914 425184010 522712354 528652760 386924454 32804747 225110068 198533878 746497511 99685311 858216938 94256338 360740846 501752059 277686258 594521456 509832862 892159777 429004909 436672741 170262223 979977983 266339170 993309323 712653219 818782536 320534782 807068668 611973691 553232501 611002616 365958442 535628147 778302149 46852515 375295873 508372284 538836686 926644087 777220925 215485394 296932154 618011231 381103317 46711246 944927764 917404657 947842123 643565105 945620820 38656261 858102512 591591773 915148285 295889580 444128648 31828873 156703524 916922928 341935272 741159453 367797560 141530443 836567443 640905011 874545133 272116672 755252416 971345896 73153576 323633454 347007061 290326919 588579828 654717947 934148876 232594503 718333767 382894243 562389026 634040494 951239967 945612713 850699201 478120681 316393821 789571291 762146927 322310750 104859483 582691827 780557529 801357070 139801692 885694092 384639418 190019517 935176768 370547886 473146620 19804124 970855591 958608658 570672838 414855071 741270220 271382908 503932914 37836264 828441546 76407003 112781472 526659560 661483001 633830424 223332966 28914841 794547799 144821657 434203913 740623091 961729045 918412664 995334395 896513098 405922136 391388955 656917748 320491057 672371586 579204188 128911129 824222846 839353569 963348657 144521968 269511488 580410003 208522938 238384105 424011422 88279253 954889025 595930437 631071028 580872917 234339929 935016742 180281472 894234316 251697808 430264594 94154675 587844029 613261222 112087317 734374454 936698763 889303749 598462027 419458151 65150320 280349060 409087739 139689504 410349942 725763978 344360079 247069081 441775888 269390897 86949535 389708856 327095791 865629165 580041955 345321760 267259724 574441844 236980301 257901655 872550238 939752644 656060682 163948635 837672024 967717919 905426884 99206063 896066227 403629537 283388748 287292264 57587816 626750621 792894770 477881654 923276683 503884954 617034229 554441596 773147731 608827738 607597271 603443759 104508882 455020037 303303600 726944623 932796644 340629756 27447575 501318687 765060651 619207067 370963955 340076179 624341614 551959888 167301497 30792365 9686673 616347209 640945416 194345598 619230844 590551172 987791983 14100812 101865722 972391567 523773817 652189582 309164750 167794793 429740139 957953843 844100483 177857624 706325980 683961394 408736158 849885957 21192764 550035416 159484932 524310363 786044995 556025511 184146266 425567573 441721207 978303716 606800409 201147386 465359198 322183937 753088094 356961612 84587127 743423843 812544316 384760172 848746475 195502947 742240412 37006431 494093564 68229820 978175314 485552848 987408168 394938395 258622536 361856551 563324753 706834638 19843077 30404376 168117408 977307358 617839784 261355665 312870271 723493980 405238372 397478598 900860652 945633596 25974673 468074277 155844841 563253440 655009735 848194 923969565 356426640 899805925 489151281 86413358 743424075 125347218 446210441 502311940 659485784 275260741 995610503 257792660 358545280 101196060 813915104 946156269 561934016 596784674 112417884 809996990 66829067 726980075 331339001 580252218 609614437 973660871 51271542 46262236 289691419 458983262 810021923 555653204 463108404 986594922 285194803 495717478 511137030 246645366 94420394 217147628 545445799 26464449 45366988 864181432 16750741 541777715 931555895 296592867 398318827 856486165 650530148 795907980 732216043 425305749 172031989 324926383 560067745 596893458 115802984 315232400 771130983 366669421 13429450 935382655 798179293 200112174 619641564 72621542 57653498 499660733 716124842 642685314 143810687 386005 826048986 700776989 57833535 470708486 867117200 838615130 909051832 317974433 641909767 247824267 668907064 638795266 599572050 543787580 95605824 841494275 583993396 486395050 31268579 497670846 135249481 511783407 918245143 347501049 505593759 487642916 161288062 364560793 659788444 896216911 324655641 448007219 923241808 476584544 383064632 44408819 475390682 734727738 113781369 181852354 953056744 144761180 900974391 462141270 985008402 472645466 23220446 372287627 832819195 837126832 240665604 874900963 61124583 700842505 590543455 122909356 822401692 223837631 647207580 511720074 403574235 781518305 309658772 188472948 891567944 155783324 915075665 745319148 406910019 819869196 865832288 418662807 456251099 358494327 311142382 927145077 407463545 911545574 402231208 966735368 744129467 824290363 453326500 952787901 50247760 233808847 958382717 330889373 330397869 874541329 53556143 463719793 554323497 975780281 803231804 781310290 828758667 336290684 30542615 942702043 513635368 995402263 99939801 47931474 188610670 504319242 73341988 450670820 89082319 860501786 924455912 690774170 22315231 442982699 957020316 468897974 829288062 406959920 724658094 123624113 379420883 918374822 217431734 892847557 973372651 157217117 394961687 415737004 747463482 133685938 848670427 287741898 123668621 617496797 883716160 600862398 100200508 95155801 148146945 862133063 673094060 856687078 939242795 931056319 622425281 812004531 310914906 400441172 5222253 883345920 842761680 973136816 201343035 397179611 647885152 582070949 780961157 277376919 326256693 441252628 728133515 328128080 577127266 181888319 891810374 952096659 947588330 88689694 465787309 959030147 411750472 418735054 466537863 408568854 715946498 697091662 619833090 795083272 260427244 949842625 536301447 979505839 382378534 822692022 988724397 239334008 945648550 441487346 589259168 773563091 822076578 582984496 727420012 119963453 961044175 300667415 120681789 268743880 293739220 246005424 269850765 939582028 489855605 366049429 980537089 15594366 156966678 199682084 764811955 428109104 350216603 903707558 616608324 459446586 954238217 971357390 344830462 558683679 955525646 622539579 667500852 413052559 644600906 392190214 594769979 96887288 183546731 507932485 477101437 918667760 89251139 234899870 770473587 64982397 834110616 426248346 968185509 187927237 514561137 292087148 130740725 525187517 807453954 225773452 74844738 352537246 191460388 927699983 129608192 985474849 84738453 633160892 795601180 567060777 290820724 886652291 814654712 922448254 619443243 286986176 50730280 150948121 819025858 998323103 248475168 598516957 813651550 75403559 455528827 337390607 7259988 279225430 760674563 664158839 646634629 781523886 729996992 835134127 553279913 348546214 138916216 518715072 375629603 347621929 199056617 583126267 591162968 928149857 718089753 222026393 748134653 168399866 232774801 729431959 949214364 573136357 477035976 286971346 282099977 701988459 440185458 535601921 935335533 467671807 949732067 893101925 568966166 610141901 360718534 443822990 173577467 321000361 736414867 888151537 611232239 469708193 237413640 61467853 372711490 594260519 674142820 171376742 676338432 993695192 86569028 955175291 786035249 943196821 292240920 70149973 726154515 652637974 172777290 101751722 897428793 167937793 600769097 780922279 437387082 710362120 81068078 265238262 381722091 982342962 419873930 398715499 521514841 557640898 146846103 813379290 354002477 307882187 595298451 978017548 951576133 865059285 277332479 593336309 649987257 329011285 427019096 701045277 876390103 773997452 156978999 279646659 324473013 36288772 917090100 769727084 986222625 58289932 634630602 980474553 927275119 821528473 963086370 667838087 50708647 3959758 635996591 26297864 430914823 539624835 933530493 745180023 942560064 451719503 637137485 973740938 680732951 494636450 194695614 333053104 340865523 839383510 678774064 334260395 32972022 59207900 322709730 799019168 895424845 644242572 915858216 337624840 639598332 772981840 668657603 665122219 258935686 668136238 890203617 277853369 567757967 848023073 454607653 124908489 328010619 307980809 76128263 273660449 586195786 249236994 389888536 894927243 425440083 861554523 511306937 227312445 462486384 456719968 783921488 524090416 767709934 384148866 771078847 676933898 992136801 65212713 656169787 453824818 397139035 247674702 406842713 786879330 717159299 568628406 884731153 218393087 129123845 565764630 515665301 97368301 939101512 375715019 97289120 928458880 417317185 209992504 212610385 359326517 822711635 572150269 776562008 386524080 292395972 938529378 53269179 711369280 220439767 934163868 464927116 3157914 381179582 518133832 948052016 309508466 108955688 589595240 371046944 812108375 92800491 822516100 361511952 639814841 165029717 541978923 104201122 452011099 455819456 66600164 484256522 787496784 255068206 548551595 786084267 274022889 67168756 265008552 892765355 772246410 872811259 477879437 136091438 616799436 147004160 464544072 242586134 394456196 63545738 546513504 963682375 711527687 621512625 109245638 916983921 366981664 193182396 787453946 111668165 776653388 978507915 545159514 645977895 211173865 1729335 899114984 651393484 849020107 940298159 564478613 898825248 688945047 435728918 772074559 738282692 609067393 815497432 406365042 895754552 361357475
1 597822826
1 509396901
1 200078395
1 172759279
1 960717799
2
1 270834056
1 263562598
1 90050071
1 970189011
2
2
1 165346563
1 356761142
2
1 537547499
1 793575774
2
1 337082682
2
1 613979564
1 175130956
2
1 971743483
1 853407873
1 812042303
1 950733926
2
1 149353900
1 361668257
2
2
2
1 512987150
2
2
1 580863449
1 998000307
2
1 668379323
1 766543610
1 996333558
1 236347165
1 409776484
1 236275033
2
2
1 103143715
1 26369945
1 408002320
1 521601240
1 951509475
2
1 983392399
1 917353127
1 972951536
1 378073967
1 526690893
2
1 555285641
1 482921103
1 410010033
2
1 34826735
1 336007415
2
1 432396894
1 382091001
1 339301950
1 337687923
1 509815101
1 422360226
1 215957737
1 951479914
2
1 305833024
1 957943081
2
1 975587897
1 351198254
1 229380941
2
1 26558426
1 425764365
2
1 545176060
2
1 548715080
2
2
1 796964637
1 276014613
2
1 488407461
1 80471228
1 942499901
1 29975821
2
1 777417691
1 542158985
1 572017084
2
1 578184207
1 12897911
1 544226005
1 803725752
2
2
1 684894241
2
1 702805696
1 873389966
2
2
1 793075802
2
1 713979183
1 248110774
1 521412867
1 772840226
1 490573700
2
2
1 164147421
1 263853897
1 800551998
1 485745631
1 413364659
1 114341312
1 32283888
1 681719616
1 773083947
1 357754493
1 565209854
2
2
2
1 406295566
1 542998162
1 630712902
2
2
1 164775395
2
1 369753653
1 232333175
1 428679943
1 858399353
1 179258629
1 858901714
2
1 208709699
1 494713763
1 703795207
2
1 789123375
1 552801975
2
2
2
1 581819064
1 502767619
1 934879136
1 465917599
2
1 561769386
1 778575097
1 960155846
1 220558539
2
1 36973875
2
2
1 7694113
1 486174167
2
1 829898552
1 649969768
1 191161865
1 740380188
1 730263416
2
1 346182769
2
1 23997129
1 624959299
1 232427597
1 727115284
1 977815705
1 169064750
1 466477375
2
2
2
2
1 32368363
1 974528222
1 696545371
1 818992491
1 930907961
2
2
1 232569796
1 540057494
1 808284567
1 187354601
2
1 50567007
1 924660751
1 459487253
1 257724246
1 541704011
1 192799148
1 409299087
1 853148241
1 773617592
1 593665662
2
1 433191831
1 46096522
1 303458367
2
2
1 671588738
1 954454967
1 645570214
1 409551439
1 278606976
2
1 415203383
2
2
2
1 564280381
1 244513183
1 9661242
1 637231432
1 302652630
1 925317227
1 849482081
1 634201817
1 500713806
2
1 714416256
1 121659358
1 786681691
1 57261690
1 152171619
1 977749888
1 417325434
1 882864516
1 551450781
1 34624926
1 167345728
2
1 256333502
1 488612136
2
1 244263398
1 340564552
1 247860889
1 253554258
2
1 185757740
1 74395180
1 345576373
1 85244027
1 763837481
1 168277665
2
1 880052820
1 369660140
2
1 676904444
2
2
2
1 482228976
1 439856440
1 720053633
1 543441332
2
2
1 518221943
1 400654668
1 198475974
1 18558591
1 144234229
1 786196239
1 57519205
2
2
1 840168443
1 555116110
2
1 430034161
1 954518289
1 567867590
2
1 435325647
1 523687348
1 134512192
1 157319463
2
2
1 676457188
1 893547918
1 811717217
1 482545001
2
1 555926243
2
1 568336230
1 732600793
2
1 627702593
1 856076023
2
2
1 136170535
1 136632761
1 516969069
2
1 296619335
1 988176226
1 305499574
1 712950989
1 819806890
1 184043369
1 601881327
1 751034661
1 550166614
1 28341970
2
1 482134432
1 436067889
1 652080734
2
1 944553973
1 619485772
1 547807840
2
1 642656105
1 497574555
1 253967510
1 999592508
2
1 313710625
2
1 471610287
1 244177461
2
2
2
2
1 604539967
1 30714088
1 492086519
1 50576751
2
1 665145311
1 763821354
1 853998599
2
1 670287094
1 765070601
1 86349902
1 36371158
1 610797861
2
1 693077218
2
2
1 66342756
1 976086071
1 105563811
2
2
2
1 104854585
1 653224342
2
2
1 670602350
2
2
1 152510259
1 422493556
1 803569593
1 469553136
1 845554441
1 156829567
1 882508430
2
1 120631163
2
1 924423003
2
1 778749743
1 253503613
1 982064087
1 536523791
1 623917432
1 98324595
1 30300089
2
1 683717287
1 643790231
1 511997383
2
2
2
1 873911285
2
2
1 754600557
2
2
1 938061633
1 958832806
1 703853397
2
1 315596247
1 695886422
1 88445286
1 419696203
1 475509799
1 27696059
2
2
1 956580681
1 621557586
1 712428539
1 719419607
1 928211876
1 534975612
2
1 263716624
1 174597551
1 96049859
1 916107700
1 256169311
1 472140624
1 61498006
1 936015957
1 685585150
1 678098113
1 183086693
2
1 364043398
1 258444174
2
1 408483998
1 333425598
1 861169813
1 315547848
2
1 1180805
1 454185484
2
1 783932438
2
2
2
1 482308977
2
1 264279405
1 616965010
1 804055120
1 374443676
2
1 819401508
1 138465364
1 558759307
1 384979277
1 443613095
1 286381492
1 262495679
1 292148350
2
1 184002375
2
2
1 883989688
2
2
1 140005287
1 907474733
1 242965487
1 466909920
1 79832005
2
1 240156895
1 131949660
1 942923549
1 133595360
1 49291196
1 27957464
1 94419883
2
2
1 250701625
1 771837829
1 528669797
1 848726939
1 185149099
1 165506809
1 593631
1 410572246
1 842365580
1 82093994
2
1 686933896
1 633530656
2
1 975608054
1 113227065
2
2
1 699263774
2
1 238673020
1 915279652
2
1 719499364
1 379304625
2
1 64792603
1 725230557
1 552028163
1 27850186
1 194006959
2
1 317229153
2
2
1 592541854
2
2
1 21796443
1 177925631
1 417418623
1 189962168
1 292496010
2
2
2
2
2
1 622135738
2
1 216362328
1 802601540
1 521001397
1 566872972
1 201794269
1 120718700
1 125954603
1 231751817
1 759831028
1 925000855
1 713960422
2
1 517361312
1 460889170
1 621425926
1 302080788
1 52441710
1 989597487
2
2
1 392499323
1 248118605
1 33429892
1 576191699
1 117737640
2
1 70844229
1 165304601
1 832606868
1 854195524
2
1 654929432
1 863339819
1 290496688
2
1 965855907
2
2
1 575232787
1 110467733
1 991805976
2
1 632288961
1 564249161
2
1 93879838
2
1 120478910
1 538278606
1 319272210
1 345069616
2
1 944579656
1 576920830
2
2
2
1 526161187
1 796089547
1 807078947
1 46232961
1 289836900
2
2
1 958395205
2
2
1 226395645
1 266772890
1 179125311
1 297108064
2
1 868749307
2
1 608547428
1 920992523
1 300801211
1 668486188
1 838444881
2
2
1 672769181
2
1 890233008
1 478699826
1 148796962
1 661938834
2
1 284579072
1 924179821
2
2
2
1 543358805
2
1 313358740
2
1 94783375
1 334997988
1 292097623
1 932426812
1 173841663
2
1 863677002
1 191446813
1 667698793
2
1 789749757
1 245388599
2
1 877786880
1 115737139
1 77720515
1 278872839
1 576998749
1 22173859
2
2
1 428627559
1 26456223
1 559520086
1 279675685
1 542918026
1 132150989
1 201028253
2
1 341371640
1 782848929
2
2
1 157346521
1 674060907
1 539154128
2
1 91053970
1 752227463
2
1 338108559
1 258066972
1 754175476
1 389465388
1 874666335
2
2
1 365999567
2
1 830824650
1 927700289
1 410240081
2
2
1 355807720
1 773523749
1 180588812
1 664240454
1 599211982
1 553965790
2
2
1 30933668
1 215364475
1 871240282
2
1 693133289
2
1 532499471
1 114424678
1 644156648
1 258428105
1 205018950
2
1 397829955
2
1 571322997
1 869068087
1 161867903
1 960330271
2
1 584481124
1 53984872
1 689054462
1 48072353
1 471277203
1 113601083
2
1 53161736
2
1 426474236
2
1 984104901
1 304036687
1 821643152
1 174375901
1 782928543
1 107169950
1 642714603
1 52183241
1 726498991
1 43572867
1 318824915
2
1 18385405
1 946967070
1 561938273
1 225331419
1 396788751
2
1 718863160
1 884444320
1 249224929
2
1 839227416
2
1 596890040
1 373909962
2
1 773684844
1 958960079
1 467499514
1 131670951
1 624185597
1 714398971
1 228031237
1 140926978
2
2
1 883747755
1 496355058
1 51058836
1 883192415
1 122784347
1 419000955
1 119705488
1 178320302
1 121332310
1 825761672
1 233120224
1 987117052
1 609607402
1 214442915
2
1 430456741
2
1 128139862
1 419706809
2
1 880145568
1 127368095
1 916245890
1 964817147
1 356356274
1 173150393
2
1 540431516
1 130631901
1 176573565
2
2
2
1 473536407
1 26154395
2
1 608354376
1 147872643
1 563791927
1 44646708
1 241202450
2
1 203361554
1 607772888
2
1 647979984
1 802553808
2
2
2
1 546325369
2
2
1 825134410
2
1 700962262
1 238457579
1 140116671
1 987180093
1 314722165
1 217058168
1 639715678
1 491676871
1 697055262
1 610805351
1 316837391
1 835868226
1 340969984
2
1 723749404
1 795223856
1 59622423
1 472330941
1 879528097
2
2
2
2
1 348167171
2
1 879352180
2
1 155803006
1 391506551
2
1 472841553
1 993111977
1 545533234
1 606151870
1 68291666
2
2
1 72798651
1 679194162
2
1 834130630
2
1 63457754
1 897781293
1 50872794
1 6906228
1 357855010
2
1 517785946
1 25521953
1 507271793
2
2
1 197178807
2
1 397012369
1 158547211
1 542756825
1 674043290
2
1 56767210
1 657416433
1 756817097
2
1 189805028
1 838542762
2
1 260737131
1 534150641
1 366903591
2
1 96437526
1 318024301
1 330044446
2
1 45577396
2
1 963941379
1 427246975
1 391430895
1 327433697
1 348204851
1 634053084
1 388125913
1 665606906
1 921865347
1 5650123
1 279124269
2
1 373787357
2
1 669665323
1 219688608
2
1 776520179
1 328714576
1 242765296
2
1 964343981
1 794200438
1 222959310
2
2
1 478769573
1 699212529
1 696712129
1 616322909
2
1 811368002
1 208733930
1 108671024
2
1 103910673
1 971396168
1 292619246
2
1 695058822
2
1 102919792
2
2
1 447801415
2
1 670219348
1 142578091
1 56617953
2
2
1 818221774
2
1 628192791
1 499325071
1 56598941
2
2
2
1 403108891
1 389379936
1 594127822
1 103926043
1 135124742
2
1 669049214
2
1 838482261
1 412262150
1 749908436
2
2
1 933233260
1 840332749
1 191687844
2
1 545430864
2
1 895999006
1 999685607
1 700903632
1 570216571
1 911851244
2
1 215092031
2
1 439653834
1 672401829
2
2
1 863495362
1 808355897
1 622844175
1 261999258
2
1 346995334
2
1 146740159
1 406455281
1 501705294
2
1 645757224
1 347865655
1 80702778
1 792711369
1 974479867
1 6737418
1 802867255
2
1 675186251
2
2
1 264185876
2
2
1 453839146
1 414277559
1 869813635
1 712388704
2
2
2
1 303892058
2
1 140040030
1 565577684
2
1 830244346
1 629028332
1 576684761
2
2
1 578619037
1 594989313
1 701746635
1 968814828
1 44286132
1 911681961
1 504066568
2
1 644399919
1 99182240
1 498528178
1 993335199
1 657682991
2
1 840183953
1 981954764
2
1 669258878
1 112218709
1 586317903
1 696498924
1 896050317
1 337038388
1 769969751
2
1 544087382
1 624592174
2
1 894043625
1 945922726
1 408768876
1 22873470
1 995949368
2
2
1 916457794
2
1 817565392
1 883215666
1 344360789
1 949572039
2
1 289745125
1 425182578
2
2
2
1 491719260
1 561417718
1 19603209
1 158781780
2
2
1 605346297
1 746288763
1 687731248
1 297668390
1 584357308
1 606564301
1 696398104
1 430816131
2
1 795454241
2
1 156878418
1 962269196
1 957904433
1 528561482
1 179786087
2
1 882381413
1 160871732
1 736575327
1 700250916
2
1 571008756
2
2
1 790109737
2
1 281123991
1 507677937
1 534281146
1 737528199
2
2
1 832559076
1 588355136
2
1 570743009
1 798376781
1 763265346
1 54659636
2
1 299658225
2
1 451029643
1 437432316
2
1 161541461
2
1 691727499
1 610146182
1 580052198
1 756791509
2
1 230798528
2
1 276434311
1 365455071
1 935316198
2
1 124818016
1 274290307
1 786612045
1 587446200
1 690385549
1 549832770
1 295412846
1 462046249
1 32691627
2
2
1 699517728
1 884954637
1 148587636
2
1 216908667
1 107169332
2
1 3139324
1 26192675
1 199150349
2
1 911345876
1 678901292
1 106627136
2
1 728150317
1 663997634
2
1 104727100
1 918081963
2
1 95727448
2
1 936823305
2
1 623187106
1 758365953
1 85428837
1 867400382
1 666263531
2
2
2
1 528369291
1 780150955
2
1 39861176
1 976429309
1 783738962
1 615434095
1 880897045
2
1 975952127
1 290949340
2
1 223901787
2
1 322395925
2
2
1 149044535
1 875515451
1 651529438
2
1 431504202
1 356600373
1 951778030
2
1 414526620
1 105764217
1 65282259
2
1 391488449
1 243690568
1 873825991
2
1 643152982
2
1 326370349
1 832278689
1 9463932
2
1 115134362
1 316768097
1 675429624
1 819095492
1 470993152
1 580150430
2
2
1 63517590
1 717381309
2
1 522283317
1 316618265
2
1 684922232
1 38633485
1 715493180
1 146080835
1 825858718
1 848254922
1 435196863
1 253108393
2
1 998833988
1 943354379
1 395153101
1 249542638
1 253957137
2
1 788198338
1 948451360
1 379337574
2
2
1 955529123
1 439755024
2
1 938169345
1 63189163
1 91922294
1 424098533
1 508799306
1 601902527
2
1 122431979
2
2
1 579412191
2
2
1 126586154
1 178076588
2
1 805068563
2
2
1 228790830
2
1 876331737
2
1 695463421
1 329240539
1 106780246
2
2
1 956073929
2
1 272222697
2
2
1 927156027
1 942372516
1 900183597
2
1 497452179
1 216004360
1 642231355
2
1 853078455
1 569825047
1 375859375
2
1 752755649
2
1 762434200
1 953449716
1 253489598
1 664615105
2
2
1 970650469
1 313234873
2
2
1 258264324
2
1 862694768
1 743729656
1 103187266
1 609859053
2
1 503335022
1 179772835
1 624582503
2
1 915143332
1 829481371
1 479253188
1 12514078
2
2
1 557032237
1 469355014
2
1 13400400
1 344724453
1 434117068
2
1 660413731
1 469409803
1 859385172
1 711249929
1 456813755
1 538258216
2
1 286848780
2
1 551883495
2
2
1 199656209
1 916767803
1 362317022
1 75213548
1 779065272
1 465587910
1 906445479
1 30759435
1 342610121
1 86356834
1 136107031
1 484339326
1 921483945
1 524837806
1 568341872
1 946056689
1 673249378
2
1 173614867
1 801909502
1 209665915
1 628563389
1 480994024
1 997600870
1 383188569
2
1 295219686
1 921525768
1 621293968
1 136437939
1 2109565
1 642607704
1 876317606
2
2
1 663862253
1 494928557
1 635018165
1 620688013
2
1 817313621
1 185185822
1 609851078
2
2
1 49822560
2
1 439903747
1 168526373
1 277869828
1 651771127
2
2
1 26939517
1 534350502
1 229275238
2
1 580607450
2
2
1 938280474
2
1 98334107
1 185216387
1 732961245
1 408817948
2
1 413625039
1 165395917
1 900435733
1 550735197
1 318102492
1 910798619
1 118996861
1 572681056
2
2
1 81051234
2
1 353628004
1 47236218
2
1 663139525
1 314889728
2
2
1 981882829
1 917636195
1 806603864
1 678922995
1 396441373
1 223739705
1 554241219
2
1 858998350
1 144065942
1 751449726
2
1 110162988
1 132027384
1 337612513
1 854224250
1 162007439
1 986565939
2
1 139998860
1 951065003
1 726965077
1 509767641
2
1 794973116
1 65087051
1 153012447
1 33366909
1 333252139
1 924683931
1 828445657
1 327508227
2
1 608446154
1 221031792
1 453008490
1 779720958
1 885571401
1 678241798
1 686945760
2
1 987722215
2
1 82233138
1 231238178
1 429064483
1 769309051
2
1 649124778
1 487307150
2
1 913500610
2
2
1 464287110
1 211969646
1 322127117
1 741220296
2
2
1 861417539
1 832908185
1 13821124
1 201429035
1 258827437
2
1 24423342
1 310053993
1 477309719
2
1 210181890
1 607134315
1 934470508
1 334001210
2
1 663923749
1 897997542
1 913669825
2
1 5448877
1 661953685
1 568220891
1 846691660
2
1 647193924
1 993017216
1 865526677
1 554964588
1 633271631
1 254219667
1 614843049
1 289055359
1 176792401
1 426959670
1 737186189
2
1 626727465
2
1 202753985
1 974167956
2
2
1 618131741
2
2
1 628262775
1 658668051
1 90617373
1 433218149
1 426587877
2
1 53409911
1 402120750
1 637893820
1 817329340
1 171776264
1 173967101
2
2
1 362576825
1 596860916
1 823638134
2
2
1 652033238
2
2
1 801016890
1 554962244
2
2
1 78265822
1 977721703
1 833514626
1 173034335
1 417218461
1 549406941
1 925547100
2
1 660937127
2
1 96349714
2
2
1 319719268
2
1 83761488
1 664298579
1 535200218
1 275420446
1 212300662
1 865169363
1 484332415
1 322282783
1 596370420
2
2
1 884927000
2
2
1 138431338
1 146641693
1 633133495
1 33750245
2
1 425690571
2
1 930539993
1 272232958
1 312904406
1 624330293
2
1 983913918
1 550899794
1 236989365
2
1 334215952
1 985363324
1 537798110
1 954687712
1 711618991
2
1 740528673
1 456698265
1 205016353
1 251534804
1 477104109
1 900353583
2
1 267507102
1 113186327
2
2
1 104768898
1 807311395
1 971674691
1 34327486
2
1 641789244
2
2
2
1 880584295
1 154345277
2
1 220253022
1 777133431
1 247938191
1 841300912
1 55545061
2
2
1 194796726
1 574097728
1 382812820
2
2
1 605707813
1 818358682
1 716402993
1 620030006
1 455511696
1 459334104
1 403545245
1 450975773
1 197128926
2
1 94584498
1 679388175
1 848550908
1 710857508
2
1 354202455
2
1 730020123
2
1 887040080
1 456930547
1 283751207
2
1 579259364
1 361470484
2
1 228243777
1 112197567
1 838883653
2
1 354326669
1 152427571
1 633316084
2
1 484539004
1 896717887
2
1 906405214
2
2
2
1 572454162
2
2
1 733798881
1 715190137
1 941735042
1 136686769
2
2
1 684373513
1 676016117
1 933264895
1 941041998
1 78923389
2
1 418450012
1 477620996
1 372868110
1 425875192
2
1 682940392
1 100903178
1 879051940
2
2
2
2
2
2
2
1 117227662
1 939378439
2
1 546917797
2
2
1 402703610
1 936881680
1 331043641
2
1 245001231
1 357473806
1 195980052
2
1 579967962
1 763942135
2
1 357022698
1 436461577
2
1 333694242
1 435948928
2
2
2
2
2
2
1 982336610
1 110553443
2
2
1 128835246
1 538737213
1 725581134
1 116225378
1 652005098
1 894993371
2
1 928687733
2
2
2
1 927017504
2
1 986636876
1 725659059
2
1 343779182
1 804098744
1 415335201
1 442310299
1 640538984
1 846308972
2
1 929830302
2
2
1 827948376
1 420048745
2
1 820419257
1 184828510
1 506594192
1 615304228
2
2
1 81303843
1 713464607
1 677691153
1 556927582
1 359326890
1 702589288
1 966631495
1 848679625
2
1 241487178
2
2
1 370387426
2
1 129436622
1 495842380
1 72841665
2
1 174212515
2
1 33523505
2
2
1 414230242
2
2
1 610930044
1 161106908
1 771107067
1 634740636
1 753384053
1 6685276
1 459496256
1 872064604
2
2
2
2
1 476886609
2
1 522360984
1 878646509
1 148501554
1 122345517
1 659090304
1 620574559
1 365638938
1 851573336
2
1 867230653
1 529216101
1 559535690
1 35133706
2
1 876552217
1 4700429
1 375665450
1 469163297
1 161496178
1 806718372
1 423926583
1 728310954
2
2
1 26937410
2
1 382636518
1 121518990
2
1 743271186
1 791865713
1 822420579
1 208549544
1 9535889
1 494180596
1 751526131
1 870687306
1 830097949
1 79050452
1 20853900
1 606681528
1 574307736
1 776980456
1 76194954
2
2
1 470853191
1 878330931
1 252855385
1 507675773
1 22561838
1 500130923
2
1 66246409
1 839519026
1 128304504
1 457112170
2
1 547619617
1 245699798
1 857159073
2
1 508939830
1 731022829
2
1 572788
1 565138781
1 464535288
1 908228055
1 373128753
1 848369468
2
1 292757729
1 749505370
2
2
1 117954633
1 129306019
1 437996202
1 777339798
1 374923668
1 220763294
1 200864777
1 465380645
1 364436409
1 991558607
1 401862934
2
1 581336190
1 424789465
2
2
1 501508285
1 749404461
1 212917878
2
1 14998057
1 210133037
2
1 947949643
1 552917553
1 548851122
1 762841382
2
1 586274455
1 330131736
1 131188281
1 634786268
1 381706015
1 78394124
1 99562706
1 124683672
1 288463984
1 366870490
2
1 901948094
1 977282261
1 552448333
1 46752117
2
1 339302699
1 350187387
1 165863501
1 286676067
1 844390263
1 358789120
2
1 376320721
1 787734525
1 126134152
1 449924398
1 50068819
1 886547401
2
1 16196005
1 826122678
2
1 926610530
1 203727610
2
2
1 977162296
1 151462072
1 641805151
1 525134537
1 755261456
2
1 770314125
1 803200437
1 37970086
2
1 845773732
1 239259971
1 230843572
1 194466695
2
1 916129692
1 663252830
1 622782951
1 853228036
1 204396528
1 890330025
2
1 438660970
1 95112962
1 707314793
1 965623293
1 632258835
2
1 233964153
1 562298084
2
1 528875898
1 847405059
1 889546286
1 820411352
2
1 143554063
1 342712367
1 913565958
1 954650178
1 603024210
1 626509281
1 66045462
1 619094446
1 473241867
1 497712218
2
2
1 417543173
1 257147907
2
1 246708003
2
1 743600169
1 976247044
2
1 588576314
2
1 458006590
1 48803223
2
1 525908475
2
1 731788839
1 394876216
2
2
2
1 910290797
1 612745454
1 146462080
1 454239929
2
1 918972012
2
1 177064525
1 64435085
1 987704891
2
1 836556259
1 781597355
1 388209511
1 514163687
1 960632298
1 708489722
2
1 416086396
2
2
1 316522677
1 631435014
1 112724156
1 453252285
2
1 338246775
1 824674430
2
1 968891757
2
2
2
1 745515354
1 716562106
1 610178699
1 901969437
1 718202425
2
2
2
2
2
1 93300963
1 345699616
2
2
1 490551101
1 638206756
1 66702254
1 995969276
2
1 136178261
1 568891917
1 13220994
2
1 366361156
1 726142454
1 84323453
1 884773831
1 997176692
1 239575311
2
1 348592393
1 864469404
2
1 725660069
2
2
2
2
2
1 202518212
1 730448730
1 840415564
1 996993682
1 110474230
1 337800663
2
2
1 843312768
1 40414024
1 230844594
1 318970206
1 410422234
1 62437284
1 980381087
2
1 427065104
1 113601184
2
2
1 629369948
1 19177056
1 733064880
1 463004185
1 271242213
2
2
2
1 170931069
1 803597547
1 843461289
1 183108840
1 731510873
1 406475974
1 618745625
1 515544285
2
1 91173303
1 165290921
1 263643118
1 30695040
1 838590943
1 483571057
1 985184650
2
2
1 732268194
1 385101309
1 219556522
1 462321159
1 311755021
2
2
1 709538331
2
1 676994830
1 764385527
1 472476466
1 22047871
1 879075049
1 930158904
1 711795024
1 107493965
1 195354463
1 804248204
1 767071506
2
2
1 748312048
1 8674912
1 256130013
1 805882653
2
1 547487225
1 418049344
2
2
2
1 787889167
1 385422627
1 960903315
1 833881056
1 374806418
1 856153402
2
1 270632020
1 473842614
1 111886128
2
1 389289532
1 666129702
1 857626604
2
1 340573075
2
1 369856989
1 419190823
2
2
1 234036623
1 835118117
2
1 402157924
1 268385439
1 285088455
1 99137479
1 124263758
1 383314510
1 77840867
2
1 977787723
1 247863992
2
1 271780324
1 845580526
1 904864854
1 716503592
1 249530562
2
2
2
1 683715159
1 558569061
2
1 679107755
2
1 367028268
2
1 526497250
2
1 703926012
1 522029913
2
1 113054591
1 583879366
1 380888537
1 974875277
1 322303926
1 615134028
1 618651282
2
2
1 238951882
1 413669668
2
1 759458757
1 225109777
2
2
1 770049602
1 628521567
1 20070525
2
1 950329951
2
1 32009864
2
2
2
1 200456250
1 706189425
1 828739772
1 993347823
1 623624511
1 624108450
1 244769381
1 397556906
1 920328479
1 66849030
1 938629768
2
1 312427898
2
1 973871971
1 865029507
2
1 573234555
1 689061090
1 655681197
1 879910246
1 36853801
1 999618099
1 942427462
1 509204941
2
1 282264809
1 710842084
1 197137083
1 218561785
2
2
2
1 589450258
2
2
2
2
1 257499909
2
2
2
1 578961148
2
2
2
1 183463511
2
1 391207513
1 251199538
1 314279473
1 967000330
1 277309733
2
1 463919676
1 95000947
2
2
1 97165336
1 106525453
1 246579890
1 903920263
1 207596618
1 612436928
1 805338830
2
2
1 778722698
1 262625009
2
1 851546209
1 366302410
1 723957262
1 855505176
1 798130157
1 83127099
2
1 661135694
1 88491865
1 847252217
1 545530267
2
2
1 253503663
2
1 85737563
1 709680237
1 725765546
2
1 878563545
1 711336601
2
2
1 564182169
1 942309338
1 815404163
1 779668198
1 684013501
2
1 151313684
1 750151831
1 936250842
2
1 779821461
1 221226715
2
1 503868101
2
1 315777707
2
1 879025797
2
1 489834510
2
1 62270321
1 995099454
1 521263636
1 715139128
1 297848943
1 391009202
1 278974071
1 719366307
1 843257289
2
1 987565863
1 371612581
1 454238282
2
1 238831834
1 335504784
1 219617163
1 627070170
1 65926907
1 7313774
1 262914215
2
1 423509013
1 581313354
2
1 406574398
1 368201060
1 982828383
2
2
1 464037112
1 953077405
2
1 822091100
1 843220457
1 570720231
1 507248120
2
2
2
1 177226671
1 844210066
1 393654649
2
1 644109754
1 463148605
1 919132116
2
1 398715787
1 879132468
1 222494859
1 936670852
2
1 794460216
2
2
1 576751214
1 788345030
1 928889590
1 169143629
1 150577516
1 611810780
1 100006849
1 508051473
1 47784581
2
1 749920040
2
1 455881307
2
1 225415756
2
2
2
1 287969264
2
1 477895891
1 637722211
1 597189385
1 283133320
1 783985765
1 568015642
1 152689745
1 470178637
1 886070052
1 36401349
2
1 848230602
1 842658982
1 338490241
1 470703351
1 674044897
1 33080564
1 181391922
2
1 534652985
1 119256344
1 87355182
2
1 186405836
1 477191823
2
2
1 532856405
1 169473840
2
1 498489827
1 239260475
2
1 457659840
2
2
1 584521582
2
2
2
2
1 111170865
1 546399931
1 962777493
1 499850686
1 411294804
2
1 182484104
2
1 851678836
2
2
1 87312143
1 689580128
1 109312111
2
1 376382634
1 500845139
1 348154115
1 443715762
2
1 637859761
1 528489827
2
1 694001525
1 105460587
2
2
1 634948270
1 2491519
2
1 158852424
2
1 458398760
2
2
2
1 842268633
1 219121622
1 166751503
1 770823173
1 684731688
2
1 991166788
1 909849242
1 413702146
2
1 484290475
1 445451557
2
2
2
1 870112927
1 500523423
1 102105316
1 677286785
2
1 745634319
1 803293286
1 631284443
1 282823337
1 222344000
2
1 423313012
1 826414145
1 232009810
1 270205306
1 923723324
1 518135552
1 212735177
1 626082747
2
1 346414712
1 31907431
1 547723770
1 705106133
1 805124764
2
1 429476847
1 288243477
2
1 938737338
1 473034300
1 269560608
2
1 941316141
1 132893070
1 318778965
2
1 646988737
1 637116494
2
1 813329884
1 19484926
1 718040780
2
1 100226940
1 572305349
2
1 440544186
1 834257776
2
1 934124760
1 259591470
2
2
2
1 432053001
1 675285893
1 676836829
1 22400194
1 378638673
1 970160420
1 828581713
1 167121373
1 147990591
1 343360099
1 736453303
1 865926200
1 342067783
1 267546439
1 147303804
2
1 923934375
1 228389837
2
1 824757879
1 115247641
1 617558035
2
1 911219441
2
1 855671505
1 480138739
1 35510272
1 641519734
2
2
1 78443120
1 610033306
2
1 884872940
1 779565965
1 60442591
1 364256506
1 326971083
2
2
1 488124759
1 151773706
1 930439435
1 157989304
1 505051673
1 290392643
1 527129902
1 331086366
1 936683737
1 369627430
1 118390057
2
1 337155181
1 725963213
1 251149919
2
1 868464958
1 468950337
1 274207897
1 504005819
2
2
1 427692767
2
2
1 145540076
1 335833878
1 506581903
2
1 27778771
2
1 410183525
1 94036190
1 104122836
1 830726032
1 709439405
1 892254055
1 48494746
2
1 144816369
1 760390802
1 166497983
1 782739480
1 289569562
1 622931487
1 300786523
1 253585281
1 845315314
2
1 884205074
1 411164201
1 272767970
1 117842448
1 586869898
2
2
1 912816397
1 522774313
1 427876753
2
1 975782654
1 842432653
1 729710739
2
1 579679741
2
1 165026553
1 985606267
1 588880792
1 783418260
2
1 222913350
1 257293905
1 626521162
1 788219155
1 993115182
1 141026328
2
2
2
1 160371057
1 342361332
1 254905776
1 271325748
1 20102123
1 298943592
2
1 338573708
1 234660733
1 326369350
1 638252097
1 457389836
1 750437418
1 965384467
1 178457351
1 798759325
1 506080081
1 963565012
2
1 868594746
2
1 331889206
1 41195998
2
2
1 624231116
1 71221756
1 611269920
2
2
1 354043832
1 285172043
1 192274441
2
1 370139534
2
1 970180548
2
1 763814567
1 313570070
1 881033398
2
1 158598436
1 931735173
2
1 831668654
1 241006809
1 8937564
1 169639596
1 730152470
1 242361326
1 680073650
1 182005859
1 580579642
1 638989172
2
1 693335835
1 609740066
1 490355316
2
1 475665538
2
1 426660719
1 203177377
2
2
1 466791320
2
1 138492728
2
1 354719054
1 394996907
1 628843970
1 156737726
2
1 869542429
2
1 531874957
1 360496141
1 25508539
1 963204979
1 946448006
1 684059080
1 252069203
1 542396409
1 361181519
1 325037884
2
1 308329319
1 627474783
1 643652175
1 338620348
2
1 685645221
1 315595636
1 594685704
1 473155528
1 318923881
1 839086823
2
1 576836600
2
2
1 246791051
1 877722304
1 362222942
2
1 904684200
1 981467586
1 530841840
1 163296023
2
1 329857313
1 760926719
1 544268986
1 31346218
1 376562351
1 876908104
1 50824615
1 726605765
1 883326679
1 748923291
1 569348259
2
1 590345085
1 785592446
1 682320822
2
1 113041286
1 23741086
1 947394294
2
1 865036742
2
2
2
1 958895873
1 224136907
2
1 410009827
1 730038832
2
1 192188928
2
1 156810279
2
1 900098167
2
2
2
1 633348844
1 210529286
1 793066822
1 690329792
2
2
1 844052901
1 564884865
1 117974093
1 49727400
1 472455421
1 265068197
2
1 809304380
2
2
1 484171311
1 457620345
1 4705204
1 408823155
1 12443907
1 988568260
1 13308873
1 377769476
2
1 973994672
1 353011225
1 809657851
2
1 461279570
2
2
2
2
1 813944514
1 400801224
1 869348467
1 6479036
1 45959046
1 704252682
1 292986009
1 282143196
2
1 306552485
1 289293037
1 144959904
2
1 822229758
1 388904172
1 568061408
1 384926719
1 670398354
1 222819107
2
1 706246481
1 580691014
1 242406380
1 120796266
1 558221132
1 173756686
2
2
2
1 5063670
1 89838673
2
1 973630411
2
1 262979605
2
2
1 366340454
2
2
1 690146154
1 913409880
2
1 660584910
2
2
1 523529039
1 914872389
1 545831112
1 108915517
1 231413282
1 431230367
1 719199868
1 761450412
1 143660963
1 726865210
1 576975510
1 568922076
1 338281086
2
1 350021165
2
2
1 582304432
2
1 312818504
1 737181739
1 397905732
1 278046556
1 795172360
1 414786922
1 344518694
2
1 60108268
1 531117860
1 872695551
1 173031848
1 920277127
1 759998800
1 152103612
2
1 406507476
2
2
2
2
1 785774066
1 48326250
1 275974911
1 966399603
2
1 920267069
2
1 841486225
1 165746920
2
2
1 370210592
2
1 359025664
1 732365222
1 474065751
1 154755002
1 777412952
1 728199371
1 969527824
2
2
2
1 698637100
1 632196079
1 640023891
1 106102917
1 29931024
2
1 806572650
2
1 506858762
1 549908966
1 955683718
1 413144964
1 758710093
2
1 364251104
2
2
1 459501807
1 628638862
1 674902155
1 194106143
1 879400045
1 575993746
1 70851704
2
2
1 825150632
2
1 150181514
1 668446040
1 216819832
1 627818709
1 430633818
1 71229215
2
1 924567875
1 222579846
1 575915648
1 763441661
1 345286988
1 815390627
2
1 739498067
1 367688116
1 284886450
1 65801143
1 69664912
1 282934134
2
2
2
1 463905453
2
1 281733737
1 958088606
1 501923580
1 47846961
1 871778279
1 625468723
1 795905880
1 425680720
1 359397252
1 688272554
2
1 534725729
2
1 702403310
2
1 717061704
1 626131625
1 97687130
1 564415797
2
2
1 200942008
1 198768720
1 609356217
1 140452194
1 537044843
1 70073178
1 500040288
1 743066478
2
1 22404503
2
1 968051886
1 801265302
2
2
1 511062121
1 93639723
1 338996607
1 605583420
1 31066387
1 902043339
1 547372705
2
2
2
2
2
1 818087255
1 784773207
1 402304050
1 944172302
1 910444657
1 521377258
1 562007193
1 597294181
2
2
1 943726699
1 854227667
1 551095280
1 750393465
1 692423855
2
2
2
1 226961658
1 768218157
1 308315224
2
1 326769426
2
1 113688553
1 940493685
2
1 232884504
2
1 96878899
1 817092112
1 541624745
2
1 333165244
2
2
1 303315900
1 622653174
1 44681116
1 96069428
1 180541066
1 280829751
2
1 887589330
2
2
1 680943030
1 362924712
2
2
1 188642013
1 701251362
1 532301422
1 484103099
2
1 856210703
1 561901839
1 48740657
1 506451074
2
1 662954845
1 258717596
1 779893681
1 780994473
1 8960597
1 695590068
1 782900779
1 962470770
2
2
2
1 776668061
1 176109242
1 506498662
1 313432719
2
1 293003048
1 401543299
2
2
1 270886167
1 780812441
2
2
1 694126759
2
2
1 455580345
2
1 802647679
1 510130458
1 816304993
1 427983553
1 189033469
1 680550478
1 651457126
2
1 3667751
1 227719167
1 485164230
1 698570715
1 861850366
2
1 919852126
2
1 873344438
1 223889271
1 184944994
1 370091164
1 976878522
2
1 832874010
2
2
1 219616738
2
2
1 509347458
1 203524222
1 513975331
1 829696155
1 717226721
2
2
1 711842729
2
1 283040653
2
2
2
1 571197017
1 615051928
1 827215621
2
1 187580305
1 707353089
1 545342100
1 796685996
1 461622151
1 253833072
2
1 55458283
1 792530719
1 970070574
1 875529543
2
1 774409104
2
2
1 118960843
1 506224270
1 938335112
1 820279695
1 286263074
2
2
2
1 328153710
2
1 884447750
1 590750278
1 507031586
1 570753917
1 188977934
1 696311436
2
1 486658472
1 375464880
1 592097840
2
1 586348473
2
1 182381384
1 269789248
2
2
2
1 390838539
1 665802718
1 848649934
1 476398112
1 312645199
1 558677205
1 730879987
2
1 362345611
1 988851176
1 757426252
1 900403537
1 887060939
1 115888055
2
1 22207350
1 591874317
1 481319820
1 138753506
1 225345462
2
1 467850670
1 187753845
1 851188195
1 26083061
1 565362799
1 980224141
1 190168364
1 453676661
1 498528942
2
1 707525390
1 116308239
1 568684235
2
1 34205280
1 806698611
1 864403669
2
2
2
1 977263365
1 407853202
1 160003782
1 931364685
1 757166331
2
1 287441172
2
1 287153143
2
1 842533318
1 565348816
1 800015233
1 61703120
1 6634617
1 357160515
1 19176578
2
1 971748273
1 867569304
1 710533440
1 473878337
2
1 640021374
1 399168937
2
1 440843622
1 285300464
1 813665069
1 583032763
1 198858753
1 456473593
1 866339843
1 94255593
1 870069551
1 716074455
2
2
1 351543629
2
2
1 328602615
1 30763471
2
1 365817222
2
1 481289130
1 758930171
2
2
2
1 834773902
2
2
2
1 144689566
1 735089476
1 936910768
1 91818878
1 997823547
1 357075593
1 927387029
2
1 492228115
1 811318870
1 219942806
1 493848881
1 545099003
1 14433017
2
1 583722024
1 458760393
1 371420574
1 996025355
1 639443837
2
2
2
1 475652558
1 763623215
1 262727895
2
1 935966097
1 400298552
2
1 826215789
1 480605003
1 471375961
2
1 754055559
1 795259055
2
2
1 63613599
1 4484917
2
1 316341903
1 486455868
1 693489679
1 673208301
1 306807330
1 246612293
2
1 139118241
1 308555463
1 41495395
1 315148196
1 318472346
1 119343739
2
2
2
2
2
1 982692271
1 895057530
2
1 793133090
2
1 519760068
2
2
2
1 510962406
1 111361486
1 147048960
1 422565399
1 209886352
1 544150292
1 616733289
1 580965318
1 315602225
2
1 563168244
1 852343750
1 788596954
1 293576727
2
2
2
1 360235786
1 835751398
2
1 597832382
1 427135264
2
1 951058618
2
2
1 186975380
1 623500263
1 832533883
1 41469336
1 804118587
2
1 217916484
1 627483811
2
1 674330067
1 855079754
2
2
1 550105506
1 329871183
2
1 568735818
2
1 174051179
1 763039327
1 888819769
1 56435358
1 572549548
1 736607132
1 230678269
1 445793311
2
1 209462701
1 590874393
1 402432666
1 146605282
1 557309362
1 798520547
1 910728107
2
1 785813291
1 499235530
1 593889297
1 973143184
2
1 5839330
1 990966501
1 465936902
2
1 443371836
2
1 774999906
1 206782023
1 593404834
1 932018419
1 251126876
1 103776612
2
1 165469467
1 428484875
1 762219972
1 327759395
2
2
1 300300418
1 84930005
1 628568672
2
2
1 358842138
1 671057851
1 162349010
1 73134116
1 637134047
1 26522586
2
1 476686472
1 941960377
2
1 683555480
2
1 397240087
2
1 733986983
1 793830637
2
2
2
1 484522389
1 542885864
1 53293740
1 560160907
1 7288774
1 431454661
1 452091541
1 903980886
1 238082371
1 387932487
1 317364765
2
2
1 687312563
1 318655043
1 327232292
1 204687011
1 795751238
1 569952353
2
2
1 766111884
1 556444079
1 345395090
2
1 816452618
1 489790309
2
2
1 201093827
1 82570317
1 549884224
1 246051771
1 804336663
1 181945146
1 160734530
1 907689957
1 192678510
1 902052767
2
1 399041767
2
1 975514324
2
1 324055533
1 181750935
1 361931561
1 552357921
1 527548387
1 185932373
1 456361308
1 966457077
1 751783806
2
2
1 451071865
1 724281525
2
1 983492787
2
1 504864311
2
2
1 77371352
1 780130865
2
1 900538284
1 239813352
1 615988501
2
1 949064503
1 861536254
1 721246643
1 995442532
2
2
1 167991720
1 183984112
2
1 651373781
1 780735761
2
1 743819601
2
1 933341818
1 84396884
1 18429851
2
1 798925664
1 47845662
1 787801392
1 837463011
2
2
1 588405201
1 712394857
2
1 494580398
1 361822503
1 573048053
2
1 121715585
1 341546387
1 28125726
2
2
2
1 970220069
2
1 780400109
1 187813306
1 332793251
1 411546874
1 897945198
2
1 554718759
1 525328586
1 822838119
2
1 38764342
2
2
1 642082812
2
2
1 717831195
1 211062016
2
1 155655976
1 432737128
2
1 65185588
1 462545035
1 496194812
1 793573921
1 957549478
1 391023884
2
2
1 30740175
2
1 649851351
1 103820904
1 917279010
2
2
2
2
1 448585503
1 407128923
1 636074079
1 475359123
2
2
1 19264473
1 58968053
1 510063110
1 699953128
2
1 970729520
1 222733336
2
1 566687011
1 99437743
1 669729537
1 803524807
1 885438242
1 503712434
1 467954154
1 743153404
2
1 909333544
1 613518328
1 794134710
2
1 507764474
1 895134108
2
2
1 509317019
1 204470633
1 405292153
1 854486793
1 268876954
1 369092176
1 880843034
1 670102608
2
2
2
2
1 723652043
1 433467823
1 812177467
1 138314923
1 97491647
1 440163898
1 130433971
2
1 403061042
1 409128038
1 282916700
1 881831860
2
2
1 329549858
1 854742305
1 501003529
1 510891843
1 835568759
2
1 809031729
1 307396991
1 626639648
1 168773178
1 604815257
1 605161968
1 292581039
1 218036721
1 182865748
1 235468289
1 625406821
2
1 793454808
1 558343686
1 498799351
1 779282411
1 788111725
1 905756684
2
1 837195894
1 306254652
1 230265289
1 835535158
1 110205097
2
1 624666696
1 818157136
2
1 322743249
1 378412545
1 696118980
1 336774014
1 175851948
1 715386794
1 404303317
1 241862083
2
1 589874399
1 26255931
1 885109970
2
1 216524571
1 8615027
1 588077975
1 893368140
1 885430007
1 782290718
1 38503044
1 140692324
1 385872160
1 518427927
2
1 928377512
2
2
2
2
1 749346290
1 473522840
1 493820139
1 938308644
1 379001863
1 520550722
1 448628291
1 737636175
2
1 494611453
1 699907576
2
1 203831742
1 249420186
1 914487684
1 949655415
2
1 669003168
2
1 189178318
1 95848750
1 135797783
2
1 968677109
1 675747108
1 323246072
1 692789616
1 939248531
1 873008439
1 704658720
2
1 350544265
2
2
1 589852342
1 896836809
1 624525211
1 881407299
1 853103409
1 283382870
1 521354387
2
2
1 341198760
1 640668010
1 934080116
1 847400451
1 341265572
2
1 735340776
2
1 140698360
2
1 783429935
1 71160374
2
2
1 653398307
2
1 103069794
2
1 662636102
1 420137634
1 679222877
2
1 592200158
1 197857422
1 575774469
2
1 75111774
2
1 206063481
1 584202582
1 579329736
1 463099683
2
2
1 604890050
2
2
1 592661915
1 947059888
1 444860515
2
2
1 962173190
1 331436301
1 412404205
2
1 649801598
1 449635183
2
2
2
2
2
1 8862302
1 114667775
1 855305290
1 29082201
1 961618740
2
2
2
1 777634522
2
1 661132357
1 189655285
1 681517500
1 700677039
1 935290785
2
2
1 760345427
1 729828323
2
2
1 794535495
2
2
1 416177522
1 1664118
1 977331832
2
1 750741993
1 85521111
1 692205242
1 477898817
2
2
2
1 640704808
1 690544792
1 862007145
2
2
2
1 218161458
2
1 346645017
1 911861066
2
2
2
2
1 158694077
2
1 326320958
1 549834966
1 360926436
2
1 341652327
1 55438847
1 36092071
1 267456927
1 252569298
1 474120343
2
1 571376413
1 692046830
2
2
2
1 590719509
1 591886909
1 747095405
1 190196835
1 249469114
1 333636685
1 501320720
1 366424728
1 205018268
1 170535433
1 701842552
1 125110768
1 71197656
1 344604682
1 265247798
1 743791912
1 137287054
2
2
1 197931114
1 682983970
1 610050189
2
2
1 526661747
2
1 70574110
2
1 321236860
1 42856235
2
1 943021719
1 832418632
1 675901843
2
1 769755601
2
1 951326706
1 458949225
1 291466777
2
1 149276132
2
2
1 998937600
1 818701440
1 782313000
1 704055767
1 795233950
1 640219522
1 836467320
1 508060189
1 768375184
1 790626584
1 901952404
2
2
1 68574295
2
1 652073740
1 361385821
1 495153844
1 603133884
1 939218146
1 464819218
1 283025954
1 322846503
1 249054958
1 242881388
2
2
2
1 36146868
1 746448127
1 50900050
1 383298768
1 829527521
1 250205218
1 686585712
2
1 962662724
1 681226596
2
1 470480652
2
2
2
1 517460659
1 792794195
1 64526001
1 8426418
2
1 882268200
1 461312475
1 320220567
1 602433813
2
1 285649972
1 665066283
1 794432104
1 823690216
1 417476371
1 828804154
2
1 857771074
1 480838367
1 628950583
2
1 144668442
2
1 963094367
1 280836261
2
1 575666802
1 217529538
1 799338070
2
1 463454861
1 405006995
1 192445539
2
1 28564691
1 943737968
1 905382861
1 418502529
1 562950975
1 422053342
2
1 109101950
1 597862918
1 9945912
1 15125274
1 523815600
2
1 703376312
1 967535240
1 249222731
1 331800419
1 520902572
1 418050934
1 117897217
1 476824097
1 425917750
1 468692384
1 151639866
1 945701313
2
1 694056349
1 433003560
1 607951646
2
1 691926423
2
1 523423456
1 353579594
1 300771359
2
1 520849619
1 74950947
2
1 591198031
1 379906970
1 879913993
2
1 196242643
2
1 536520456
1 38035399
1 177005109
2
1 401254768
1 70947588
1 956811271
1 572031858
1 440572260
2
1 224132376
1 119990676
1 391570930
1 983731171
2
1 246517943
1 940400022
1 78794199
1 727234708
1 530157215
1 580250791
1 955815737
2
2
1 788243577
1 78604177
1 75305218
2
2
2
2
1 339662886
1 781738652
2
1 851535898
2
1 980924913
1 647878305
2
1 754364127
1 770544087
2
1 809272563
2
1 336712797
2
1 982654134
1 349490689
1 482283465
2
2
1 969250005
1 730045853
1 103785395
1 985995395
2
1 353781795
1 577092304
2
2
1 142184267
1 529920458
2
1 946904187
1 624711759
1 39865864
1 684621544
1 664113325
2
1 566376751
1 133273193
1 421889709
1 365001543
2
1 543201026
1 129012674
1 514493920
2
1 61221866
1 392899937
1 806898252
1 298716218
1 744673913
2
1 371747782
1 21805220
1 381877240
1 39136759
1 833298222
1 130229093
1 549955581
1 271665988
2
1 322584121
1 507515275
1 695369813
1 653377884
2
2
1 71983509
2
1 153849326
1 789512967
1 614516259
1 492270093
1 840437957
1 116661307
2
1 453295662
1 397164981
1 51403109
1 137487544
1 904877889
2
2
1 352521150
2
1 807407397
1 501856568
1 728769865
1 600594118
1 704195240
1 243731106
2
1 385465397
1 761915621
2
1 36759457
1 251590781
1 143927171
1 581602353
2
1 314144417
1 418531178
1 478440807
1 524574147
1 746380986
1 559013583
2
1 431673534
1 138716048
1 215906484
1 576841144
1 791878549
1 706018494
1 327384859
1 245339305
1 747441974
2
1 438701098
1 198773170
2
1 401502270
2
2
2
1 314216641
1 731076513
2
1 375477339
1 492452202
1 353440522
1 733032465
1 596706473
1 403771467
1 72094882
1 248954153
1 948258231
2
1 502179481
1 169369425
1 151047421
2
1 452139739
1 530929270
1 401548703
2
1 949049046
1 786834098
1 108190114
1 61726588
2
1 848657251
1 798894292
1 965692700
1 48645228
2
1 717266178
1 943884912
1 110695842
1 870101083
1 338134993
1 463965209
1 889558745
2
2
1 464732886
1 413320785
2
1 776513624
2
1 847382930
2
2
1 842508438
1 37812038
1 918187238
2
2
1 846111461
2
1 200880364
2
1 265283089
1 691693340
1 980921094
1 877887098
1 146543273
1 357885220
1 810553008
2
1 35379841
2
1 902989034
1 878055557
1 855203417
2
1 653834538
1 455095190
1 227995051
1 495665995
2
2
1 941856980
1 267865027
1 273255202
2
1 726238022
1 870864813
1 753526768
2
1 855220397
1 328031279
1 797733996
1 362356128
2
1 342323514
2
2
1 848919208
1 797148692
2
1 602791839
1 949066588
1 262425212
1 370441559
1 390976212
2
1 909035659
1 46208653
1 418002425
1 360217031
1 989315834
1 640877321
2
1 615788266
2
1 658224697
1 785538675
1 517387499
1 306324259
1 687484166
1 984210680
2
2
1 289438032
1 457080127
1 331187334
2
2
1 830059714
1 627478155
1 429038916
1 579245732
1 971993933
1 8047824
2
2
1 779968985
1 682524222
1 77210868
2
1 341189815
1 540219611
1 17798519
2
2
1 234857339
1 574976778
1 788569256
1 232228720
1 440194761
2
1 938079747
1 590705643
1 464640867
2
2
1 480312894
2
2
1 124515932
1 318379714
1 174192358
1 660901790
2
1 493675307
1 354029016
1 404226301
2
2
1 138241194
2
1 133810518
2
1 424554751
1 292481543
1 299655371
1 147583971
1 713506990
1 81742130
1 199573207
1 218779533
1 505224127
1 117934090
1 183751636
2
1 839445071
2
1 396153389
1 846352121
2
1 764185271
1 135890703
1 910296337
2
1 519965314
2
2
2
1 378071075
1 214444620
1 615949139
1 789742289
2
1 557808932
1 980745169
2
1 916141332
1 420838475
2
1 975175191
2
2
1 306432638
2
2
2
1 752732899
1 939226313
1 137282037
2
2
1 21518805
1 337508929
2
2
1 73359860
1 76758417
1 683087000
1 870719862
1 582897183
1 989323237
2
1 582441282
1 21333491
1 774865154
1 869566549
1 513619220
1 5374880
1 772298385
2
2
1 107369066
2
1 713520026
1 936838252
1 321301483
2
1 384705130
1 921782110
1 607491383
2
1 500111312
2
2
1 857100133
1 706485648
2
1 15721583
1 939565399
2
1 614545927
1 279345261
1 194195108
1 574722516
1 183305508
1 474142811
1 962237097
1 466929799
2
2
1 193351542
2
1 385731316
1 532344143
1 378497573
2
1 223632871
1 206328870
1 212052457
1 653316867
1 583290264
2
2
1 636702554
1 686143316
2
2
1 642654390
2
2
1 651135730
1 693857395
1 225353982
2
1 38445877
2
1 106099991
1 604720966
1 655246862
1 706185797
1 424115093
1 844055580
1 150274861
1 25864732
1 243685508
1 716991143
2
1 938084755
1 186086475
1 483627291
1 893136448
1 49835531
1 266359563
1 583702675
1 261722963
2
1 871193673
1 609710739
1 504463589
2
2
2
1 441117789
1 578500187
1 130607102
1 72239383
1 243313316
2
2
2
1 276562693
1 705748255
1 583988835
1 269926436
2
1 606096222
1 430284814
1 484899608
2
1 274514993
1 415296089
2
2
1 555533298
2
1 953826992
1 890544386
2
1 424226270
1 476626101
1 489004254
1 617995898
2
1 577323967
2
1 294466632
1 103643189
1 144998332
2
1 312992865
2
1 11047155
2
2
2
2
2
1 405868436
1 1455324
1 454210188
2
1 222851048
1 858677556
2
2
1 94656353
1 707421522
2
1 257230578
1 915826511
1 181740584
1 602565386
1 629772402
1 810783157
2
1 220765735
1 194136423
1 80621658
1 441129197
1 981838004
1 575698706
1 517405351
2
2
2
1 571433844
1 836126539
1 766696347
1 350759012
2
1 11990979
1 202835915
1 284135508
1 767332518
2
1 921864952
1 465060190
1 101663279
2
1 876315589
1 883562500
1 483358984
2
1 154019578
1 208270131
1 999663544
2
2
2
1 271899014
2
2
2
1 894524887
1 27044200
1 629895477
2
1 267554339
1 951094188
1 55455651
1 196384577
1 178849858
2
1 178582008
1 758639814
1 525754228
1 284350008
1 340839952
1 106954716
2
1 798482223
1 387377601
2
1 796799972
1 567133064
1 557836680
1 372858241
1 304642922
1 337185613
2
1 364182419
1 750603001
1 439610471
2
1 440103753
1 545364043
2
1 513115220
1 810007448
2
1 686203505
2
2
1 118450800
1 131999113
1 200781739
1 265724625
1 966373073
1 540540623
2
1 599259433
1 893105718
2
1 958769285
1 163913087
1 348332587
1 364111968
2
2
2
1 674414579
1 635242813
1 952608130
2
2
1 482812094
2
2
1 875043802
1 966934121
1 355474591
1 461138401
1 506188583
2
2
2
2
1 226231304
2
1 88131718
1 554134451
1 486268804
1 426815301
1 204150451
1 20308686
2
2
1 497450296
1 428490205
1 594950181
1 858857011
1 132401372
1 796560363
2
2
1 572319847
1 197950697
1 910004583
2
1 105162319
2
1 340826006
1 905203303
1 820242349
1 647564949
1 323445605
1 239817866
2
1 65210357
1 917007917
1 668942851
1 877934253
2
2
1 149867597
1 386970283
2
1 266559326
2
2
1 112644957
1 822327183
1 619571007
1 911085087
1 846695133
1 516870331
1 114386556
2
2
1 725155563
1 663878925
2
1 493875435
1 771205666
1 966429490
1 595400755
1 368553037
1 316316681
2
2
1 215023150
2
1 210875597
2
1 45081757
1 48749815
1 526805522
2
1 817122083
2
2
2
1 669504094
1 406163012
2
1 731121674
2
1 783381500
1 843278450
1 969615868
1 520947765
2
1 163065380
2
2
2
1 483479250
1 852233462
2
2
1 991659185
1 27627730
1 6742613
1 215817281
1 218864192
2
1 352695683
1 430309173
2
1 996309236
1 345863997
1 502215442
1 470649998
1 27968417
1 125051222
2
2
1 337082943
1 3537431
2
1 586457877
1 910376898
2
1 481913171
1 505707451
2
2
1 334261816
2
1 194589236
2
1 78948851
1 266973607
2
2
2
1 610295536
1 467104285
1 471579716
2
2
2
1 272715552
2
1 83806517
1 832320316
2
1 803766684
1 833702927
2
1 177930761
1 543121540
1 744557524
1 667219719
2
1 63219835
1 418586223
1 391019072
1 569181012
1 784384307
1 560237579
1 765992079
1 789209888
2
1 728806655
2
2
2
2
2
1 872578377
1 157387335
1 100735796
1 20479475
1 522526886
1 662888238
1 826374321
2
1 57210679
1 46315103
1 466646601
1 20294726
1 18922646
1 958895906
1 744826817
1 726703799
2
2
1 286567178
1 875908288
1 358844434
2
1 165197054
1 486097095
1 687100621
2
1 278232571
1 992554903
2
1 882249408
1 689011864
1 578104535
1 20007673
1 744093489
1 690388070
1 853411774
1 192378228
1 6136160
2
1 627655846
1 104810789
1 947984376
1 29181163
1 519978221
2
1 503727596
1 934063842
1 22010547
1 964958535
1 511696817
1 52493781
1 512662128
1 527034414
1 788552579
1 81178816
2
1 464872121
1 473538324
1 398112219
2
1 173020703
1 582560275
1 248820740
1 61865052
2
1 382071935
1 952857468
1 402483196
1 110604414
2
2
2
1 867885078
1 178045675
2
2
2
1 237281983
1 984436882
1 579914516
1 44410835
1 210846303
1 83124813
1 281439782
2
2
1 436208185
1 314734149
1 411173288
1 635582953
2
1 924911217
1 2174413
2
1 549923523
1 838411176
1 122383362
2
1 2986811
1 459057056
2
2
1 355382706
2
1 193827625
1 954230920
1 766082383
1 255636088
1 888201965
1 425130894
1 921777305
1 48961408
1 914493537
2
2
2
1 950663258
1 28020591
1 654285955
1 665081095
1 865505911
1 23226926
2
2
1 716061849
1 353134352
1 374472423
1 851160205
1 644844395
1 700017086
1 588501508
1 574595361
1 338357071
1 115970305
1 211433723
1 739393888
2
1 366573253
2
1 952285384
1 797348657
1 421757049
2
2
1 733306748
1 59550533
1 237066940
1 599602317
1 535644738
1 401518416
2
2
1 920314030
1 471550693
1 66129572
1 215042208
1 15309757
1 557754941
1 347092223
1 816928892
1 393362349
1 255888409
2
2
1 516684935
1 12009137
2
2
2
1 29571951
1 444123024
1 324313838
1 812008644
1 506450588
1 814926030
1 100696598
1 297132394
1 496587623
1 978877896
2
1 501554739
1 62925562
1 207323739
1 482792645
1 517905091
1 447936752
1 342422115
1 866445353
1 279680067
1 427352092
1 287348087
2
1 739595716
1 792841995
1 432523246
1 207991704
1 547173627
1 373030265
2
1 834262829
1 175079970
2
1 732871331
2
2
2
1 366998557
1 885292678
2
2
1 382394014
2
2
1 863657131
2
2
1 919080937
1 48095661
1 619449651
1 735127059
2
2
2
1 289220814
1 363425437
1 144413471
1 349318123
1 704626010
1 880378312
2
1 770512030
2
2
1 861325075
1 669653453
1 945195997
1 59545725
1 826308032
2
2
1 254820010
2
1 644939572
1 25908283
1 423204788
1 972913676
1 709126744
1 206776454
1 771482516
1 840988475
1 437610288
2
1 409786789
1 546878356
1 645428221
1 889418280
1 464751615
1 996602648
1 491496540
1 980426766
2
1 137764358
1 437803077
1 243415449
1 713231319
1 672933752
1 709749716
1 734102444
1 808326331
2
1 454237448
1 284050730
1 335667708
1 736260090
1 517239785
1 881193435
1 717527545
1 375675725
2
1 892278633
2
1 295491319
2
2
1 293081407
1 542325857
1 235351743
1 555576328
1 670826080
2
1 960008975
1 350195674
1 889346841
1 913355148
1 913448821
1 302668806
1 591330368
1 911463875
1 394359024
2
1 951509944
2
1 824363437
2
1 754428848
1 543809515
2
2
1 29628247
1 811177718
2
1 171333814
1 656524263
1 102167819
2
2
2
1 392071193
1 763807627
1 825447668
1 607108022
2
1 19113374
1 902489457
1 260897614
1 178908832
1 651922040
2
1 90770985
1 758068226
1 250214945
1 645219336
1 127246451
1 933559586
1 157317404
1 905995410
1 903525743
1 626714876
1 681212934
1 379578321
1 879363037
2
1 132863993
1 283360644
1 471188247
1 166423420
1 464026579
2
1 156566468
1 337329482
1 441051093
2
1 633509403
1 677683893
1 526537361
1 669548553
1 733224587
1 336416744
1 473137857
1 856660937
1 748373540
1 242555074
1 814944673
1 962187400
2
1 601239020
2
1 474336941
1 648391499
1 236830232
1 492588141
1 412481102
1 563166532
1 318926205
1 899617076
1 672365502
1 614449469
2
2
1 773236546
2
1 475509553
2
1 59997497
1 612224879
1 494073939
1 767191143
2
1 324833621
1 187904866
2
2
1 51389077
1 423187841
2
1 724962899
2
1 538642434
2
2
1 9832423
2
1 295752258
1 882808021
1 181355217
2
1 631861429
2
1 237371369
1 935044675
1 575143777
2
1 283195453
1 614399151
2
2
1 869686630
1 616082972
1 827242687
2
1 90915510
2
1 342346818
1 935925392
1 670796858
1 295937389
1 900516405
1 77378641
2
1 491095065
1 209089078
1 290055456
1 582715461
1 650941289
1 227795314
1 223307662
1 624090154
1 285520503
1 885144600
1 870292961
1 822681928
2
2
1 220867933
1 409351615
1 762524838
1 223949995
1 570447618
2
2
1 541743844
1 737520327
1 639592824
1 7915551
1 676910424
1 637043222
2
1 590510996
1 677988522
1 900360358
2
2
1 372829232
1 537395731
2
2
1 485799451
2
1 706333730
2
1 167145618
2
1 151231463
1 168539430
2
1 842282007
1 20207056
2
1 596411562
2
1 177694260
1 387150402
1 338997203
1 522492704
1 930616454
1 230886280
2
2
2
1 646282252
1 75448592
1 38294335
1 600869218
1 88793089
2
1 138854339
2
2
1 871560673
1 486679524
1 847138004
1 98185625
1 559924540
1 79001299
1 997777540
2
1 59763868
2
1 1280825
1 955881159
1 992389767
2
1 197951376
1 342964200
1 205769680
1 645700304
1 127782575
1 207942920
1 70453012
1 714366788
1 509732515
1 394130190
2
1 881927205
1 470745111
1 804077002
1 405320202
1 31796510
1 692989236
1 414676605
1 84938534
1 140072550
1 908145443
2
2
1 238785058
1 978174696
1 241857220
1 443552957
2
1 474949338
1 635929236
1 5255872
1 539357827
1 692297938
1 300035252
1 899110540
1 145624170
2
2
1 711019358
1 931316245
1 820581189
2
2
2
2
1 932056608
1 919680514
2
1 953592667
2
2
1 178828252
1 734832144
1 789099392
1 44535290
1 401328194
2
1 813959583
1 851628957
1 313194408
2
1 535631583
2
2
1 938495310
1 168025966
2
1 587671663
2
1 856917560
1 354669293
1 971574518
1 290335857
1 677212624
1 219632543
2
1 54620268
2
1 423792844
1 44425889
1 560033045
2
1 447329358
1 422456301
2
1 331696174
1 29762215
2
1 341299779
1 935306542
1 65234677
2
2
2
2
2
2
1 456988646
2
1 150061076
2
1 851986185
1 145137374
1 691827551
1 986386308
1 108701298
1 174186355
2
1 10790421
1 493958163
1 896138682
1 531568392
1 383990972
1 5342635
1 412150326
2
1 690158341
1 820209192
1 230368193
2
1 139474702
2
1 855270199
1 405017807
1 518954666
2
1 536591713
2
1 272045916
1 380235536
1 221006
1 476024076
1 566784583
2
1 104124174
1 598259324
1 537242108
1 187770291
2
1 260980976
1 508969880
1 805294857
2
1 96004880
1 636945640
2
1 20080619
1 191279436
1 154299148
2
2
1 257958579
1 722989301
1 79333186
1 726934495
2
1 388859643
1 618444616
2
1 22857715
1 772104229
2
1 636158097
1 579701290
1 128952695
1 262843625
1 762925677
1 341858801
2
1 289471595
2
1 324879863
1 748893724
2
2
1 526663015
2
1 839039032
1 543265322
1 723920329
2
1 694672491
2
1 50405116
1 134802617
1 501893737
1 80724426
1 533299635
1 947190334
1 846245467
2
1 382925689
2
2
2
1 919378096
1 153201695
2
1 328047268
1 88313399
1 342699673
2
1 505641618
1 49097847
2
1 905294853
2
1 609079654
1 587680114
1 947525602
2
2
1 133222510
1 155133713
1 449034961
1 949907526
1 833734495
1 635631399
1 801774022
2
2
1 838130588
1 391359675
1 169319375
2
1 233087284
1 202340373
1 101836312
1 204719346
1 223578401
1 763925167
1 524215393
1 186482693
1 641137058
1 905643183
1 242327244
1 160667262
1 408235773
1 314433951
1 691277009
1 937268439
1 577194326
1 272241716
1 605061861
2
1 352157207
1 678722477
2
1 527393675
1 179555042
1 202859135
1 443548549
2
1 993525042
1 745030923
1 765303868
1 438551735
1 288612921
1 496763572
1 468112316
1 989238701
1 294125525
2
1 750069952
2
1 642154800
1 429616660
1 568359861
2
2
1 744118138
1 894102144
1 825655262
1 823788433
2
2
1 276228870
2
1 662271936
1 344243562
1 58329306
1 477775841
2
1 429510288
2
1 521162555
1 510010067
2
2
1 479614743
2
1 909792083
1 415791158
1 708273290
1 982866612
2
1 619857286
1 274349615
2
1 433620752
1 14060542
1 518787337
1 475147112
1 1555349
2
1 189058496
1 157824354
1 997715184
2
1 847322569
1 589899412
1 78989197
1 878525867
1 980098368
1 762801076
1 104170925
1 650033981
1 611296465
1 827880089
1 166491126
1 818071399
1 585695428
2
1 113908331
1 94873033
1 125737273
1 759934475
1 103269748
2
1 847311164
1 377024712
2
1 790288704
1 131739372
1 142015159
1 309489186
1 247775824
1 790539556
1 94596048
1 933970997
1 39299630
1 240923576
1 47776393
2
1 891992179
2
1 352722326
1 11961715
1 558042843
1 777986070
1 962260540
2
1 190647992
1 382123589
1 611987106
1 882149913
1 792524479
1 915507721
1 229878195
1 734745858
2
1 398638373
2
1 909703582
2
2
1 506823174
2
1 995754704
2
1 330162114
1 587342921
1 970355976
2
2
1 518999226
1 662969262
1 872977385
2
2
2
1 674484601
1 97299809
1 129397341
2
1 715845212
1 423677690
1 639486732
1 417735546
2
2
1 610738126
1 816869107
1 836314394
2
1 981702456
2
1 730261499
1 587224191
1 94102370
1 907606051
2
1 360025934
1 177328327
1 914163430
2
1 899109050
1 253496390
2
1 899367512
2
1 11591160
2
2
2
1 13797093
2
1 745442269
1 214013013
1 570822025
1 816022649
2
2
2
2
1 163989482
2
1 489566384
1 389003406
2
1 306105205
1 349260522
1 858314429
2
2
1 825517324
1 156791463
1 712122691
1 742690077
2
1 66320657
1 254037165
1 805139776
1 971875165
1 265955946
2
1 193795337
1 364683181
1 599315702
1 389318465
2
2
1 122516406
2
1 802472658
2
2
1 544981145
1 486647521
2
1 40375938
2
1 214987618
1 65294376
2
1 40496977
1 650371071
1 955982937
1 964256099
1 242567156
1 206424910
2
1 569113790
1 576801773
1 114392298
1 610936479
2
1 614176388
1 532649316
1 275776931
1 669618476
1 836659722
2
2
2
1 739725801
1 804621560
1 418907591
1 767562987
2
1 162771043
2
2
1 422271411
2
1 505790258
2
1 524163268
2
2
1 842390113
1 233198443
1 110611383
2
2
2
1 753152307
2
1 552379251
1 355490705
1 194870806
2
1 258930711
1 215062251
1 422707500
1 69657061
1 71317869
1 732673222
1 472368748
1 23692092
1 284355491
1 25703527
2
1 437440250
1 982719499
1 699183181
2
1 944893293
1 876620541
1 447508573
2
1 223615992
2
1 324860287
2
1 30054224
1 410274365
1 325722554
1 25026484
2
1 833183043
1 225350647
1 416838039
1 190595955
1 707104667
1 120629575
1 898979055
2
1 794182122
1 247885739
2
1 39375610
1 192652198
1 772662495
2
1 733644820
2
2
2
2
1 530401320
1 291330693
2
2
1 597068430
2
1 967913138
2
1 960280666
1 872685540
2
2
1 138587310
1 763073802
1 734379122
1 202553407
1 511169837
1 68084097
1 616883070
2
1 849469125
2
1 798173235
2
1 812416327
1 964561135
1 49400777
2
1 4030802
2
2
1 959274063
1 759275399
1 870985836
1 296341869
1 749999082
1 168701826
1 348994547
1 66101958
1 53319220
1 797457717
1 143458895
1 697352929
1 251273267
2
1 773571398
1 921753380
1 199741840
1 123736018
1 552754814
1 294815806
1 290356317
2
1 180453324
1 402267575
2
1 359147568
1 264035290
1 653786343
2
1 262017576
1 675125552
1 619870380
1 681602621
1 851167749
2
1 984588698
2
2
1 215866505
1 606852491
1 788037328
1 772686544
2
2
1 535300145
1 170247292
1 399840024
1 930235648
2
1 501653115
1 694119520
1 574957548
1 918471322
1 873306472
1 128455406
1 590406552
2
1 55744756
2
1 687314536
1 156684906
1 514286062
1 262765601
1 990557306
2
1 20690807
2
2
1 983919201
1 706094737
1 176041757
1 764197151
2
1 642053091
1 348347487
1 518901227
2
1 916168400
2
2
1 717681062
2
1 750668255
1 736381293
1 384325768
2
1 105384817
1 182479124
2
1 168926083
2
1 299284044
1 448100637
2
1 194681863
2
2
1 51267437
1 638792633
2
1 247013817
1 290920510
2
1 603703460
1 669565876
2
2
1 935358353
2
1 449999633
1 929179999
1 103904232
2
1 287459392
1 238545833
1 795402940
2
1 835419548
1 46259048
1 199845250
1 423482202
1 270028577
1 575732714
1 70245789
1 353125734
1 866965767
2
1 422320250
1 616135397
1 41049285
1 982503787
2
1 251316976
1 555410701
1 15085144
1 959556322
1 873243055
1 404844477
1 300930512
2
2
2
1 398242691
1 651749060
1 142870901
2
1 64668641
1 486532718
1 360201980
1 160090890
2
2
1 914344565
2
1 852694595
1 807547601
2
1 757970165
1 904793178
1 963742505
1 95868634
2
1 607929237
1 442486595
1 644162684
2
2
1 958350501
1 775355514
1 741280094
1 78846171
1 456908701
1 250792083
1 859691181
2
2
1 618331048
2
1 66734648
1 247341860
2
2
1 596228241
2
1 811612873
1 837156934
2
1 841070262
1 991074792
2
2
1 465945415
1 845216346
2
1 869048673
1 465055539
1 372748254
1 577689370
2
1 121655170
1 881397895
1 30784213
2
2
1 652818832
2
2
1 311798128
1 757761241
1 278262868
2
2
1 131016467
1 53475849
1 552232763
2
1 494581951
1 694720675
2
1 557719936
1 831601694
1 687004196
1 854088911
1 614696438
1 413201156
2
1 348656560
1 406946095
1 349988002
2
2
1 737288086
2
1 90119299
1 585441317
1 863362637
1 806285458
1 217527743
1 592464786
1 686671998
2
1 165441631
2
1 380542529
1 399935270
2
1 864872666
1 652697540
1 2182119
1 76179181
1 341241032
1 916929833
1 58058966
1 77844457
1 14546763
1 209363077
1 524828902
2
2
1 450430561
1 697802641
1 835670860
1 336741358
2
1 805838961
2
2
1 785775183
2
1 553242367
2
1 10251148
2
1 774972193
1 939744205
1 930313756
1 211770711
1 305417644
1 979277744
1 92078831
1 836085818
1 923061967
1 138351086
1 822373872
2
2
1 606468389
1 80279976
1 72806648
1 301642828
2
1 18118387
2
2
2
1 504202638
1 710598582
2
1 237636024
1 920453675
1 272545055
2
1 252713792
2
2
1 851614602
2
2
1 314104771
1 232784607
1 470017787
1 634567451
2
1 574687620
1 73428497
1 256768951
2
1 468673189
2
1 542680293
1 891390037
2
1 355587033
2
2
2
1 22009141
1 992663438
2
1 117488187
1 889268829
2
2
1 238784677
1 320547103
2
2
1 744930114
1 294106513
2
1 557569022
2
1 595426514
1 762095762
1 769138153
1 401374679
1 404587216
1 831373752
1 289193388
1 344522792
1 334810858
1 186162182
1 634370808
2
1 978153698
1 986849995
1 172800664
2
1 574712137
1 983234978
1 132845026
1 211843643
2
1 213570627
2
2
2
1 368476692
1 606969817
1 194748585
2
1 914446560
2
1 666041389
2
1 896632581
1 410950101
2
1 443138922
1 761701947
1 411174082
1 430687504
1 485812119
1 319370698
1 882229803
1 435697675
1 167293431
1 594674932
1 541992798
1 421765560
1 713198735
1 745492483
1 415255447
1 360798604
1 283796489
2
1 15236735
1 136064896
2
1 599263077
2
1 752338511
2
1 689124479
1 637122973
2
1 480918145
2
1 244639303
1 560254018
1 757756913
2
1 74888564
1 881225710
1 435467575
1 542732487
1 727716858
2
2
1 968760584
2
2
1 801657534
1 729527846
1 555831705
2
1 398256138
2
1 595065914
1 413623708
2
1 403347977
1 777249872
1 944682656
1 848036025
1 57774927
2
1 533751984
2
1 622966081
1 168655486
2
2
1 965947614
2
1 130845966
2
2
1 263742105
1 129226748
1 600867568
1 456515657
2
1 107216855
1 270286777
1 609861739
2
2
1 423592437
1 32628851
1 630248844
2
1 9546082
1 635154833
1 924846717
2
1 369433078
2
1 330936950
2
1 940384471
1 370681574
1 477149846
2
2
1 464045366
2
1 507969949
1 717580257
1 974860773
1 553630541
1 765973582
1 540354096
2
1 38728884
1 432329398
1 38514713
1 946811702
1 669953419
2
1 70966146
2
1 970538760
1 775953391
1 827799832
1 225015287
1 424262092
1 224886180
1 987362657
1 516454130
1 464056507
2
1 492844318
1 858772368
1 112529376
2
1 267504681
1 782760353
1 67972584
1 695587720
1 686614295
1 252514837
1 106372017
1 447238564
1 813593221
1 17490218
1 81391340
1 829324809
1 918933709
1 965167686
1 443596446
1 198167897
1 555626650
1 921995566
1 489338309
1 792762653
1 287975593
2
2
1 64294620
1 566774234
1 5276915
1 472789377
1 866410630
1 350291181
1 184018765
2
2
1 709171813
1 270496683
1 546259965
1 476261533
2
1 288905747
1 331316564
1 865610253
1 278132208
1 835734475
1 66243974
1 766856975
1 367548823
2
1 103972310
1 361060279
2
1 88781785
1 199624771
2
1 772442254
2
1 622865144
1 647730379
1 193046707
1 207178982
1 40977494
2
1 371874439
1 51932269
1 284240709
1 547718440
1 305992308
1 652526526
1 20760906
2
2
2
1 54807768
2
2
1 294527471
1 989230818
1 125851633
1 899904649
1 358316779
1 759360222
1 989161662
1 266281321
1 94645583
1 750553400
1 844623691
2
1 207812102
1 796693342
1 812550505
1 96908236
2
2
1 855736601
1 857284257
2
1 228189712
2
1 912146341
1 302300156
1 32393379
1 366186907
1 385425687
1 317983195
2
1 133657978
1 290013892
2
2
1 518429184
2
1 180170715
1 501918878
1 532467232
1 435553910
1 616171071
1 219992272
1 719056049
1 70929612
1 491265918
2
2
1 577858810
1 207929757
1 569296004
1 341011740
1 605683102
1 805134923
2
1 783194743
2
1 806582084
1 993361879
1 976813121
1 973833827
2
1 440703768
1 253507605
2
2
2
2
2
2
1 332833903
1 380692293
1 70811300
1 422296525
1 634289848
2
1 817356358
1 987728821
2
2
2
1 93811733
2
1 452375511
2
2
1 862563615
1 250381530
2
1 811925805
1 420834660
2
1 372788945
2
1 875403774
2
1 552538013
2
2
1 920626968
2
1 46454521
2
1 468086369
1 847648665
2
1 153867089
2
1 32663140
1 226369716
1 979171165
2
1 372362289
1 100057171
1 185964330
1 144514469
2
2
2
2
1 577639602
1 322793630
1 695802605
1 797416225
1 775033205
1 929185980
1 875371280
1 819851315
1 689850607
2
2
2
1 15524526
2
1 594133522
2
2
1 920667650
1 932107769
1 219650061
1 942559040
1 492991721
1 760096305
1 933440472
1 482360545
1 700130685
1 366410081
1 844477652
1 118555978
1 774131102
1 169344303
2
1 89037927
2
1 716934114
1 487001279
1 445008604
1 124821880
1 770658447
1 831270413
1 653704575
1 276737281
2
1 428943702
1 150138263
1 598590434
2
2
1 968380554
1 277663909
1 281640737
2
1 313166504
1 374503211
1 387936622
1 620145334
2
1 220493345
1 505144723
1 470160341
1 539559100
2
1 161446228
1 590533861
1 398641211
1 288806427
2
1 650380674
1 85153720
2
2
1 962229209
1 592561234
1 406060145
1 718753692
2
1 881592982
1 931137344
1 602270318
2
1 886102307
1 907562067
1 851665641
2
1 318537981
2
2
1 125586938
1 48781648
1 70371234
1 119204576
1 893892894
1 40923877
1 231354112
1 693721023
2
1 269806411
1 618455187
2
2
1 245139850
1 267022331
2
1 420228157
2
1 627375235
1 749077759
1 852819218
1 105608177
1 199946898
1 386412240
2
1 203337760
1 897813011
1 50849476
1 338571050
1 908569688
2
1 537146663
2
2
2
1 676602671
2
2
1 338298932
1 170625785
1 357732070
1 267692904
1 116370468
1 456561984
2
1 78447898
1 460885562
1 754240210
2
1 60347318
1 344457655
2
1 137762349
1 455941150
1 477329995
2
1 793358751
1 899661620
1 179833490
1 807581979
1 685363798
1 259192383
1 628608024
1 461007776
1 592771291
1 418583367
2
1 187632901
1 477927165
2
1 727505881
1 979917399
1 795218939
1 647348735
1 380577928
2
1 959898390
1 364883949
1 541517187
1 371678341
1 629514254
2
1 176763076
2
1 45434970
2
2
1 387213170
1 969167474
2
2
1 180617918
1 417756949
2
2
1 576981807
1 202785825
1 656755936
1 686856436
1 124979282
1 929278420
1 860749187
1 632865789
1 889074792
1 130675030
1 39896340
2
1 753349062
1 572367922
1 984083128
1 929981522
2
2
1 549763832
1 691531991
2
1 492372014
1 351155663
1 881218957
2
1 390685169
1 883312825
2
2
1 492047400
2
1 828063534
2
1 102047535
1 519682552
1 122110467
1 599384424
1 107714722
2
2
1 687930076
1 214636449
2
1 902852024
1 227533503
2
1 431296635
1 609770393
2
1 509638049
1 196156454
2
2
1 140752357
2
1 944434756
1 180560733
1 771851564
2
2
1 536364907
2
1 456006858
1 15190348
1 865375293
1 317863528
2
1 117790694
1 444100084
1 809783102
1 498019963
1 345049300
1 110638061
1 397523167
2
1 191633873
2
2
1 199470674
1 682532633
2
2
1 867336156
2
2
2
2
2
1 958270992
1 590755363
2
1 614048013
2
1 48109595
2
1 905079955
2
2
2
1 914237568
1 653404977
2
1 783075169
1 581149444
2
1 806086279
1 742891254
2
1 861365829
1 388849320
1 751249931
1 890949171
1 711453244
1 197719307
1 747492535
1 470516745
1 560776268
1 588485113
2
1 366039506
2
1 134875311
1 100864901
2
2
2
1 110303181
1 181407087
2
2
2
1 753677387
1 867036577
1 671813551
1 484563019
2
1 945959129
2
1 179844383
1 253780987
1 876984938
2
2
1 384751132
1 499074916
1 180113522
1 174943978
1 521939534
2
1 651082080
1 52720944
1 212299158
1 393376770
2
2
1 598216465
2
1 492360824
2
1 979271680
2
1 117653078
1 540809891
1 320494783
1 305869232
1 48566285
1 379363699
1 829510577
1 381964965
2
1 396645297
2
1 805904809
1 633246706
2
2
1 699894323
1 596714538
1 446296126
1 704996783
1 888533703
1 696436541
2
2
1 272852678
1 679505193
1 861730038
1 775110171
1 55200963
1 953657981
2
1 102005820
2
1 916812122
2
1 241071251
1 520976627
1 980745363
2
1 303424363
1 761634703
1 406123690
1 837070532
1 646270390
2
1 751116875
1 688118849
1 732527585
1 157025872
1 461735184
2
1 461395267
2
1 650855636
1 605010374
1 483769623
1 519795526
2
1 282839865
1 535824432
1 416185741
1 544262075
2
1 289677230
1 853020787
2
1 725782620
2
1 523332753
1 638082700
1 153517412
1 932533880
1 325181423
1 760355233
2
1 23836206
2
1 113698437
1 238495557
1 976740611
1 379898200
1 204970988
2
1 845317582
2
1 923898422
1 844989496
1 662105476
1 268456027
2
1 39047159
1 923217278
1 657641089
1 689381588
1 525081821
1 453994873
1 395946222
2
1 944963212
1 542943600
1 225537122
2
1 888055119
1 561345803
1 376069762
2
1 871447599
1 449662338
1 41193616
2
1 324876344
1 982519527
2
1 406261080
1 32454826
2
1 101935466
1 863692231
1 421242461
1 738787907
2
2
1 181613542
1 645631853
2
2
2
1 995083442
1 383889559
1 704572914
1 607162030
2
1 18364041
1 159146952
2
1 208223208
1 705065953
2
1 59059553
2
1 221112989
1 892373435
2
1 17674061
1 493241506
2
1 112741449
1 209102466
2
1 665239954
2
1 948397530
1 242098440
1 767754110
1 256195417
1 742995795
2
1 19240106
1 294874151
1 511508667
1 119944653
1 569075724
1 705196937
1 317638955
2
1 228717799
1 636902671
1 455453982
1 449408198
2
1 493642813
1 360211283
1 748378002
1 128629925
2
1 951984109
2
1 835591644
1 620351610
1 499537169
1 152633989
1 860015334
2
1 975013894
1 40279373
1 857274464
2
1 867709218
1 112986561
1 104993410
2
1 613833067
1 373453774
1 223187380
1 69766440
1 607919134
1 399253076
1 482462798
1 962732226
1 768516430
1 69016971
2
2
1 652781253
1 332442878
2
2
2
1 702594486
2
1 742044702
2
1 895596156
1 930224624
2
2
1 460992042
1 94853720
1 217041368
1 227809512
1 894206156
1 489826564
1 102046630
1 900007852
1 323166117
2
1 36667250
1 2717511
1 862648884
1 900977130
1 270172699
1 939701849
1 174000498
2
1 797272650
2
1 773186140
2
1 145328955
1 634182687
1 237913494
1 266074815
1 598897469
1 419905533
2
1 297109123
1 268887066
1 545974049
2
1 623861787
2
1 637202947
2
2
1 767360430
1 143251299
1 636428131
1 925106600
2
1 793842486
1 710624065
1 992532590
1 591613917
1 746234889
1 159624859
1 811322396
1 114143858
2
1 547088150
1 504025023
2
1 688660813
1 96194130
1 838333515
1 394369962
2
1 452386856
1 143960495
1 554379596
1 132924371
1 581374637
1 342019814
1 668464021
1 700946585
2
1 844174644
2
1 324283449
1 7328147
2
1 510264658
1 81633971
1 744862296
2
1 445890436
1 540744457
2
1 927147471
1 829585394
1 249071477
1 563706342
2
1 928126781
1 11299685
2
1 178979357
2
1 628118206
1 799157082
2
1 369452863
1 26821206
1 269619726
1 251016071
2
1 451292429
1 797468427
1 271664032
1 490579068
1 663069971
1 893833854
2
2
1 434660877
1 339975111
2
2
1 666342812
1 562099912
2
1 127610690
2
1 67503155
1 607657796
2
1 252491287
1 762998413
1 306452326
1 286632933
2
1 420483242
1 635599761
1 956646240
1 563667318
2
1 714465812
1 7287595
1 602062154
2
1 955817845
2
2
1 653752181
1 82961310
1 312629541
1 879994461
1 548036416
1 60911736
1 188142108
1 951071750
1 845836524
1 601225182
1 671813649
1 888027514
1 154385998
1 81674807
1 206550941
1 657069106
1 736281992
1 506166580
2
1 167108957
2
1 127641403
1 138303157
1 73177975
1 393242041
1 669717814
1 336394268
1 839905646
1 64757340
1 718482159
1 168823524
2
2
1 330478699
1 739935342
2
2
1 988354702
1 530878404
2
2
1 153152582
2
2
1 796015726
1 784551805
2
1 637165881
1 312122322
2
2
1 712871302
1 635105362
1 128372678
1 956170311
1 151177807
1 725108522
1 773099948
1 991575724
2
1 463987765
1 126266529
1 148817086
2
1 229173472
2
1 151735593
2
1 778932200
2
1 414327216
1 153135506
1 936398491
2
1 301041677
1 618000370
2
2
1 723631729
1 197249840
1 725788168
2
2
1 471936549
2
2
2
1 101197609
1 517711592
1 283673585
1 479896076
1 801458358
2
2
1 554704692
2
1 392813091
1 255046501
1 586975293
1 512065969
1 706571034
2
1 760574736
1 362613528
1 659105468
1 662493735
1 787558405
1 589037796
1 325914282
1 914388626
1 681232899
2
1 694138002
2
2
1 441342470
2
1 530544677
2
1 266875075
2
2
1 480069729
1 938603814
1 731676329
1 492124069
1 521391611
1 719491008
2
1 968138569
1 408096560
1 973077944
2
1 417835500
1 306689905
1 137616183
1 912411472
1 898408605
2
1 863328522
1 296881813
1 840396204
2
2
2
1 409733588
1 619894482
2
1 152824307
2
2
1 431945030
2
1 657919914
2
2
2
2
1 432725654
2
1 644429482
1 362758485
1 934556498
2
1 607921330
1 439256290
1 551393788
1 196384358
1 92285622
1 414412820
2
1 850323160
1 814915014
1 765722693
1 234475711
1 231986081
1 891223664
1 294349572
1 311284492
1 794131287
2
2
1 969930926
1 404070412
1 590932285
2
1 567655939
1 616576605
1 768805368
2
2
1 627693689
2
2
2
1 133841908
1 291489676
1 477227083
2
2
2
1 933155841
1 581170293
2
1 895493622
1 420004612
1 654489109
1 219758613
1 289908857
1 384053093
1 507700586
2
1 383572879
1 472525501
1 882146059
1 90998498
1 333873623
1 138998829
1 281427187
1 961674354
1 836391742
1 215727247
1 800683799
1 811843981
1 630053940
2
1 803655750
2
1 630621482
2
1 634194541
1 224724215
1 533135372
1 298701314
1 405905863
2
2
2
1 538037435
1 394343081
1 389081702
2
1 333318128
2
2
1 325946719
1 509562938
1 458846257
1 200681011
2
2
1 197559689
1 816355511
1 417787738
2
2
2
1 544573016
1 475718886
1 788854235
1 794698057
2
2
1 381943832
1 126222232
1 25079442
1 808158868
1 559426000
2
1 41337144
1 553931516
1 441105884
1 285155043
1 509976437
1 284970030
1 486070105
1 322095585
1 341871335
1 40748058
1 873403671
2
1 595795418
1 513441778
1 72869792
1 397901497
2
1 150385224
2
1 527999828
1 200945766
1 869313494
1 257250524
1 302396257
1 433133552
1 425772058
1 200710441
1 709217037
1 305182351
2
1 471963341
1 918826484
2
2
1 154654508
2
1 663935894
2
2
1 714291038
1 576561135
1 740917054
1 291899294
1 252948197
2
2
2
1 183182209
2
1 592714394
2
1 512514009
1 242100399
1 478388412
2
1 710968310
1 26866021
1 63566918
1 489709022
1 872023827
2
1 396752905
1 874041813
1 707013926
1 868471898
1 891560090
1 610792295
1 745791770
1 460588732
1 677406881
1 963621336
1 477643376
1 813410552
1 639786650
2
2
2
1 753786799
2
1 632169790
2
1 224364448
2
1 528632670
1 674904066
1 794157286
1 791059000
2
1 234089411
2
1 679828414
2
1 619808595
1 754962531
1 706351595
2
1 660833778
1 200565800
1 318018377
2
2
2
1 377927945
1 550397880
1 549164041
2
1 897686487
1 470246206
1 819285393
1 238778480
2
1 290571139
2
2
2
1 695656229
1 444827738
1 891480770
1 992938824
2
2
2
2
1 291087736
1 420697498
1 131164788
2
1 372980183
2
1 347426030
2
1 825891760
1 302099672
1 97651813
1 851184825
1 542100631
2
1 381512140
1 757459044
1 324298214
1 293075995
1 577605261
1 672201711
1 567815424
1 848659299
1 742099195
1 191022393
1 453106044
1 538586876
1 658461245
2
1 3388264
2
2
2
2
1 415225268
1 428945109
2
1 994649968
2
1 659880746
2
1 121083619
2
1 714390666
1 160360061
2
1 578287001
1 523564473
1 584786088
2
1 410574213
2
1 745059608
1 871857502
1 835145522
1 447685687
2
1 408307480
1 942155999
1 262463192
1 773646860
1 487110223
1 720916246
1 41451723
1 541571229
1 436117045
2
2
2
1 859332563
1 512757261
1 596902658
1 786843936
1 958394280
2
2
1 964477748
2
1 759578460
1 462065375
1 7545713
1 27954968
1 728085521
2
1 194842639
1 721295924
1 179998339
1 295758019
1 754019859
1 658902987
1 958296502
1 732113538
1 540163745
2
1 904772070
1 989298764
2
1 687006992
1 478949293
2
1 348782196
1 725295256
1 923000982
1 225250791
2
2
2
1 99605556
1 372333608
1 871269891
2
2
2
2
2
1 976486419
1 596449067
1 12215920
2
1 933280807
2
1 479291089
1 921973623
2
1 638399306
1 302028500
1 637202309
1 895278539
2
1 297227412
1 42700543
1 405148857
1 865811214
2
2
1 611679144
1 905627320
2
2
1 910337738
1 58894674
1 304303378
1 59901210
1 882506343
1 102755800
1 971664770
1 437564631
2
2
1 342736008
1 251367380
2
1 238779320
1 127669883
1 914852099
2
1 688966845
2
1 769054939
1 10730813
1 784005418
2
1 761231921
2
2
2
1 631735373
2
1 799085542
2
1 229917727
2
2
2
2
1 178397409
1 258277355
1 484360567
1 81011962
1 187607990
2
1 475954143
1 196422933
1 105496182
2
1 509803993
1 700851775
1 539787121
1 143510321
2
1 731709257
2
1 174029646
1 402298812
1 753460001
2
2
2
1 528520973
1 73177104
2
1 589446547
1 144097871
1 211518488
2
1 573768936
1 118879649
1 456631944
1 497403379
1 511966814
1 258666808
2
2
1 64349708
1 822373168
1 551589042
2
1 16833236
1 589817477
1 826617003
1 843288764
1 822783699
2
1 861520758
1 692906779
2
1 145519033
2
1 837471247
1 868005616
1 12277032
1 262886918
2
2
1 678685940
1 988534193
1 473900948
1 663509001
1 727095176
2
1 676290075
1 459173071
1 474539166
2
1 942800368
1 599478228
1 634652110
1 855892928
1 844991504
2
1 312210043
1 93248324
2
1 537858456
1 718846852
2
1 604290612
1 302624772
1 546057800
2
1 887983225
2
1 10859988
2
1 959542115
1 562779994
1 802339231
1 996619706
1 716639623
2
1 138871771
1 628544158
1 172477437
2
1 331285180
1 922569543
2
2
2
1 719126860
1 461836570
1 239115967
2
2
2
1 393254378
1 102567700
1 696761750
1 973458394
2
1 213592295
1 847074232
1 840196576
2
2
1 320473994
1 644365906
1 581424216
1 217746957
2
1 130009337
1 282815198
1 974014744
1 296512019
1 738470003
1 761037279
2
1 439928021
1 994013568
1 405854170
2
1 942059838
1 916431414
1 891928304
2
1 925666787
1 341848927
2
1 641278626
1 837595734
2
1 213656642
1 490946266
1 844810612
1 287353071
2
1 926088728
2
1 934897647
1 656522516
1 417068318
1 309565685
1 252788837
1 648085735
2
1 26577068
1 417098071
1 140805844
1 888037342
1 121318490
1 806602734
1 28061824
2
1 742288253
1 731406949
2
1 545207833
1 696483631
1 320863550
1 632258107
1 70362150
1 870350783
2
2
1 181711861
1 813840975
1 838307497
2
1 156168429
2
2
1 346798679
2
1 258064918
1 262942297
1 376276356
1 371830803
1 8651126
1 645054025
1 933248831
2
2
2
2
2
1 999701014
1 380450599
2
1 895449367
1 278491225
1 298103233
1 583772612
1 533971732
1 768822730
1 160014375
1 707601351
1 402339766
1 91667082
1 210139334
1 313893387
2
1 992716068
1 639522968
1 451973765
1 910190865
1 502039745
1 354929907
1 826265827
1 949688189
1 711260276
2
1 461010749
2
1 666527777
1 961307265
2
2
1 533746869
1 722643474
2
1 807089953
2
1 993057471
1 857322767
1 980264327
2
1 766517600
2
1 349526772
2
1 910311498
1 340932282
1 681638794
1 43776898
1 338834998
1 590071519
2
1 886726669
2
2
1 85051367
2
1 522397972
1 870491734
2
2
2
1 714634049
1 836945774
1 245407557
2
1 465567331
1 496318369
2
2
1 858969686
1 500376191
1 375224755
2
2
1 499371834
1 399384351
2
1 61506620
1 889126249
1 588901587
1 861791056
1 755126591
1 36436050
1 677840873
1 187444017
1 115225483
1 285853511
1 472951286
1 813587768
1 86282900
1 656785757
1 755205654
1 179410479
2
1 624511306
1 937797476
1 347247171
1 236120610
1 667816009
2
1 536178093
1 646807325
2
2
1 879255543
2
2
1 766856139
2
1 226980193
1 803097288
1 510539519
1 40788681
1 267290258
1 143687125
1 516402429
1 880812702
1 831378156
1 435538388
1 215809240
1 700881048
1 962064057
1 713302663
1 561837826
1 169303447
1 646239617
2
1 489225143
1 934603150
1 202269225
2
2
2
1 635780735
1 695247473
1 551424519
2
1 996008733
2
1 380929950
1 454009412
1 339387169
1 427508002
1 21792205
1 40210845
1 187805003
2
1 267344308
1 991521829
1 420726980
1 366341511
1 950012012
1 200389722
1 843042944
2
1 435998673
1 190745573
1 375051401
1 449422605
1 405729934
2
2
1 981507730
1 676382503
2
1 594081005
2
1 926542404
1 828263054
1 576621594
1 958713037
1 925196841
1 432227187
1 774765630
1 640307944
1 388311042
2
2
1 461884585
1 296322897
1 971467855
1 897471587
2
1 726628006
1 57622578
2
1 703869655
1 620161379
2
2
2
1 373069003
2
1 815673400
1 949084044
1 579758285
1 229192382
2
1 822831291
1 395984034
1 873277255
2
1 798904442
1 955897094
2
1 617657402
1 390682414
1 926077656
2
1 974341392
1 617131574
1 549016478
1 613036916
1 741470946
1 580573588
1 190321518
1 480266898
1 145754027
1 601156898
2
2
2
1 243539591
2
1 702457670
1 810954841
2
1 893768025
1 433573405
2
2
1 965359818
1 562319541
1 939527148
1 475074165
2
2
1 65230326
2
1 674980296
1 977170155
1 236721532
1 865076666
2
1 190336434
1 540115511
2
1 186412313
1 868729660
1 358727987
1 245533665
1 426026909
1 1394169
1 646393213
1 134181240
2
1 380649081
2
2
2
1 600436340
1 123875483
1 796582475
2
1 836067337
1 974585175
1 314965927
2
1 670850009
1 522396246
1 589620117
2
1 814886109
2
2
1 950406056
2
1 911381626
1 802773313
2
1 391391249
1 108234242
1 866677253
1 939973210
1 179470724
1 561871775
2
1 491399016
2
1 644861645
1 764765690
2
1 603908185
1 287229624
1 483830741
1 351050109
1 898846903
1 339640941
2
1 193204271
1 626551981
1 372957654
1 120176975
2
1 830948660
1 435196884
2
1 679699864
1 687214070
1 820095651
2
1 320923127
1 595491805
2
2
1 609697798
1 255554206
1 202497850
1 701268034
1 167709744
1 468429325
1 864731499
1 740936652
1 122215445
1 24523448
1 59507440
1 889069389
2
1 602301469
1 385155099
1 258335625
1 16209347
2
2
1 545005253
1 373506709
1 766322891
2
1 231055914
1 719285388
1 558381447
2
2
1 336206900
1 946312504
1 52510290
1 436227019
1 180157193
2
2
1 643045218
1 256967206
2
1 583934995
1 595907467
1 204742309
2
1 426020831
1 509738032
1 563808279
1 714980528
2
1 685080079
2
1 101694284
2
1 354671861
1 963819993
1 933267133
1 209529788
1 842613250
1 471783792
2
1 586980020
2
1 869426750
1 917604191
1 891390766
2
1 615929619
2
1 543650307
2
2
1 328876833
2
1 244190371
1 863862134
1 140624782
1 8774866
1 96035352
2
2
1 207111664
1 623991318
1 879243492
1 540988880
1 885441217
2
1 758903703
1 224419551
2
1 33036786
1 918719769
1 739712335
1 949982492
1 510197116
1 356326711
1 977629330
1 632382566
1 353106511
1 498107891
2
2
1 296291451
1 313101848
1 339750229
1 650396843
2
2
1 582498030
1 519199449
1 520420025
2
1 756149611
2
2
1 691465859
1 71534327
1 300111763
2
1 308965423
2
1 625205628
2
1 946283913
1 920029324
1 767051280
1 731302767
1 264163485
1 916729479
1 872368659
1 282448530
1 221121918
1 943360938
1 485482050
2
1 530541819
2
1 652094113
2
1 618352000
2
1 560629959
1 925525491
2
1 738030075
1 387129126
1 870006283
1 25387105
1 691245136
1 154010986
1 462175593
2
1 70333577
1 82300883
1 248324514
1 644464309
1 968055869
1 334233337
1 174803664
1 4181741
1 150042902
2
2
1 721062973
1 642425959
1 434091971
1 192214282
1 458552172
1 642922001
1 527534991
2
1 557189571
1 871161027
1 693200044
1 789714770
2
2
2
1 700119107
1 955547698
2
1 614081550
2
1 412704378
1 745542662
2
1 692580638
2
2
1 293676866
1 978661371
2
2
2
1 855131251
1 150734618
1 388978798
1 804597557
2
2
2
2
1 76558969
1 781363813
1 917774397
1 511675398
1 985860706
1 90632056
1 282603864
2
1 851742810
1 92385679
1 381249624
2
1 39556909
1 423732043
1 634902554
2
1 599307410
1 998060995
1 710663679
2
1 185877592
1 337727404
1 843034343
2
1 109099112
1 628091352
1 113004221
2
1 636722932
1 147277518
1 850507110
2
2
1 31960156
1 461469708
1 740621450
2
2
1 57431051
1 88837804
1 11674647
1 599065332
1 854047651
2
1 169855708
1 704356663
1 854941702
1 509814717
1 120934530
1 850820892
1 766623453
1 878740555
1 20324942
2
2
2
1 566776433
1 499316875
2
1 184799475
1 826121648
2
2
1 978545919
1 604384954
1 773475794
1 87019326
1 402016104
2
2
1 618027285
1 741780600
2
2
2
1 813740178
2
1 260744742
1 270866472
2
1 849563687
1 763407101
1 479136497
1 158064213
1 169674207
2
2
1 383800177
1 571906025
1 12957556
1 534338970
2
1 355005391
2
2
1 208923307
1 523179995
1 267456080
1 20872729
1 991845626
2
2
2
2
1 661930480
1 984895838
2
1 75637224
1 137568872
1 68850750
1 739697807
2
2
1 516420765
1 382129893
1 376697062
1 347713856
1 618753636
1 346170804
1 469544843
2
1 905902807
2
1 815007466
1 519134462
1 805495071
1 729075547
2
1 584280474
1 868218570
1 954707034
1 506489248
1 281284953
2
2
1 316701689
2
2
1 442087494
1 288170040
2
1 675182907
1 856572338
1 969440186
1 737710909
1 194960843
1 97329995
1 826757382
1 890253683
1 435467156
1 984391530
1 562955832
1 674766823
2
2
1 950398632
1 523985268
2
2
1 692542162
1 724147382
1 140033483
1 842455508
2
1 996551048
2
1 812580631
1 994633745
1 983069391
2
1 263705581
1 108913151
2
1 192567970
1 398630146
1 65553020
1 800231291
1 9583849
2
1 718914294
1 440424970
1 853551662
1 24827347
1 45621951
1 891128103
2
1 329418426
1 139993603
2
2
1 232793638
1 179750602
2
1 385570309
1 692363906
1 905064344
1 320327233
1 400011056
2
1 175725488
1 707727107
2
1 757825813
1 783994832
2
1 569324877
1 449598629
1 865415672
2
2
1 851401751
1 464890185
1 760878627
1 603966474
1 370399765
2
1 3686185
1 94410621
1 881276873
1 581953415
1 927234244
1 85864105
1 237961408
2
1 519459797
1 966650648
1 321109421
1 42684674
2
1 496477823
2
1 177434964
1 510193557
2
1 341854653
1 787222959
1 134892468
1 631557731
1 759015999
2
1 626473289
2
1 326049473
1 807030512
2
1 720471290
1 805898053
2
1 332070517
1 60859803
2
1 723281864
2
1 962198172
2
1 674702585
1 319649687
2
1 392367990
1 754977123
2
2
1 369568672
1 68537777
1 134910918
1 168603164
2
1 534949376
2
1 445879383
1 391524921
2
1 349035050
2
1 869539473
2
1 169648544
1 428653326
1 957518209
1 399987542
2
1 282265604
1 422983687
1 604455450
2
2
1 219813088
2
1 152849905
1 771699461
2
1 181182882
1 872684092
2
1 101232212
2
1 440698630
1 934918641
1 36946706
1 162818061
1 524372032
2
2
2
2
1 816470108
1 356771613
1 526932094
1 898273587
1 955515066
1 115079735
1 934518502
1 413988853
1 284924530
1 444358315
1 954588300
1 267325355
1 955908364
1 15505676
2
1 314148465
2
1 671101149
2
1 348890170
1 747238079
1 958131186
2
1 363773709
1 284834622
2
2
1 346651838
1 36993889
1 205119709
2
1 195609648
1 97762043
1 905255388
1 572971885
1 624776878
2
1 538511818
1 231741517
1 337939112
1 102955061
2
1 154629612
1 976899487
2
1 826540463
1 773781075
2
1 308374499
2
1 33537792
1 209373598
1 608093923
2
1 938491201
1 364925404
1 292973132
2
1 806306841
1 162841748
1 592496355
1 868688202
1 221837307
1 303638145
1 499615927
1 615000641
2
1 807341356
1 801200675
2
1 367656349
2
1 838662621
1 336236523
1 345385775
1 784306924
1 160332294
2
1 450019748
1 673911519
2
1 122620874
1 62641585
1 532116266
1 53240417
1 316942896
1 156806375
1 524860958
2
2
1 152765507
2
1 204607171
2
2
2
2
2
1 989202253
1 637438249
1 703301854
2
2
1 96309472
2
1 793423110
1 305302043
2
1 524354793
2
1 696256061
2
2
1 787753693
1 54432761
1 193543903
2
1 941511558
2
1 372877616
2
1 821630160
1 900595451
2
1 318061958
1 502253226
1 475343900
1 466033790
1 53268645
2
1 184815674
2
1 705074782
1 640534001
1 704350913
2
1 281314021
2
2
1 472384346
1 455674038
1 379885573
2
2
1 423239530
1 641538139
2
1 72147023
2
1 280567883
2
1 303698021
1 96029259
1 860758235
1 923066666
2
1 505849552
1 992989225
2
1 557219550
1 623238052
1 426210571
1 951736389
1 655318141
2
1 519221632
1 999327397
1 4903212
1 695779953
1 851007084
2
1 519818787
1 347105395
1 666367379
2
1 125332020
1 685809203
2
2
2
1 905591439
2
1 292711553
1 760724307
1 518117446
1 361249799
1 973319239
1 585336290
1 785300587
1 649445596
2
1 855938348
1 13580684
1 808099906
1 667863868
1 952270125
2
2
1 429490616
1 292934005
2
1 582085255
2
1 854150269
1 467958299
1 47276972
1 257090760
1 515011874
1 413202790
1 599153789
2
1 188949082
1 860589693
2
1 824896165
1 424906500
2
1 270041839
1 997151376
2
2
2
1 828022083
1 307618215
1 581459707
2
1 901156330
1 243278434
1 472824004
1 240744151
1 914742716
2
1 110363590
2
1 955821740
2
1 139733503
2
1 976411971
2
1 426169102
1 837328326
1 877733561
1 703974694
1 39891173
2
1 968362094
1 580422302
1 173578039
1 192481477
1 871112615
1 249283436
1 400886691
1 877556650
2
1 89672162
2
2
2
1 675235655
1 369151464
2
1 537310579
1 733488237
1 883249219
1 933928667
1 786055564
1 916376194
1 582806646
1 110796168
1 669382538
1 670561057
1 794936562
2
1 260027031
1 821151783
1 152944154
2
1 764021140
1 774317376
1 122614222
1 425235130
1 76919811
1 571660763
1 431832726
1 820882618
2
1 91040322
1 619423304
1 547282738
1 403024115
1 317367022
1 144975453
1 511438738
1 612675053
1 610254884
1 339058965
2
1 83665399
1 631222018
2
1 153882234
1 599336358
2
1 218848923
1 540025944
1 742199491
2
1 502104155
1 595162692
1 865428988
2
2
1 904550746
1 618679494
1 505285510
1 286975422
1 573506619
1 338258714
2
1 600220031
1 646177237
1 286692920
1 224782207
2
2
1 699238399
2
1 110745709
1 153096102
1 922206973
1 608479246
2
1 285260603
1 151779987
1 943313459
2
2
1 676591688
1 530584770
1 492315612
2
1 792813797
1 892718614
2
1 553926477
1 506557954
2
1 165052777
1 959742375
1 518402742
1 883358225
2
1 292514498
1 730460174
1 645294508
1 965934902
2
1 405315558
1 579028335
1 18142768
1 530440857
1 780897414
2
1 860409790
1 737864397
2
1 849554842
1 689218669
1 535935771
2
2
1 448333605
2
1 756832303
2
2
1 981597123
1 322012973
2
1 111775347
1 75600092
1 679134494
1 173560714
1 771022196
1 254791697
2
1 952390666
2
2
1 613437187
2
1 555131056
2
1 42233663
2
1 786445688
1 983260243
1 825379561
1 66027158
2
1 948352290
2
1 687968293
2
2
1 213496875
2
2
1 978513961
1 946309904
1 188491182
1 443646284
1 403342195
1 828499710
1 13965387
2
1 186909265
2
2
1 430682951
2
1 648088328
1 809169702
2
2
1 543437070
1 493683470
1 553243023
1 878191137
1 107936180
1 996153149
2
1 90033155
2
1 16395387
1 312205555
1 551271666
1 787832734
1 139742635
2
1 704983920
1 159311402
1 240130718
2
1 554409264
2
1 157055965
1 411436400
2
1 860393474
2
1 422970897
1 206850423
1 244160384
1 660200746
1 572273982
1 980697711
1 528977903
1 144508888
2
1 39995349
1 706480056
1 833318781
1 679018868
2
2
1 692219443
2
2
1 843170767
1 549983461
1 356986499
1 614931069
1 947423854
1 59538031
1 87481625
2
1 557123463
2
1 294411340
1 216724023
1 820599898
1 33747561
2
2
2
1 144549133
2
2
1 309154347
1 433023660
2
1 642113755
1 777726629
2
1 404545147
1 912338449
1 343633557
1 278298883
2
2
1 313114405
1 285203678
1 359609854
1 451999266
2
1 400932944
2
2
1 911343466
1 102036759
1 581961210
2
2
1 953210165
1 679964090
2
2
2
1 227306218
1 7752307
2
1 873684689
1 692803334
2
1 511674096
2
1 58838978
1 454635035
1 277162419
1 722605694
1 192312044
1 599664343
2
1 629952751
1 858838931
1 84348755
1 805826329
1 593299372
1 814361050
2
1 257888801
1 405634439
1 829590192
1 475072334
1 279676405
1 17725621
1 653156698
2
1 376172811
1 374236839
1 654976183
2
2
2
2
1 731617655
1 424520945
2
2
2
2
1 975746601
1 477699254
1 989680116
1 421982737
2
1 295762878
2
1 183358819
2
1 41603880
1 134509862
1 602086514
2
1 110927594
2
1 184455257
1 419017354
1 459275199
1 445950624
1 250677528
1 418873232
2
1 466522837
1 875537557
1 989229296
1 796931063
2
2
1 868367601
1 433244455
2
1 315116697
2
1 532272791
2
2
1 313726368
1 428242177
1 556721526
1 625860484
1 534500920
1 959954629
2
2
2
1 835883693
2
2
1 21177503
2
1 252413765
2
1 551182589
1 815261496
1 579216344
1 955740401
2
2
1 934679959
1 155291487
2
1 638338944
1 215814670
1 673369959
1 121104421
1 401071606
1 326857253
2
2
1 426539888
1 491775652
2
1 852294426
1 177831673
1 946905797
1 937476901
1 497437893
2
2
2
1 96624428
1 745802022
2
1 318267453
2
2
2
2
1 218466532
1 135793138
1 918697154
2
1 563606152
1 31950201
1 237803554
1 112410695
1 449846392
1 95728483
1 693978003
1 589303498
1 340737763
1 873502286
1 343948209
1 890457548
1 402073055
1 703539371
2
2
1 644158881
1 139885857
2
2
1 977403656
2
1 557348748
2
2
1 497599313
1 326652518
2
1 841701902
1 991125379
1 345724053
1 644827635
2
1 785524399
1 92295201
2
2
1 217808209
1 501139700
1 199640960
1 635124267
2
1 323530300
1 466423419
1 223417062
2
1 763017597
2
1 610880817
1 33052369
1 294379470
2
2
1 20214567
2
1 759833613
1 719882921
2
2
2
1 723631729
1 26288055
1 237157383
2
1 25504428
1 494089524
1 776557713
1 167196310
1 612682830
1 199578519
2
2
1 339968859
2
2
1 337781814
1 530429350
2
1 591888299
1 249982290
1 66807755
2
1 916635130
1 707394036
2
2
1 720713015
1 627485689
1 136162852
1 662283492
1 577178902
1 513170886
1 108450031
2
2
1 916969366
2
2
1 472827475
1 166866630
1 928353811
1 400123700
1 711746415
1 3629625
1 179507553
2
1 96299156
2
1 338054915
2
1 664321748
2
1 415505423
1 18322282
1 524834582
1 697506548
1 589759140
1 390840149
1 400153225
1 661205018
1 782406950
1 536524511
2
1 4229460
1 797583153
1 402418309
2
2
1 569914757
2
2
1 777497337
1 428293214
1 650578627
1 887437105
1 525226473
1 54875953
1 664263611
1 213203206
2
2
1 751164535
2
1 941712991
2
1 962666107
1 891815719
1 861634764
1 304618911
1 74708097
1 71154877
1 518800169
1 299438792
1 685559056
1 938891454
2
1 850045615
2
1 909227804
1 471442426
1 32368117
1 601335903
1 770577468
2
1 45336166
2
1 459946454
1 710152161
2
1 803376418
1 28370568
2
1 681718737
2
2
1 569209164
1 202797633
1 132358298
2
1 523536770
1 641364461
1 527783156
1 507756042
1 99159601
1 942616345
1 718680293
1 41252191
2
1 176107381
2
1 299349516
2
1 184990660
2
1 181344434
1 335883728
1 604059156
1 393828938
2
1 297616122
1 461830429
2
2
1 189603154
2
2
1 521637122
2
1 300329576
1 999904952
2
1 694269773
2
1 932388420
2
1 750693518
1 507518079
1 776830402
1 928451570
1 143761143
1 719836074
1 711271869
2
1 813357741
2
1 74467781
1 794313294
2
1 50373429
1 901885909
2
1 228680389
1 6463810
1 862840217
1 702333827
1 84127046
1 763527387
2
1 920467182
2
1 324955601
1 737413665
1 189806102
2
1 877533454
1 329675907
1 426534465
1 881232764
2
2
1 510572064
1 232157376
1 819518764
1 252860663
2
2
2
1 158093439
2
1 86410683
1 326431164
1 399723591
1 165799947
1 495865482
2
1 527704910
20000 20000
86724995 45786299 263745618 317811676 161548141 668660892 442885689 776180607 763699519 753240535 778880677 222696684 595547267 5914222 70777851 150583875 181738120 911583126 502288870 247518888 548498883 880962844 522947443 615475207 423797828 573505678 441981246 40864295 215264239 204049707 489754127 63328999 359697634 18030639 451741763 688307508 209618109 773489181 754371554 914666743 143806867 783786773 154076424 175617744 118392357 902834920 91844926 530029354 279197539 802018540 442086745 494976181 792161349 636162233 737820293 517251216 270401318 373178453 134635106 585754991 572045571 86700555 146678680 411567828 303614745 295040281 700278112 692328016 101129372 239309716 788135327 693017942 717346861 518083540 174043994 903021978 42097609 361988873 802870559 874596158 350118879 520838665 17688038 707222820 117954697 127759072 619216864 786606784 560148648 925049053 575949135 193372964 405298481 650383257 252492090 904492282 580620868 31209277 568180532 860718563 944545105 890793111 997164230 590877842 980882748 637640143 750927975 629536106 712505741 338116573 437539629 874029427 967806332 348016870 274941043 38678726 870033758 672071976 200268718 527019230 34961872 72455357 395093981 7195791 821566054 66854806 304513838 814455342 300401272 396290116 157567609 579070364 573930408 751715121 45884435 41930036 890886521 813432698 196988972 994965871 207230078 933698427 904094046 115948791 823341597 709485409 865285685 129301812 416080128 360567643 770046589 182276160 338484606 806765811 483549423 47205125 13959035 725090019 345396327 17264963 219684719 966717463 980589227 611633012 565855313 765819443 408712442 509239659 483864030 980279432 2874545 577885674 677372409 952999097 711124646 570496760 545544681 12228624 643686687 955001678 6642082 697668803 106885853 851126099 65707427 201449238 181180105 134861323 626959846 26938690 178062333 589660441 68522336 355553091 344381613 632627005 766479999 324144098 266008891 833222379 51091634 459071721 424394227 147804933 777999708 19470069 173923127 877215639 168346303 51251496 218008837 20376190 788192117 439910163 429103630 385517650 911255147 19466914 318973330 859200595 506620887 918601476 604698541 730803840 885772752 43666555 538604444 338325628 364159391 911918889 23225623 891342332 632140450 386605292 740719151 300524373 103645197 537094990 621491297 926533951 818789116 492240866 28223052 730450804 942708144 79310417 853245837 95153122 349094042 506835165 537698188 742112169 815193857 583412039 562364789 268902572 14227410 917221162 356153432 746128457 714581584 223140632 635609255 251187149 255284872 221213764 246135245 231735418 152828096 789262214 848720213 404816457 889102154 620515536 106498985 873720342 612503911 574244332 892075550 560530112 831742173 923358721 294737494 553116275 670168570 155403519 238885257 271176319 447583460 76044755 118765525 459793502 650101196 621824839 933055440 398285338 505484486 21021375 185039891 622607743 79496062 962463704 749899174 950545761 332289846 515869423 502880053 92323030 798174226 43351155 48074556 962355758 398936034 708953534 276787141 37513952 824164475 902316254 400666507 347185419 359282565 214789100 325280906 470533497 589805752 765572047 383322568 640653569 637854164 89954988 463455201 481081741 993787551 465641107 836173934 395352168 470015839 688015805 451583517 649493498 807078798 466759340 650154098 390086266 182440089 518159366 313191328 84510259 76355189 30462730 278237533 970342997 903059843 682750680 968035455 390823991 76915773 621307537 53651117 706898770 832142384 175920219 395452618 400980803 125047564 101785030 380502609 471492083 42796391 59003511 156858117 699539864 118416764 768221895 709484636 626401958 790638753 188191648 945391678 586981956 958268471 441565444 304150419 226082099 905588730 526036138 783787053 20375001 462398507 519735327 517771963 78489414 345676455 708515750 367449615 219158548 981512616 774328423 992104094 760719282 72049436 595642340 474115462 525370156 647251643 660604028 232171072 51904470 671102080 369712651 402829110 121822690 62772725 772045432 599640107 914121633 839898975 443614229 850244462 548127436 673144384 523740309 441352266 906541422 798396604 800386602 323523031 713382893 538729839 635173266 760018724 399113100 961842150 475554928 573134041 895960392 357813211 849442089 141784044 440701523 872194023 613124796 242556812 965708991 499364874 720370718 610298233 231467527 394972389 610434288 824510625 539418246 521267431 625421336 546872286 936474646 946900510 513072277 545370506 217697703 396194324 489743872 223079832 272119655 614632897 282758412 599737127 888491400 900974885 505624265 560895941 387786285 938247820 670458797 353118863 941975034 905608577 766681632 737965550 328747142 893068043 64140109 265560103 719810815 5511122 663695942 865804662 800826593 746528297 310125111 14264644 250552845 351085264 34660692 48803852 444611423 234602111 770076389 59429291 110152272 182263905 371515064 904871825 47982711 138817050 695141793 851379645 553928358 8055289 54819086 643502246 970039976 721003842 379058919 601743140 901853269 797609749 136499899 531446805 11716884 72678488 187064256 853072566 102707620 657241937 63716516 193344807 962248747 999767493 893940388 535023556 757013852 581524612 34997595 743861935 274258858 604567333 660937381 577464481 172812363 824419803 259769524 929175584 919914130 538889552 508715747 872884564 427237875 375814446 230957823 504630728 97942127 623428830 163586546 69457013 884817441 405600744 973031428 718569148 455470630 877271338 323071197 141559407 526579420 464321130 989062165 989779504 316251344 393192233 242357279 827113590 811765956 948093565 903094542 980387959 950815127 77265867 522571561 661564006 115177185 891413613 969719331 85083373 385593627 823867982 550600942 915623339 267199258 256650341 961557990 218550457 511654841 51144208 635428283 159089813 559181274 423496933 771069108 812141503 477235334 830849172 804738066 482339299 201018609 565537628 521373733 790084816 218095852 175505768 181523599 426154545 696056280 408939863 952222763 734080060 568215927 457442096 560942679 774882855 226842936 186563442 839961195 730390858 292280833 442072051 612851842 220516757 388964305 847659282 835490839 110225438 612918864 874528970 199188097 573773133 774968940 363538833 32867276 630387433 865285974 269351174 868514943 290914414 660793369 825681013 440318696 135915094 447265475 233271095 837176684 932199811 96998755 957722394 426667979 27703910 170056326 907242309 617784644 141312641 568028277 290869084 886850989 919500562 336973651 300249783 241611684 101120926 606450655 757235445 577675795 361680379 489950550 159205088 26500535 142020535 579805250 777025825 421514934 226518515 352980715 659675840 940188987 310200714 622402926 223207864 811349036 281490674 531850992 229293530 673991728 660505185 364718329 850291963 460986076 306853348 18152354 562610673 766647628 953887158 194415366 730908072 741097383 794022581 354691932 559694073 485296664 511197449 5504554 74725366 912860973 647236008 87905574 792858612 585031306 831035311 855371641 250476514 150859619 906387565 908416337 835371763 303961011 116851018 650939766 419775672 207748838 947300277 256810434 26241172 244535810 462220003 766590668 648721190 863345606 519408164 299449870 168106176 850747636 517498315 381831841 913399740 416217579 282007959 551632843 156979083 906675483 353934604 578378219 840283144 216387600 698141051 598909728 188887838 793876787 306483847 84404383 404911714 145434476 92592156 513903982 531623079 485818019 590989448 647413102 534910099 848946323 57718859 471196216 710291005 171480119 490459467 564173357 820670788 881891969 343076617 311910511 458073431 173699733 184715793 636776075 864871037 303590417 292451729 464367034 458899277 229246187 644235855 461737593 842069940 997672488 635060774 69634291 676887256 318777914 584980130 639691051 846408204 275262958 375603748 173703178 262160803 859244949 316578006 176113113 402026605 878933946 281503138 733759973 304323144 558776384 801118151 699477092 549240406 385824593 395899237 270657548 611212241 709491917 913809172 265804608 224752076 574757209 495159558 125097234 667484576 738177428 444154330 631933344 754482507 144954765 589000074 294914884 304439896 942594715 237084646 781321309 632207595 991216181 363246681 544851865 445928505 91998717 429656121 491533242 534196006 440345537 967714070 110857858 308573155 222289389 618236716 292272801 78995089 719634894 256362254 515926557 627347410 43828637 520991689 572722333 420412422 946764387 607818498 332735147 263952330 38370488 653749144 122687199 226996187 508796851 420436863 602422048 832162728 565540957 536706448 583548487 41438374 866572842 38940235 772386447 9386951 592379705 180107553 65030680 197122955 637481909 563853638 392656553 342223899 1178881 363798320 184158053 806739673 713223845 166135655 922573438 799240702 70733715 82380054 298268172 426992328 827550535 202320586 533592347 897950542 931042158 86859862 560794090 275166406 494873541 414088576 177089161 181807242 43683357 369178562 816258116 42310141 725431055 525504415 30830377 425735403 110060539 528174773 485704700 407662436 902794365 267924810 874191553 398551150 97477953 919718152 149087480 431038965 595100702 851392474 813525669 714010742 849554683 308721491 89022694 790595933 87474081 366791147 405109101 231541610 282392893 43896389 505576505 720395192 820175894 561943466 827726558 892714619 53138234 714355116 283785528 535952229 955127425 840177192 229357789 449225731 60820118 537594312 971658208 165939479 239037950 233299322 997487934 262684930 170713920 720345689 773694668 997559842 288263012 363573322 611946471 769221481 821906395 406912574 574370220 508614542 160260529 263460676 493468253 934756576 765614098 23838797 915047373 415248963 521962011 803447764 196241695 148949091 894868280 640575856 313063845 31954644 935817486 603837486 213545943 41071489 685519249 736633395 374873984 566626293 752376825 852364286 22176137 904624865 85647321 737659329 992695386 223404399 662038290 186534429 687148123 234424199 420906122 281984423 397797746 283087162 89586922 117122318 590735911 871897099 224106741 239391482 437817880 110587567 686764130 343637981 946124314 254219049 338342027 228841646 928449425 952146472 291508010 497212475 292673543 305076532 36731486 399727086 67805129 182541994 274768383 616004393 156437779 574611621 606381107 512883159 337871664 684795433 308361388 622225279 897780608 21626595 708314779 393245830 67370254 490422523 618671828 964607181 42684725 248763292 300880941 282443869 460438222 988945060 127286325 324392267 209713060 127621125 124422110 702666923 93306519 916522020 883288262 531808068 949165015 978182598 305445680 543127752 4880002 906783127 477316340 335583020 268467617 332960039 152715596 739735686 389611219 6180125 736672621 527388092 892012205 237258633 127914501 219332861 475773279 654088403 871054252 85668062 37381094 492432897 55201688 537551182 266352742 64581868 825227339 949511613 900101929 623587672 925291856 543482839 717879586 473045090 386871569 22738904 930879168 726791668 753104536 734472156 312867948 451010849 100586567 796974372 330273144 433737203 859279874 42853860 902013990 786131620 378925822 247799302 19567596 984302706 23288008 126274297 549042254 612137022 561798492 729928824 247092303 577304613 322923352 418383276 367452354 814404427 264607465 504917773 432264314 894121337 999491698 735744097 5558231 657640814 646747027 659877202 208408661 960422674 954609245 53534754 313955124 37961453 818713799 852958086 759299176 324370772 23247672 306832133 967628314 84258375 465095488 710009911 559422452 738152936 999279539 701394354 620322487 844548118 118365808 29324453 687704433 83442159 408007409 24586756 487426466 333244530 472900890 602612275 705910349 581170724 63355862 981522693 382400060 128002429 520445204 255454720 598855298 806709654 11902232 601033886 266524639 524443549 313695625 176805551 50611909 389755935 868079852 442060199 294726866 87007806 535807650 217137767 565526348 384677375 204416507 738297626 376840426 608052431 14500787 561420104 431368288 897634592 166414115 542957241 106529645 802873159 385938542 471684794 374058804 259312918 580364566 495374197 410480483 243731832 742488641 627548193 622804379 828258246 312662100 408417342 562337708 828441951 487360265 977392374 426715397 667987045 556321290 887823319 214929412 589709234 405340712 324788160 440801864 685200105 591014586 359805383 491312313 946117129 633406071 415151396 683534144 24777245 234459035 96879090 293778369 294225658 904261920 548729639 119531941 441945384 248011341 42366060 474453352 477293211 970413176 113076360 872081618 599736779 317761788 751140563 387065276 188614513 428058139 782298423 468409510 686690058 469776103 259033097 847231673 971471297 967757313 235883897 585876287 286232971 927232852 965401187 798624329 752978015 857744672 897404538 739125486 610113179 532370733 340667807 579714684 83797040 721014707 907072768 858353961 553388735 490728908 434211202 24966200 471228326 512456762 842388380 158328055 63027725 96293288 937741611 956544754 447104136 56661056 285645427 738293791 529630313 977689791 647682378 230633542 387036922 474578463 720298699 766852667 284687719 910070231 670938572 210065330 648975567 373896496 400279594 648858027 137982057 269935467 541861546 898600199 759967680 870438992 189137102 743625339 148415380 157574522 312784690 439888564 102546890 551930494 402781640 854510470 47997512 397735555 781253452 211010815 439395237 859517997 539638921 489850714 150192305 26217782 458194412 628499044 515828493 331474318 268267487 320733505 428734764 878166093 969242287 49212638 778524118 985244166 322935285 629175157 51654187 993397068 538410829 991973558 98756649 861200539 318062957 101031302 37662927 483666270 78099813 461712149 932435981 144933003 375204862 874644920 542641080 143857361 198024941 841642366 939755162 921806314 545455333 229827008 372655010 333440047 67211761 241922009 672560686 979317546 428806138 735151672 933463242 52720077 617082859 246273792 348389183 595656011 860044607 389183954 240004748 458312050 737628802 814794977 90206786 152030077 802472664 547747577 268577816 972572059 521127152 769828929 858468305 413782116 166290907 449126544 11543077 270169273 310909786 360295290 879903210 366113748 569953972 812495319 900130967 705076381 749483737 659161158 698863200 582878244 321334264 998707849 220840675 414159068 742053475 144374134 629293115 577710551 341040554 668277265 554608480 192531770 90695815 114752432 167603397 84480800 374719955 169907263 951070823 332206176 588346790 795352066 177442695 759534948 931846768 507752598 386807098 159066292 124142118 686099489 176358839 955044338 419165740 705459786 518074213 208119621 323920793 818425788 244504705 930794639 209430507 318507107 24239769 470501394 450609733 2628675 543066607 115130407 428423811 249386367 482278791 565973131 82542039 336529456 319608203 315617184 442044601 135159785 903954138 362935657 854244762 651548172 497805942 804355432 3962669 21373016 910308136 659590801 858066309 281919570 301137336 710178500 684447070 935164026 841189765 218009540 641330598 339957804 54383255 948330044 932610477 229366063 466063100 558086463 918530776 472153530 275672047 866150467 23848941 567100988 868704798 908243884 292566878 636120139 185821033 991980203 586101642 475088007 134615478 682319272 750944034 330405482 572932977 741920750 193722705 807277275 397653721 575823845 514024954 386804615 587233629 51823625 876046942 527280167 704837681 425794486 379229508 350061881 976030233 201594598 642445086 37181135 50341309 301704890 289685680 363357712 492106010 309942758 365032047 823631170 332965087 335166708 888211361 226042185 851122922 989964466 537344229 738227510 444958666 161439839 330520547 440605042 145280308 756967684 47416646 303460751 123607702 22404225 786230703 546081443 19779893 35586508 150974425 991110958 265230253 546965049 740236409 625729493 673327757 13106942 462346046 665814891 750988227 907937597 475252871 742002947 304333108 898185777 691580925 618841721 748717354 736948985 457800237 258605592 365125696 291372979 839388324 385778519 567707038 914937774 337233775 673986559 643616858 621501294 287791540 865113664 235597207 501169945 941866119 530948581 971067015 546197650 389932756 563933430 722448363 672775173 262916482 672501581 972229758 554483882 560560284 189917581 245435846 300558369 542029187 846150438 8875462 456634996 315905070 168681143 834924435 989092947 937913327 589956440 515982052 77974235 548596151 718841182 539328722 337461117 272641558 720330506 495101043 148720482 677261408 757561602 180801089 629923805 44443395 16787089 155636400 176401559 203904408 929429960 429023998 428252132 65359314 753430146 706359361 194648192 892209558 808565241 243982821 823522692 621777942 782247096 844950705 204700600 668426424 96582327 973474929 380412315 683591145 861224475 261940202 99308354 542095719 492855852 723872368 376778445 815925359 586425053 306183871 298479900 63371224 180450159 832501210 963470121 795866875 605553236 908870458 547091729 344229044 970657593 441661070 215938618 307725545 717090339 436423900 710706470 469923780 420346997 394404382 602401419 579965410 594916609 229192136 256615743 715428537 208001075 649720931 942216085 787154413 408237661 479969634 768169261 188579695 4086284 753756322 833261910 108221390 592828883 449826349 104721627 472464483 546252242 186753059 40562454 776185713 777545278 113059732 254372253 196773481 668346317 849640512 887057346 103214647 58558581 487481124 944245486 23347670 137547372 514403780 163567701 856951206 974829390 158381907 672547974 575948187 890063976 712672826 736712197 48346112 323891207 208753987 322577117 632519194 796814205 8780848 733642224 746788639 228534151 478024468 580011371 610700618 564887967 270989369 93822447 143127464 85288852 110016517 352400494 591721656 942760880 805563645 42743166 895701353 506551464 502674945 127261930 288994596 9484970 986328656 429597465 213831521 986184346 368281858 368250336 174325017 521016199 462967437 955672857 975431516 990416856 671002602 676549160 829953153 168718932 952130756 929535675 311982024 888620444 288329364 943782096 125576416 208520445 447570239 532816587 157914156 343066609 997792419 751441380 477663136 508591022 630846638 884553215 805677302 91159206 953778492 680821808 431133611 813494379 237732897 531227736 40167262 936015588 849510718 215370065 961186068 730955695 680592019 656669397 193292923 826670178 810275612 780454238 479306180 206752629 336975105 829080469 797081430 363346744 467450874 133148423 535566891 629055735 785327959 21034634 292185398 335750582 925797420 115373889 41638369 386717749 830391597 710303140 782089004 259708992 861248837 892139872 379783587 582914334 497982614 674926356 394978154 117943858 640368043 162410764 94663592 216565434 794753192 666194236 456526268 961881305 607779460 944533985 217230838 392124003 521242863 102598235 736582771 71920844 251003342 203732456 184519963 765889967 51116481 47260206 729639190 795855933 722589024 460921450 773342657 849394708 663722715 604711053 156320435 264110270 775508558 936689354 612459092 183334581 558156964 538891987 155945105 834475660 336010481 343848443 411475824 849565059 745656218 807302492 216132752 232643259 221636543 400219554 743589215 260806605 65403527 4073561 816942889 746245089 351934294 217580896 831002150 531626905 745750400 395158468 452229721 847449917 465612224 581344778 780829496 494283318 576532971 317061090 421292118 740559333 496966278 264838364 922609118 208974852 555315638 947045643 895860066 851803759 616962087 171204944 767399574 253371819 439227245 822472530 708529571 776349759 230213612 167812146 972858064 767213320 916243102 933788953 28584523 89214784 960408925 356758570 75924794 676638548 478744822 264214476 177739622 808905491 932608246 54795658 909955997 101634488 834945287 141307272 353694505 478186496 656788676 21402549 557026472 178060866 951229967 707804898 316634682 605096599 515376623 901870457 246128919 513805009 181153136 50252385 814394076 63120171 48788101 950813803 264785350 813019473 352464942 410712046 659903386 574015771 169157914 681198509 832794626 598576136 804282189 345618695 402750943 506438662 691408212 928072664 136124330 337803955 59754519 695626125 813956431 812065181 245198833 950351445 754786557 180252630 273368332 324555175 982003150 929187409 368570817 502696284 267660512 860555366 489528851 708993094 132556926 48331602 16841057 398162381 397069767 903620208 655014124 656178581 308211614 315861865 322023131 976944440 920714831 747264159 637931736 228290945 643804791 633118818 466003899 818390293 197155407 54580373 193010933 427883702 330859052 919467872 926295927 427055563 362284192 945582807 47207331 198259628 1827486 861133061 123077107 483894892 557592636 115974183 436804922 362296710 183640765 543324260 442965709 329394108 331657860 870234542 373945598 336092137 625619361 135895330 805079045 282916562 877124548 264388103 172155984 765422846 243457978 283685490 834144176 35874917 552103243 291320756 670876185 10895739 969626575 907381837 158823654 756656278 439806554 625792244 388370905 246667697 26089672 212749218 279618375 18785019 197826433 778363193 73220112 514013726 248610479 972530399 983254535 996368315 801771045 800975442 575895466 429903472 896695009 201074719 686581621 409134390 766412748 990909452 872543274 977402738 389065615 744848921 830768046 113291205 553743241 928985193 42149765 341448424 947650845 607713475 242574352 755880145 955603704 901358704 225606838 27340797 552720239 436991742 884345872 699840220 719945500 992003312 659799088 803645268 669379194 719180647 214346750 302463279 451865030 740272395 361967273 591192424 168978022 407336195 8163839 771130086 934736654 374717534 770782273 822820804 951102248 700752158 992607382 197460606 454146782 281879402 794196354 812521097 748429384 210980157 890266524 484461603 421732072 763563107 71171957 706024886 272754596 731169983 212608135 523187735 477476278 476117180 903292969 156935590 185000424 657684012 624161144 956076729 364896363 116434041 544030551 496469933 35794756 843232955 17927893 242636490 770569311 433708244 975838141 994394027 918213974 852133374 742685559 439476798 284606624 88629746 992618876 589473449 427772969 148476422 532875713 25334878 603542877 458624562 221474212 926333386 364264282 432981294 643322847 128355963 237332781 400320677 55902700 568231430 682688768 499500227 447998568 173560768 323522829 767348219 586751878 724827228 939886031 863103691 720779860 639286147 115853780 396908655 828468380 162263564 746648899 873083766 544308944 695637566 7278275 485716812 904822707 490877145 595932632 999641475 901170039 438131459 448509736 583950435 2627523 425928178 743327081 89408007 452165186 657637145 94029420 686694039 330241651 350053321 189306542 421431318 924585085 407812594 271516794 941725787 412866284 597198072 943283404 666732561 126958576 954011245 720104486 850715529 985968595 155625278 703693478 122204 439142336 564042260 620683767 330435130 397215663 102474071 543452160 287914019 713651597 654400567 15421737 614737029 35010856 379953209 597990186 750022058 591723756 934262806 276178122 386803194 437399154 285413987 380151714 14918207 34249548 107880990 644333765 516311474 707938952 125211018 244186688 281846305 265492457 121256474 778594009 579118363 521979296 750078788 157123852 348346818 928250830 435843490 159294027 979255069 881374222 367008078 989743281 852621967 680115151 605706966 459226333 47861272 819667990 78593752 72323432 271860100 527962766 814970731 68208571 256262716 717191767 36531841 62522961 568319489 758182518 629676509 796119353 880248366 863100152 740664386 248274869 756695759 481840217 766305402 496968253 11702759 831245580 107310428 458596225 841504029 711163086 585629734 898713806 900695132 878047168 651024566 294586328 777860337 260067639 887097471 240609704 830262141 799763138 989280359 558878 613740397 949112312 28007958 498867943 762711197 141620483 898159682 299838719 492479414 373449761 343602862 251614911 12321642 128163797 277144488 210921000 237389886 744386764 203915508 987188609 618410317 852277764 150179591 324314596 663720053 84507507 558655869 299810513 853681775 649036207 315707688 320609801 141310457 701437665 241203258 521250834 580436122 828744023 527802649 283338074 359591530 707026471 364424049 558513114 281172452 457043450 544539286 271045509 312418105 647978030 552839050 138977877 430881795 774772068 593649687 291432646 445103331 358037495 778103872 5787541 134299510 824340575 938720387 34215354 51217585 470496592 628212476 999867394 395699549 211531894 40036260 613863617 482349651 2322224 838053597 580192423 611426391 220635758 967243420 208563254 428102692 174440863 949300797 785343356 117068233 78202246 678289666 973406471 578201436 904981857 25375030 987431345 195260401 927266251 4540131 639494965 417195878 989610086 556016885 863301822 172086592 161801919 342475417 416787071 241893751 19586613 577576158 532573093 316829179 410417898 587012311 222088578 486988533 301650537 821561000 637293995 509973590 324165519 536644462 550294323 778134713 762436250 641285305 180905182 92206372 614521990 665508485 661269206 630877287 106352031 528872348 519499534 916981346 22905107 963196706 161294600 299858771 210836101 17354341 939725438 831402449 458786691 980531486 63253278 338960423 310987495 759509235 50626868 853862369 989251317 862592592 447162871 649116602 28130344 131598875 946535556 134670752 359878885 591231065 550902754 495116456 355482518 274182328 657710996 649497065 857481781 116224363 703389544 855159787 988185084 378651546 321420865 922121777 177250379 906105116 118639763 745457197 316123007 794803620 737028887 148002285 914173110 100809904 611525736 803098309 938003978 248238029 506332476 846363485 14941337 934174566 693378022 189237152 407810484 825211290 166549547 42610246 126644025 368488083 85869657 830033837 290197859 841805688 798092043 268597496 714480165 435425264 832911724 107768959 396179996 112079390 205937517 664625409 117995256 777995307 354563158 836911867 273684181 362770832 214627705 353866334 48235603 759509567 675584562 810540802 252896809 268264168 628223232 885176737 791645757 264234325 580532785 527964415 686656054 564759981 978623570 660528580 766321052 390615685 867139205 71984804 801154592 756194820 711706838 546387414 712685811 864361475 194988556 496121308 391579457 263976891 939956638 910683454 758166998 164208906 575397011 818109477 691238251 247784391 514086313 208153213 256558193 19768669 102957621 166028896 14659464 882423696 72469953 227256094 927690641 592008500 542112673 271404762 488142815 263768982 55254248 572863609 289396553 439637276 434281106 573059874 387792340 816329062 973516688 348636930 848248326 70367159 875820399 100639518 778235643 587603245 946929860 709627471 572960846 362008938 873730655 631147017 296838156 536260731 379027319 756871618 343620356 623990001 876775147 261835453 280261002 26850891 865427869 140222594 585503005 808656516 68047886 622465050 505418861 477327392 860246764 645812896 49429513 927540461 418711041 888660361 91133303 263360231 780513157 236422149 69583021 763120783 430799246 749518901 805617629 494587519 536476468 881363957 35268969 318142116 142730174 687107858 759793369 317217939 96710816 441145969 138138571 440090537 76380353 807048721 45504986 223975313 211430950 948290986 276668829 35122622 971558558 539486880 879832683 704028417 161851167 826413945 686847020 453473742 856836171 463655275 566945671 401622528 980259877 453738663 799945043 738649935 685125793 249128069 982821653 216473383 744562862 92169171 122581850 986250012 120012616 835183931 519844622 630172831 200540257 662897191 321618480 602841982 561525154 191071324 15726276 39577925 198644806 745864611 831647840 800570424 568198474 686617689 839640216 210050467 548321266 799617814 530605690 421168021 80331948 963980163 181640260 42995131 120376616 130496055 478200554 15823430 415933595 65533880 317179945 695435261 482490000 50510430 554191821 261582097 830598926 197388720 744209085 788061191 826349734 481527487 915832109 429324113 60197401 71189122 870310962 660948708 537528240 563355337 643794133 478051438 847648483 195752346 542197478 224653013 275160056 934409474 418489727 538866159 886640314 290423955 4693768 700665964 711543835 468824391 706530342 49047013 466989200 787584337 572119713 299481062 986032351 768043513 887716302 454823638 574258275 81024183 311302232 817151336 638568261 797640824 347583161 411831213 302010594 945905497 126956302 673655371 292866891 701421116 473548231 106143281 239650002 923669553 346245630 347357983 836534960 165254860 21700269 828925022 201115727 351449153 596473685 724333217 107193459 679416071 969616237 131080221 452037634 530049765 210607909 106025806 940728067 179161369 611048034 364278073 325447793 218940003 410497007 999038217 619158414 936851301 705798475 253868342 322517910 915379308 20231436 873274784 429512424 249463734 781709463 880826543 482044779 62220980 494013175 724340706 917198212 924756564 760593860 382229766 748003002 486335367 739712955 87623151 774857770 395077194 746713079 817971346 287289017 396013237 396600911 522617284 10283047 681352604 210458087 660720619 903707958 626636474 259965004 732534294 840229122 832031620 981202232 765294373 55720954 416054239 670909747 161049121 558310745 348104967 124188373 215130187 339733901 470462487 723032826 806391574 807893674 597043750 987953207 281315789 670301025 213740804 51454969 32610326 954175563 546888737 804251064 756573908 355826481 101445399 342261382 509383626 937905267 171282048 213007630 101579874 28171552 752391552 393419258 923115414 49446034 487020303 496767793 388336960 952154274 193365031 613278288 795077096 374745076 544315463 654666988 80707460 747564718 153235788 960048129 691060808 729699458 325768596 354421842 503995032 980170536 635098549 664545417 730101238 498349837 725798638 816275575 143684669 54488473 432931628 547353962 837966471 727144690 636020669 788643182 989210977 12682086 491395115 857362513 585215348 161670529 932112126 885392834 419523497 509649493 801627146 980387974 209168489 564945988 746151500 482805149 876348083 371483057 951029091 565384860 791362908 222417338 562936022 18204199 19584803 97598380 212299815 651969750 384240347 942526409 240412762 278225028 119449640 705414644 718059091 60091950 42906480 42108546 606718400 113935614 264534158 279508521 626047213 556858994 863551465 318097962 324389862 458882242 361823918 829955918 920341464 669522373 331722535 886455861 715276261 186849143 861251776 690749827 186858067 121081569 299753817 483533230 552155948 164758745 846733009 903416751 54436109 617504569 258552971 843718349 126748332 195339824 185160448 127129979 656374850 950964732 316810863 761944055 524655178 299158628 627922106 767860827 269729200 115467827 513263830 6750244 912839762 377524525 600817281 302016107 229144088 819021048 742206274 707428700 852426963 253165962 212373500 327018250 463326117 783209102 76049269 923579635 95605553 388607079 165026051 520930435 747511486 658177937 969878887 76732884 846542047 517208778 607166191 872337163 217883978 157399335 938241195 766581094 485502401 684973990 607259255 128012878 789218180 657258609 622066221 793984944 256323084 578382605 659579431 106385112 420387727 319712962 208567255 143482678 808523539 90192654 485443155 302318931 74241514 586884036 754586226 64384935 112064379 92615465 93815949 108249534 603202504 147666835 988343151 806276820 313413184 396253111 234120839 112104087 257172148 135715386 107954864 790071298 768366095 661274298 297474689 756414696 275574816 827304302 548324861 801765115 893018312 797504696 573311249 327909578 569866142 635605882 227195285 731094084 103123320 414838581 897575734 215282886 863196972 179992184 898115385 321199402 877391864 209927228 410797173 211402870 392580531 26989987 106205699 530108654 156088551 916368987 68036275 306867048 658291272 307693545 324184772 301329811 998067898 391724064 428136581 44373848 75150596 965615426 703557205 746305758 321062755 523663830 186668745 138678419 599296562 462486514 599884811 969741941 128497148 859125495 471393511 336364422 622504581 140665333 926272592 634769745 562927936 217118722 800544735 200792154 277813133 7380165 975463954 577761885 969790053 541760922 999214951 867093578 814299470 77342550 216449305 305178524 572120431 630943136 105681163 923792623 709718382 871115098 709391191 365516531 178548472 562401579 206614526 184508808 309025859 783668612 720491644 160984442 289531701 824986594 708410141 435195252 842987384 634425882 993889188 523914821 559642066 591958525 902636025 140580791 104867369 198928810 714753109 601150929 658960334 372677911 185757107 315031060 349705814 684254039 476504130 527436680 436258727 632341983 531950950 588904563 814166765 213545275 639875869 836895344 558035547 534896929 793553311 540867858 174295827 247085399 963535018 648676187 239993290 31538700 77869541 816906005 371075215 548445845 385296901 30291342 441925657 469384453 366238153 911388482 406417024 228880492 583147589 241063464 54257628 885680199 149567325 790599288 195587622 691196390 882894036 1786943 181081935 398471187 698172558 59915378 479716289 970384920 442098623 465438572 230941660 733197204 547809306 489403671 698703011 864431254 589896183 191100681 223928842 603870341 163140533 634101907 772326521 78214788 523299248 153964249 905642520 112827711 608394753 530809750 130356014 980367670 393345988 823967720 887309621 508618530 467676673 653491537 950249188 489392216 676921111 976824190 367045339 775298215 283967402 412376811 608989877 700977289 440669460 4746675 827186266 713416883 62876315 799253662 794213699 144468704 327831390 882660343 845167172 223421244 832046170 331016622 459935542 78103277 561696826 41006728 115627817 584323957 157706670 800316660 620136696 535636701 363108800 28616022 662173093 287202119 892268325 72740684 157126966 65008152 205375748 809447918 690880947 788106301 183480609 902754807 138698061 300874448 645052988 107304189 365548051 742273406 147804818 390045385 212480064 51808040 942313853 990378884 892140198 968685892 549669243 294314606 97300 191324792 363521054 593115842 885485768 278165828 161646158 341419860 793435981 739198585 779852149 747571354 790056968 494967498 709305834 722937039 21483973 526185337 264029684 279044843 886327795 513264376 230764489 774913481 182862518 807045981 119372571 599120226 492551420 79386705 326492041 374379605 540113191 532619332 855624588 616224206 748397879 215989200 493388331 219261668 59481064 874385562 867831619 528372098 325403922 99148443 559431460 507897643 153272491 967759382 417198424 596042076 492949421 256138869 726273951 391266827 802924032 92591983 881122234 586766872 140339054 698381413 848253383 434743379 128497766 635100939 983068051 271627139 969463166 974660661 828971424 342766631 238118291 472793417 5476081 38912622 177523454 361526209 588904409 493354689 179269580 583117672 642455731 378043826 876949744 902713162 928065035 410900132 570378449 37394019 755373882 492642541 310473423 128804508 719524989 299350687 524383118 481995315 915915025 844093540 443617791 531664469 639483886 895703469 240292403 437846400 650196758 631276464 231811931 750356803 450475117 970198820 167679640 661000122 985776618 620088888 766450029 466215058 112797110 232006680 128522959 720211901 619600954 828330911 79875143 140822875 191771729 145409405 776796695 394523243 615002485 784201626 109854131 546694515 451509530 835155786 978077289 667256401 854771816 79498530 315808577 695099902 544828210 644403149 997975654 530820540 54829718 256658432 909889447 983056880 350967494 737215779 154843636 932282476 748345456 805435562 852947524 500912955 983220855 576425564 183585683 139120801 108224224 492136561 923288180 545515933 335613818 793371117 182325338 208155916 338095137 306447895 424059173 801299861 13031457 566568169 283609927 226068082 344428284 352833668 18455047 622236790 108982947 956227788 562809702 187820600 816294869 943975011 135179010 47130744 663721090 853468786 237041169 352498643 56644426 189557205 89919571 699533305 223087315 958575057 400070585 899663627 846873877 534706317 324506260 357100822 329434513 49938532 387098277 533163076 228293612 973327386 424530826 810342197 530126958 653996313 600226943 402175920 889121519 198940607 886145441 314329024 952442998 467267819 513129023 432976608 827953091 82534384 707756404 502306905 738617173 780869191 493785217 516920177 720433761 31213045 950762446 872624028 506664516 604178953 504930789 76100678 151263988 414572204 195458203 187403828 807361472 869674024 138009164 808332620 457659842 699944110 518072337 894042023 173971635 219474923 167564151 718407090 382153129 755220832 567677533 256795230 310521076 561976113 494711328 232785910 762745482 676507271 418683427 317645659 914022649 115763453 749125675 816897905 825888111 719594295 445434956 83964569 624843203 233911233 878292430 849002380 671709650 116611711 852356747 895632439 688327902 321028627 389545664 687467485 748920633 568796346 40927731 477116505 794427564 656297325 436984605 806789770 723920142 431282267 421684075 956917449 55199995 589881398 648391874 172718369 18687943 729928949 381067158 392001455 312746281 828113815 224811669 327744649 341871623 356211983 749071746 616159575 995402209 305848947 445430918 437663465 258583989 210676131 181645808 994132143 460752510 306262691 614615526 128863992 96015591 906848183 714002938 406639958 474746461 638783717 600919933 711484681 2868926 138000680 67742660 870182701 708025384 199884859 537802531 4279820 109121093 162549653 308380379 460427421 988987594 473410135 413259052 946611348 767786585 561232034 353516568 452665793 333442934 664578203 846442328 339393443 769736961 324486233 920600313 721072437 394764458 631553980 138318739 939704317 326451612 323043042 281008119 688483888 827401135 235396610 497004458 214623890 922054238 488870446 9557969 918993818 448652296 441076223 879739004 549878157 816767143 295036092 607207290 690061727 131762159 871308229 984969818 262908039 186372577 906536036 242557881 558214408 106119269 904028999 423567709 156583516 967724993 521549044 462876418 654613807 859657892 985635214 608914382 22742324 455615475 893740882 273189839 338227433 424680294 7128898 685508893 606273541 53328303 182031744 610345131 19054269 650818416 942676064 623167918 463779022 894458669 691486568 876046899 681706763 93678156 835296631 916596183 625156723 565952298 639148157 867910455 354252238 644265431 366971321 249286850 467870628 219372117 45472613 486684695 128458026 79849809 175741874 683760611 114284289 341194959 847658535 418662890 744952739 91837650 214329186 838912366 464705153 87727953 313049028 69568135 83442796 897941045 748552268 618849447 225540088 355456167 484231492 383923669 26234611 246057015 279415607 560835624 882826565 272781510 528472592 838012592 374740291 482059353 759587463 794850705 20637673 786097890 708495320 383517767 299559255 927803571 379994103 436758196 649967299 332464131 211803705 962426523 493598558 476896989 341488402 449903338 204256802 186437410 693580615 166350714 851243875 447715038 371772314 978468128 212216546 829230086 634968274 379901037 155792625 583224234 533916990 340525765 254885035 259422729 544505934 307817990 127308111 910095572 311493746 783230197 885926706 321973349 754207904 232828714 850076153 519280565 275116233 392826623 729057843 676708649 345334397 750522582 391397606 413607151 274874000 444544731 541362413 955047712 551162966 925657045 53082843 411648134 506949871 706008187 3136548 905147620 42649899 178136783 515516824 62164853 942439669 992662024 480550083 912507533 87870770 572513669 649817573 581769741 147369355 677242067 34175963 631439144 590520089 373116361 509717442 622372819 743179630 683465092 648221173 188488116 780818566 343752312 551858230 806144138 165596148 120499623 832627394 796762709 79323943 235969788 678060198 312096681 288397480 941659000 407805575 128101902 502944155 843139740 781402795 57113831 510421827 343284118 501041242 348103969 350910761 200127796 791615915 668991266 887065158 31224466 772781244 851452077 98867971 171324806 666291070 938191759 53108518 441461355 67377280 251171358 18755014 222103920 968894721 746820837 950389212 13758591 824632489 239975748 935439524 562479806 939506437 626086846 674217461 369951113 550013408 814332194 844957463 384687375 338370321 907147296 827765436 45715633 117455468 712823612 793956900 461161152 563740892 67510150 260972865 9208932 13862974 381826701 199762940 932312546 10550247 454851767 351028887 252695065 886258855 824958906 776798662 632551169 946236123 463768420 2339819 64734776 112433460 510646076 128448769 286929327 143791341 84552803 655087423 956656941 141617601 229818477 422835535 332385620 839529241 533763072 56565199 427832249 127514153 171101038 20093878 164818766 215114299 893948061 648579985 269634871 811432073 72811449 465268 690114628 749579975 215424778 279302512 947267034 5878179 113078508 620322468 877498989 935906217 703157590 466731853 519269784 82180633 871991920 175676048 833121381 938255142 664312063 747665717 965631087 58432633 476431355 504876844 438781351 106005847 393634954 282572981 19383847 438639209 690212693 959434460 617580530 61560334 452895402 837161827 370457705 932135275 133966442 831882918 694107619 737315268 762692285 160699047 562885191 834358213 159392871 572529659 677565437 274702529 302341965 399148310 554657341 169313303 877475385 808681270 291080549 167946349 103759588 364459952 998540921 654300754 753794309 152421788 685448410 772917126 553158674 264905329 371715507 104458456 241793260 815782572 572771953 32174394 520288726 940270631 255719656 918321150 882938209 123035343 567313881 239570020 931216010 654919036 263102670 813320208 457246733 98971297 529298639 896186702 389686679 698401698 600470515 223982905 980941841 998350015 424470712 825994993 138444170 939987501 293636619 242739651 607556647 432082301 300903877 8614315 843257909 207404551 494492034 485402912 961270935 481237786 329278671 444018416 478134508 479522194 400382684 521388931 969091206 230703712 634921959 63040087 476140616 423556014 96258698 251558946 95179674 341916611 547091865 412426148 189128816 981399471 722295628 111236742 723110898 567986598 258280551 345005581 651409091 529259186 916644652 148717239 385642321 910962451 833742398 945518300 510618054 15117588 846436473 782777525 578774719 45896710 542745150 656042392 864551246 879134478 654516374 876942183 842848299 656749278 516302104 138448601 618113773 691703023 180189327 945198451 487555622 642992490 480565688 976149530 1828765 783834481 235900788 975172943 951188851 327603286 122076425 230041641 382687032 790868488 16523252 853908522 291267265 528131007 895926160 625577272 357552109 613829864 151173994 43811792 378549062 84955055 299190571 534665528 114094308 635830084 421475168 144818385 871121162 549736825 991884775 44397621 409842741 514472349 902008026 118000619 339135861 646085602 317173436 291698427 567354765 702507432 695796040 700750748 113361811 888515203 131994255 292038018 801119411 746474676 186174797 538808547 909590464 497556673 300287511 376189295 697724246 650544218 983731961 831944993 544941618 435429017 507060219 540583952 512857204 123931738 795619878 720253253 109165795 702510414 927864357 103587843 258574857 274875074 798180099 739660827 668024744 424126993 465642961 397037239 436532752 992670190 726381452 579076903 982071221 560987999 298642598 779781296 884607248 9925760 353999294 404921961 678821863 99239286 904460059 407645822 290512303 879977342 414154876 826054407 873576409 687906500 498322962 284198053 427893794 35828247 843400988 935670645 350017847 341295002 904454198 8023643 892378580 163792423 844680046 587184091 59784318 462934472 205511835 48898278 862337507 143522966 367480200 27959400 6890665 265261177 742099135 753840964 863856942 932495860 504417580 317167996 412425962 951920979 427934864 110372935 2889713 751232941 917452072 228116847 838404759 96844324 590060345 948409934 486550149 55317419 290212186 303174038 233954485 541196765 196450355 679382673 231255734 159254124 106057511 501191118 592586570 283081218 52337230 766805963 625729754 299938406 468588591 534770884 706143039 488224954 696269192 590963943 909017131 276652441 808195753 968474663 602246050 966112567 223611998 530515610 707178605 934726484 651856435 543942012 151883574 122256699 52554859 961203137 129874801 447258581 360781016 140600016 711327256 750914479 196648437 540812227 461778763 850652634 475866801 796430926 576944451 180970460 268017937 975305611 27831014 84801874 439568823 49373634 441507244 514692341 18844345 201486464 283894601 409148530 946497471 378383167 697357272 559516982 284534816 684511788 131164216 604631483 938801907 905419803 977896124 548623332 680478056 907960993 993685795 916709812 398783073 188528741 420149928 87437579 828922087 206131727 310088484 446763784 710388149 580085887 406295395 573554291 225168054 795354716 228798867 494608664 91574556 41806442 256276834 582279369 896788300 739080575 57705281 96266490 675819313 94338180 860362945 377105547 377640164 825810621 947973978 163788352 77247189 395527183 494848939 892881242 464615170 719953645 252085369 337213463 616437349 701288588 535761595 648231114 206533765 504297196 680334678 495435758 5480671 444929590 904097073 448106635 866614628 879880112 305739841 265984724 458218849 332673738 315542029 626514005 726910576 489290405 420517891 433777189 718532713 728237418 782377031 956772249 973138637 391851514 932449134 99879692 691380150 657238483 295724309 236281980 86834141 569445043 506139267 809650076 582331852 261732016 473517669 953640211 431669353 320081214 924081240 541094552 792306519 608296012 185901113 846144755 409154087 399004416 381550589 636368468 946189089 717705253 726053345 514138008 197440455 840231226 344431081 6466061 729174446 844900396 457682247 37755379 383797754 708033860 973735086 956328121 387780296 105016728 578407928 895343704 525817198 177412826 190355353 283190597 319957000 34117826 86424359 352535062 357182800 141155729 951619604 354368221 269844319 503486673 941174512 298554734 278507730 111618464 279758950 52129450 361486878 317008189 812678156 389743304 350265992 119298531 843248825 376394697 637862485 873050008 85995784 907949858 696931861 582521348 96020496 493773917 436920281 138897768 816283879 817234267 164454276 879512690 330765279 653923515 708119024 437630498 311519963 667184360 955681130 714491940 458158755 996585326 227103264 531043244 983926955 235062160 496364616 559551499 400417613 546323052 145245983 580392133 311704738 512961264 340513863 577091730 429720033 195336444 372520571 82572883 32847731 602304379 346035282 250797446 423213024 909117019 205493192 380106577 852060895 556094367 286672218 581696232 142194436 327586142 329615025 668647716 374878579 626649779 626771007 638256328 552179974 761743638 585800459 928184687 476854975 814691238 782697957 550648055 907540590 901652222 861645605 542604219 391939124 946474904 972873446 479820296 198212291 927104248 362746254 717507600 172592491 509675998 692202384 208844639 84441984 145501692 793402777 457545018 906405477 263435113 267047032 932794403 810485973 810609636 653489494 998396113 909106249 649614440 798202892 15521814 400666916 242685347 768754992 740853157 251019621 40669530 231132617 946434343 431777252 14249968 97115407 258987810 497147568 269612754 903228293 527439228 304110117 704808591 605610622 799953569 296264162 646509597 541266932 397314580 688102683 682847162 555523846 291128623 276793112 688572720 645977774 72573184 355781568 748232194 362091488 614646543 213186300 461650484 773467119 493350760 221665336 213137133 139258805 876520685 569512331 522092843 608792930 125546756 411148020 176015989 735070352 608925387 194957419 785178445 393305100 482204614 615230235 145124502 541218350 158424911 502744490 936531922 466538503 694366978 94375722 667799012 501230850 655462604 605434768 224033146 100799356 45805192 176675363 775508455 227254228 891633496 756904243 442017374 449511613 529357915 669688839 738050708 160655002 762317603 180137276 924507940 966692875 974588181 732870272 72965471 505017266 20759954 222270772 174348275 545062547 629646219 634239002 324511592 85309546 782467682 961521703 256056646 239042836 528739634 983929272 987823460 442456351 957794416 198849829 624546073 174794943 767869953 54508001 201199838 695246707 654424240 311955259 281279628 82320894 270072864 680050214 420120227 950286192 7610580 588263134 23287661 247448727 831133776 591372547 785419525 289558657 816359716 395384476 855471222 975568312 558193859 952788783 627320813 674861650 609778652 546590046 7271277 743481644 269003758 529589447 695877755 196755254 857382723 921194284 388152034 344741815 224361162 255318862 270198334 831406952 728253421 682360824 175129521 848933525 249681847 299308660 355940262 133844534 865386903 541292398 86023211 582532931 336309177 718581494 848873644 668500503 586145931 227539047 243152887 324126759 866062279 143602469 414267464 793134054 6315549 901476759 990859136 22136132 974963086 582486971 285708725 675043642 45825400 611135505 918194472 874781960 363407492 554057871 906149498 136173446 782577524 863436392 665113651 960856541 573574296 492347285 834932407 456491074 968181133 510195754 486215446 208301081 331110740 29691765 772452004 958269805 607366336 872570925 808728256 180033318 285156710 413352004 814495899 865151686 246324537 210100171 769138962 8148863 698782494 711827986 517351989 829844347 244213730 930552508 566673053 529371511 583274696 767048733 910348487 481948648 163444132 742210123 145514737 416804618 544633565 388882674 318690472 506076358 466690782 113014066 899424358 742584227 4318610 683231916 607744017 690829385 320879252 265981585 340305759 868415482 827891362 954630929 371309635 984444058 855389741 686025515 378176882 992742075 735668523 28700289 961793 960091736 239716818 669285268 194822652 739153626 387196670 714280493 108573644 894513799 30658975 867085752 408532187 633228920 397816412 755494162 859989854 534200554 756468095 334044250 769121573 900745882 448593383 40293693 393212423 555907847 374605730 544272144 837086838 948340774 193657909 565137139 252865380 556552329 629844977 765566479 388611862 740669829 257121173 595639726 81858392 625650980 157276175 918061325 77498080 745666187 604136547 736300657 537200974 852722086 912398525 759970660 255824562 99527589 526383270 248693757 180946960 349589654 909514584 417423623 630164528 725061137 351489600 164475177 117663913 246848271 731286652 166294926 444502848 730700385 12152046 273546536 971148077 629116726 892221535 848188579 34426805 886654983 55519017 223162067 96361497 798863136 425776465 381088239 752083842 585224376 587774847 32232480 256546878 175860405 538916474 114387094 967939254 658353193 397844421 189626297 490376561 635210478 5816303 79862006 584150565 392693464 601759135 48191610 647789978 940627244 137499752 780167398 49689364 462855442 689751429 915943793 895195230 54736457 628441987 365883019 881578059 419740225 223053111 556727122 89407818 854390644 22432321 168496807 739408075 666372472 807045745 652787758 172875780 293195845 741932342 675359579 27989130 718397223 213062150 573268360 499251436 129328161 902578976 487916929 303292716 850214577 992191078 175495802 769682526 662845293 694421774 562962773 237540137 709847580 434342632 953975843 163171099 707850679 888365575 378485410 967175868 959643755 762085030 767006442 111990582 923836821 885861639 915859898 357045011 970415044 57618039 812272910 914795293 330045724 470239735 474741808 591808867 429637082 775018435 268598782 929202496 829146551 846522026 648125826 734884011 233931464 582680108 528824847 586913421 139383859 182245954 334527029 569198404 670160938 783858524 42522295 287205076 463103374 289932157 316778215 688520517 553880431 10845229 391222618 448872141 115136414 643343153 484835087 869351427 101119679 498846060 533099710 194442358 710588257 313104257 290329371 534359538 507401416 597683527 20675100 810161566 617779329 463205248 523452046 522681232 73339485 137824121 899474426 461899772 950549425 848619151 582175810 321584718 705610383 120914304 609461826 608837766 862246400 962853420 437504035 602563392 345252610 63824606 635775023 505610517 403875393 499536016 501817256 491809103 491843082 639664864 396406542 154116740 113929813 157579812 305629179 307975738 233864485 972727847 999132328 633078724 68406899 836199600 865646380 960243529 197297116 497918994 126338544 690841231 497833999 966836499 414129710 231665865 638463622 518138423 590146294 739152961 792335265 737276473 658200555 582127283 260643520 588464690 278046354 421086497 883035779 498413261 99648016 409483150 381391967 397679630 236516954 649250864 794642484 641557833 294249096 597744865 492156086 232122616 689480551 475674455 869398802 801733701 489836576 598452177 212900115 283067894 207707302 92220326 567332585 342472695 960949761 366464739 943596325 691569097 438224712 384079047 832775535 752668015 689226026 836202614 258733840 370187489 488173222 654894073 584069905 508190787 159405129 507021290 201219974 284398940 777699684 252385741 973645243 289805861 195138244 843165855 186202592 826021224 724519239 313998574 548906949 360777804 330038132 738432807 331727616 631862704 326556655 440785506 908083081 426831219 619849638 157440278 590969589 117357755 777177731 918803353 682703929 80228062 871981520 210947752 49395782 569351839 604346459 339974229 774508954 580463036 412375326 765846382 140138592 143958401 166725238 761438745 428683714 976741661 607868102 616291695 482624376 469587364 924599662 928350690 26375450 975324280 437342253 100173158 73213275 485711334 447575657 260593756 954958297 475068670 887016829 717084289 916137629 359906276 984780644 38677316 927139563 428661368 307009195 613462607 328582818 114212923 234770904 515969659 342518573 581891706 3169385 624747080 672850787 959199807 813691048 859419153 593718443 889413326 646519555 250677725 639660730 491627942 138550180 909445158 937103193 481570572 200045921 176967885 929621827 216463309 44787353 32001319 93383292 521666054 867226846 713699423 579873012 772512033 367878885 276584195 512520224 453397720 466835155 20047585 445435513 630597450 907697493 409819568 942615756 364120360 812847726 367908088 46761843 729184759 736535404 972871292 234086690 47205340 356160324 78267953 696011854 35757899 406867291 734966315 542603499 984858714 767266447 394321711 356566417 726792252 681684628 746138969 654884498 848100792 110910718 775519552 807192633 219343610 521309560 560757788 570479369 689899219 165538951 328708430 390602910 733247171 848573807 461565150 69232718 987090057 343875779 857791828 501355761 148843679 698467770 544495140 507276364 2470860 492378662 32259647 695124406 921488825 582438262 447421250 396172660 796998170 74890581 70220505 969581942 440953243 459681908 619168035 727950220 583620598 308239849 126198330 339660457 739300134 282315808 590985054 340112851 138618767 358825788 259023499 860171845 886761864 23997441 184327150 632113105 395345202 302467991 995116433 601283964 888527500 507756133 120943983 293428177 983017953 810559940 554044434 29229338 145342510 864860238 482630745 147099689 570760311 912245783 776997239 771484418 463457349 554399977 603266934 691365638 710734645 723350185 623820175 484244796 608335384 639942080 702937516 128452090 327241874 235388985 80129746 131459250 376991309 871110042 234937918 928100556 463562438 760276061 598397242 239596982 18991069 409428582 666122856 145467419 833855884 882421777 38755184 380296746 860384131 8916449 984518324 960114150 137084916 24086045 532871063 959578671 368020931 204811309 496921047 259058861 593086963 449116061 858741167 781539990 914263946 771102571 604415456 55039966 799905676 666917858 550709902 811221497 288419223 381745153 831488754 868398444 947731719 326506053 239027757 349117713 211113921 233150330 296340969 660353550 39924193 299930180 947480122 945284890 261104864 191185787 828013107 455186127 719367209 60687202 982329798 778654279 365635502 172468521 244372449 550173000 837092063 785382477 208551825 349476888 659224198 104163555 876495297 391873889 721122313 477784180 620302643 238962136 901686099 32131842 623065642 479520795 1592782 144771529 813756062 141954730 171002428 697414197 929978969 174383331 215444040 104024184 783977224 805652225 661398843 892717248 340871634 587395953 22429913 337497253 617907036 138925193 515065694 15535914 591061523 850569870 738755544 715787548 612050590 357722120 176098465 594299439 130198534 874301523 792465951 101409686 634668364 803668613 142184277 710064020 201926583 149712581 210909871 223067655 78745732 125055235 321971694 522037050 909469588 693790569 55388881 335448735 758831892 115084384 584547375 11388166 459836057 369325299 461154358 260413873 13330899 42432562 872150952 450501245 706531142 539357664 396861489 212821316 853905844 896178668 657943618 284951337 298610991 409665388 625218244 594607005 852936490 273598341 555014101 199795686 855626485 259006391 792421906 18647105 487791232 610883208 149495602 796074313 22522027 967989095 24812739 586595564 388064100 116134888 262393156 151761786 333867080 188943182 712854863 437124856 490077247 76004480 848390537 712356482 488145175 180174192 778010212 246342220 141057368 991566632 688824280 829724933 759193582 469632395 323463516 477276148 776845626 777048236 136607980 340495942 401004475 601658718 569265716 301266967 681555399 646172994 632418213 857212520 99753852 525512140 535800022 270431052 558647823 785978864 141911612 637024649 23846784 372320234 691368027 527726318 847971284 495761536 445849220 11887994 658358092 860495542 681382791 591711760 120612278 565960190 826030318 965787641 547155485 351478439 374108536 306886106 18292603 683987860 170084396 378843472 343794539 298549777 844670131 849512241 63134598 272472742 633211606 390420815 177159126 121058753 892857536 435304595 947213347 467190996 591549276 878969128 124568311 103146562 155663425 234463360 928428192 756899609 614060019 875679246 324258407 136631536 251452632 608251465 498761677 534687577 607979469 684284682 456268 816456650 776554553 839246626 219293104 542729191 672657838 553382765 136863707 901932356 492472288 468583174 19768162 834571377 127045265 245558056 196436155 111632096 726883735 464154718 740505408 343852638 984389418 923367438 304542692 934579470 734291606 939894330 505445484 444450126 30732214 675401932 963573277 132914631 739983320 536793954 575870389 171883960 617504669 558835841 910758755 353374286 172495529 51387994 684694149 324619758 994499848 34005956 995007112 900182253 8584029 594543115 862652651 201590039 88522301 341484396 639337955 313899394 207203414 98220638 599796576 456216573 918048156 912214393 295805834 329844070 850947046 453792543 812774778 486636976 854284357 347053002 611091438 320020257 123524720 739485186 444625215 213406650 302903062 707921053 938820842 993813436 523587120 177009475 691518816 664100974 816706521 67791413 706749021 302839522 154937127 611744754 511007691 640419796 186321068 767040901 147308681 944729526 291060706 930451142 986689037 695751027 366020971 840495269 439886982 452593428 430113834 148479161 745681283 652229106 367796378 435172487 827213137 475575667 578007315 681576533 522634058 419515473 193312224 235252833 757253637 434945034 981723289 334213864 171628252 916569534 386317426 43885287 202229167 470326925 843537343 72932177 941714643 124647721 874370629 876665192 438721299 779367524 664744418 573720528 555459347 946155861 341551669 574084825 328494907 718414956 651674268 876268022 728368127 651705983 833951246 365119082 279189884 745804931 261286417 607493445 111864609 962136955 281082370 637340597 775036421 130308472 432619502 884342040 378510146 850213864 129433521 900984032 53394128 568393341 677342557 765061531 61948415 808912616 564372998 169799382 698799523 698426212 58070905 271496497 129980980 547962057 101265198 454449701 989042651 405678535 831579244 21003447 461591216 418143343 150955115 630843425 210640321 397425962 337075938 697303658 947929112 190120727 831845183 807786765 773928407 937615018 468049389 942008119 474670332 59085579 870448031 182633384 73128343 6173840 580301329 455290480 954457597 896284589 308765862 927744221 653953245 527907998 285664707 657810712 566111126 216308685 402949299 121354200 101011295 932051229 907501375 228631498 626776527 266106731 875558835 433649227 669261584 422395980 420978612 55299702 880704822 224045987 508205660 179844648 249125765 663919530 836520775 86126642 824160777 500432643 291561869 878825933 613704385 80884368 275893363 233734375 704622959 243030481 619930642 508911769 842081369 860396049 191969333 168615981 90928358 901551749 492942113 555782600 872624345 611368845 568264698 897600089 430691029 714814635 447563520 680450211 191767734 241903784 57161736 203589911 750921675 284708296 695990504 352264336 56383861 266806706 232455427 979027819 327180118 834659486 797635330 377623488 115109461 333173841 109277151 280731411 663435252 999532807 429865236 892303459 100849662 28784678 892137742 660546681 132560639 105304759 612985217 919232436 804161237 914844515 345117812 829047007 909772961 454226513 101471563 965534849 989632475 375773106 609256442 432298381 256767071 652303142 994273727 39954904 594177908 616571545 854887749 431217925 313035566 202394275 499312389 767209459 20560940 610176217 572710733 673095260 463817809 777753079 936951135 678358810 831227785 570379190 712427843 10683943 550900325 982289257 489683655 156497592 454784474 337470220 552131629 344215706 54059455 237851398 245651795 508502584 65681929 945383899 503492888 314469539 762211707 186187434 687414369 230060942 195130703 634185354 110148125 720846136 489999452 163931608 811552065 301358452 239056323 758804689 871537474 319377230 133418997 988072828 100601204 138944737 817402169 81107305 371166842 425543878 988386205 650203943 828684546 648937231 532588796 485080860 287510642 707201978 351486424 632132041 517329515 849823859 15838428 489205756 183205020 241908707 858212721 478612020 850412526 605879989 873797907 299922216 922205085 258357167 391803562 22914570 287582289 592952822 117027764 352651017 974009153 836416274 980683186 135236544 319766067 106053321 469139368 219651596 38117506 85112700 547546721 103659141 634653086 963891120 291499844 12973498 864527281 210164501 174593604 812112276 323553517 427227915 329906822 64523660 115897442 780684373 40393370 431025268 748927710 410485289 975026804 51402736 325163439 178749919 138194815 488978604 661226368 440175805 185840646 75643225 221373049 359157018 755678771 967721660 632915120 467594590 625906595 663920709 16463952 908263692 4245530 492608676 247722231 677863340 351163171 375575753 996689251 24697712 699622820 574429723 149377966 724682103 493556075 935287338 151221687 356455979 284217583 675244053 514048426 876734050 1647473 771362015 451407806 987544642 237680743 976038947 761044057 872711235 576738718 491034823 576453101 938900954 423177010 722249667 157245797 590547787 760088121 912963947 262646882 21769159 893516164 861638763 397926324 695817516 786863162 928121218 3241893 239496734 718425570 977578940 499346575 718911691 625671304 207582937 988995998 873071877 507467221 836323034 720915279 708346746 126637622 682730715 933267795 875159100 283861249 935272892 77089931 505371319 77457112 71468568 560155065 250262068 278472012 657506555 1985261 247864390 455610170 232637802 690222534 335616278 600357796 879318887 377281703 633551207 906376781 910993751 445617993 771402881 996461760 354274874 278720209 529246064 559146593 977371587 493303490 998259251 595704553 844804251 518330872 860937264 211990512 40101577 478854821 985570087 719428712 380276405 793236637 400113294 544747520 759927354 668400217 567376990 918351027 53112222 524715908 701002421 487771854 559509389 886050371 339380524 643910332 829277070 954264218 476354885 73717312 261263758 202785439 39725647 533878060 881693015 25280066 176010694 825232201 457119865 467818367 25228749 621957974 369563931 240958519 428276945 420895342 44947878 82483895 647014309 536737355 242300373 10344284 57635289 904839393 312382416 232419711 846976756 214054076 397782463 534257284 630057773 878783419 527743813 837135016 146055725 411130116 118056674 38982395 613124103 313245200 360597051 732484104 178978751 904351526 308251732 41241602 897154292 209425381 236749283 974559885 411992174 586613795 669232442 96619270 108119311 721402053 232085044 897754253 51668712 259177887 399529239 452406820 727228621 474294554 385322291 661130481 743518996 500498454 378484628 624497026 610137131 117507372 51887115 446973840 800603405 701524312 40200009 667082955 303001385 537723147 958431972 719847426 375859967 382729016 157365265 745774756 31941461 406845949 54469112 18312453 231140289 928375043 750013779 657068439 28749570 106764362 621295057 196535726 13986718 372122048 539235241 554965183 220106400 537989384 158521154 160941702 559418976 232149517 932146851 942550830 945711895 597091861 607464672 707770113 566933062 122973558 801252212 142761135 968655370 916165823 377823141 905028198 887288642 843747403 930699358 616382942 598569528 933139672 757833551 895717542 275509562 585760743 260874627 430753848 922387030 982315493 2295254 444091209 669052025 551148157 864348477 54997517 966564104 595732431 993762606 830316380 567984227 593322339 659960673 495412241 204858866 296154604 456185231 936697557 123353263 647882703 873612468 584814438 720739197 923887587 584196775 923767717 97733386 610451107 753156914 975248517 749209238 233209482 25438237 928714126 11695533 931146420 658752266 507496788 583675767 136899844 220993481 784922381 357305388 426814085 264890528 642327391 92320612 929237497 775286695 310051257 59922359 131424765 204323587 820191087 967227641 583226821 524039823 13189510 681480036 114304554 867987532 252989515 269520839 336554233 733031699 675948194 270805565 417382879 83839895 621499220 599328523 164013517 264022704 586054430 301768452 1680451 389232158 38408032 637688336 969703302 196228439 416277619 673269300 723980466 580267459 346737729 619564438 453072371 974947483 900592595 529847103 508732022 138884910 172290921 797004350 591559230 919690951 132333474 149467783 142835898 727096374 790836523 821785357 25475125 602695005 235627376 569917200 653582804 654231897 71673094 582159777 430407343 921654689 362445846 732124639 210883226 56131134 990285650 918239920 28035702 247203860 634712351 950280275 789334785 338519861 376631896 448941554 506496294 604896672 729613219 612979579 261236275 224920588 762511115 311547966 280246514 493490037 877862152 745757588 95858222 952212263 343848400 18082907 135597596 434776374 425163468 3485638 609417603 667755918 457295461 340304671 583767523 631267442 306870527 12373271 652094888 153689241 440338653 633744359 445548991 298976730 236021277 131986216 277309527 728341570 613732762 255885742 655494803 270552610 538783934 23778782 62928424 944225468 935042955 269823504 454840171 142530110 262109906 641141058 839243788 322514906 628457369 771403282 631990989 218312650 471948317 204465917 278058908 502991788 697043561 231165341 75063005 311014662 755598241 505020443 373387316 400296206 769914272 270713542 630840773 819652835 368505620 71612900 575491478 585367696 976672321 125639523 868133070 231804097 153476007 961648049 574553324 969395827 867167649 693407474 735930312 794458222 279598197 664527663 948336685 130000856 458054215 376837702 652769739 333194156 792726860 447715362 386778281 528809510 311529548 692082176 841524744 583435229 294666003 393416506 241623620 960134579 183331635 486804057 697626550 740192719 478164344 708070303 47877903 205579294 208654795 51450983 863771267 725203422 595182422 575713089 251519762 75985549 465198791 924806329 126573665 897099412 110328432 413996513 157304214 86666274 834570426 845197298 573876723 331195380 479600223 933653733 987402003 338805878 319549936 32335514 62125398 915148965 771465828 78228800 779688712 972392580 798738914 521765417 280109886 70225917 168834956 644008310 353592886 69827937 415228849 889500537 643235517 654135785 304424939 530603861 830629879 358092755 197079738 241515067 771946451 861413665 164080211 634921529 502714074 311107435 165058948 57944247 942819625 110807624 364267544 494687068 135229933 444161845 486589323 501464055 34846788 929045106 596917512 890209600 367607958 302521701 330836620 730788537 662881185 816519448 176883493 12531770 235356198 27589574 168656689 20178127 210694909 556635449 535665741 88976529 768597086 41524856 976855095 740641984 44195603 528835334 239104484 6186512 739036349 709457507 679949838 827696525 279054815 479142874 545970295 530697427 134053878 566685533 958687618 349337792 355533247 625208408 770826644 901949056 4857949 582955053 293060785 545913880 889135637 329014743 679449932 10313734 355695611 668285613 158771771 6686331 665731963 131064372 280280296 432890516 269829053 81333044 954254920 994716576 182329551 970082856 787006310 180931221 984109112 816388152 774055109 438435740 982703756 213740873 842162394 673880040 164313471 288853916 851768814 936196447 590931106 528361572 147902835 821806962 59469123 820608309 998713948 484803956 473258834 102799567 779973093 93284490 625530325 988189711 740967774 80940781 965241377 754714910 345385365 479095867 622550788 377984490 440870583 483957799 457092105 887278229 786238059 257153580 741065691 915100083 157734478 189540584 707184409 827208067 700701035 475355104 719585292 584635780 799519825 255202139 160199281 920047590 732501693 63890272 983253257 355496609 414031418 757524290 429534293 314853586 698466669 86727160 900394999 17876420 213217930 993107844 251333682 196509664 392852470 382827537 676990 423907379 211337492 506109800 194799488 463944585 303655710 919054985 592442936 475778578 509677941 726610700 602182900 158724919 658666487 598720181 977776233 315942785 654739053 166563933 585648853 254627342 733915872 727904248 168124635 542408349 366045461 349255140 611724888 210363956 476321715 568094338 276649766 865558867 77761143 23133562 5243667 549851423 214347255 828140901 698300701 330779780 449637052 352772267 543583768 858272509 208066927 591015606 76499621 607686840 872565078 803175496 818838484 311900119 726029043 13919494 472823579 262604086 195685194 630727081 495162680 794373846 762532671 171998434 802343398 440562302 689157852 197901696 193502119 849046829 394052093 782363725 483118355 173913786 861577317 961032398 808877783 415889934 895440538 686195888 933546378 10894193 616728683 349679214 603484865 771418420 309242337 650888317 640527686 208417402 108046002 366913003 991015647 853451510 315908557 121974172 11390317 908563147 676573718 549383328 323070492 938938878 116426709 662517067 690046689 15147130 475164353 463338923 881124050 943658403 897439273 671835076 514017585 214043247 712370288 779908943 805708899 303583696 161659337 37693315 743459177 350602870 94763315 337365422 381961330 650304254 333222694 975483712 665388494 62373198 458593507 883965171 464043126 868242073 430375327 133694356 176349228 378383530 814148248 217702389 611546172 327080101 447369906 55311920 243993498 851719039 805491573 868878929 514004578 963546000 785436388 365577861 117638127 432605082 815229817 257206372 209081483 392594116 506567901 574869031 192561629 121135941 196911690 63739934 465195905 152865359 139231464 528552979 876040090 409443820 185536662 763802347 655479281 741865663 367104063 325435950 871445147 494765541 970881372 76441430 706557988 644991945 257344379 568833398 848984766 711875734 688926589 971409950 983092741 469158926 949970016 430044787 379023706 688940896 117360564 579932668 738075254 573906490 40406603 64727978 97821134 724426870 61013116 203428483 675846558 632137344 882011518 109192849 361764063 312690031 840262566 780099550 415460657 574730514 777861569 177528126 807945805 485563859 971434393 534359569 29291602 178625249 788712502 231330619 937312095 413274033 141778654 699221823 554773805 729501440 43154206 521659298 977255084 882021962 341782779 440948017 707237908 499937290 245802404 227770016 171656359 299875607 514241159 318245859 887965568 159264880 323222687 550993573 320196857 187915920 685017241 232668174 282436743 262756071 704164967 786709897 693850108 850465944 20387846 399623853 233707037 211371899 116112058 938726353 676602108 269316798 200881835 335517862 662474713 523144473 111662252 280816114 604350705 979980315 207251977 309549371 704643499 789886394 514485072 409706110 393417495 236630633 119467289 628166083 362798143 989915528 487033483 896056092 669109720 966741669 321703696 197345008 114645395 755831912 701446049 847602826 678853134 658280248 958531006 635241359 193751940 907100399 512054609 898224111 954008503 755121781 289633295 184581730 706391524 387739186 350696878 392263404 569527990 419704455 205989059 893905663 42267407 649767099 438021586 537148818 315920293 848342624 487352642 258068952 78685835 941133959 668225229 711412406 992620997 680858151 914631592 72059163 502625150 582834088 317246204 382207672 460616721 795934493 376903755 642033524 549041239 522940911 453067731 736204510 442739673 615420225 757851350 961744657 147155694 345215945 917597037 717165831 966461915 88693160 789353158 167688664 967292088 449409823 966024704 925447722 681808573 797866399 834756680 657641878 184046397 30804569 606129255 935180564 707224248 536500438 515657859 508960908 304714005 382476045 700547953 22898934 279010364 997624484 831361445 970944152 121740912 890602699 781307202 135380757 608675249 771349073 615220913 645461584 310678589 739688392 607897215 540089549 25896101 356673947 835664392 286669256 689642744 484276604 239255803 436421660 362146408 881724977 497285691 630342773 669252692 605341255 762008163 488879661 285603087 453386812 738881340 337688712 573056699 794768832 770453381 870066175 779464373 48207742 343420840 213069423 144970097 644312250 981707709 997186201 40492702 1350733 87198592 658328224 115068962 836491851 331506088 342778100 634979139 683597288 577800169 493092880 239943332 954201657 266878859 650727134 767299769 492003423 67070486 153605926 165124022 799267054 378756799 931773912 251512405 545857625 251826337 739592445 393801740 803817102 981036090 707329544 456806183 268287219 431945219 144420465 24925280 323402874 821321070 509451546 633071276 722891451 878944205 316679090 353310498 769121260 122938078 57765799 903074367 592988184 759755828 986039832 775131072 77401921 914280941 669194852 936409109 69082100 281554693 987498229 114715240 489627360 21047783 842510126 824171501 162470355 210146557 336527557 562796655 373267076 897955077 723668266 839683311 160854506 942766413 480923898 651146904 675417331 319432938 162982901 823787854 569612371 682443166 730853571 217297197 574505625 363713313 363905446 196206023 84993810 955804642 448782398 264271009 972092773 34502899 752414728 300204427 501499570 197230135 472755449 527673809 222349610 131992646 711240969 178462199 827815688 516564307 864983227 586829720 80481376 494394521 234109608 416135927 293420594 755887722 279301450 413067658 117247381 680540440 480489719 735124268 308889955 187727116 274946801 450005260 142920092 975793465 822260745 176176685 679487664 722415355 509100358 99156508 479806298 637460617 566298842 264234641 423549047 480709209 433039903 555751138 842874648 405086191 241985026 200896869 403011393 482150264 731885602 169383536 792971686 240758879 825607223 906221073 406660738 167894439 337992760 553243641 894289962 777543607 268053220 629666285 590971123 352765539 389295246 41839094 668459965 284874170 283690003 631583958 58792148 57916760 42469721 12263482 150262625 929285400 895399944 710818641 578121979 200778481 803478368 547848928 29876387 418024937 819938981 79202917 231024976 841038018 324901573 526196294 712493619 230882297 828908239 566583965 83348055 29314992 561439681 552417133 878607844 254580127 526179546 634207675 13794090 880524283 73949535 209454341 494785049 43034575 939318285 911264613 471789523 582045133 791025173 145719851 866432157 893955903 71263290 475586142 214142815 703416321 771405148 988661610 944922693 878599259 974250526 630810773 355009971 408799988 641074262 438698324 950667858 537708475 353538255 587581836 726722690 961576421 170462523 156280141 229289621 715514528 556514836 436269529 718452078 247226822 692024513 792118118 625494044 42324521 865228284 443041969 768511823 129738646 244918929 676126535 880456138 345863483 231441798 115145459 918393455 994684908 548288016 507137892 806282864 559369942 209915887 82749987 668645394 589628903 569272521 977938858 125776706 923305555 410259942 208445677 740684411 551925308 406540125 864120379 292609387 510884475 18790348 559370763 445624723 314657622 888878236 518620671 211522072 194912260 572493590 534387464 623523421 270004272 332109011 472890109 89458330 972285181 24193669 51157467 62276043 462160554 161775621 952051798 205124956 945747410 958449238 224058615 687906054 658924595 226853121 163980012 509492791 116835608 70716778 237758879 628780445 895246647 835478365 338322245 424669688 714911398 406869858 63039815 809088834 91084813 569370191 564433509 915565494 289676485 292420565 423456333 35235929 281026812 460063468 811268352 284740946 829586990 814664818 300266635 862561700 605590466 771367357 841438532 820548294 244704953 780405212 312640697 412923694 887637956 253091563 132496268 776321659 298590027 409869271 156748184 983420652 890499902 246319581 43508098 483563443 107454276 579491095 989659059 738074917 150629403 3790867 967532861 280005369 901875993 503340508 274678568 444569401 295489520 396681413 31376887 443258163 168926040 156655224 253977858 458698836 565693449 143519816 237987886 645383510 763312286 477737527 415435058 914246553 620030934 693500273 206589104 531428305 410129054 664568352 646042715 203061823 78639409 607298303 678138748 964667703 273328645 18160514 311816172 542810456 894663777 580621183 442274464 755149781 191243515 508468016 525841403 14416300 975137976 464627075 659411106 621788025 184422090 530327515 428460683 185331692 950448463 82954202 888649241 927150085 820328984 970414562 52694789 219713996 871274919 682202517 826140726 712025387 347798083 564003983 513386248 392539848 437223272 754708395 936556242 941026328 389542366 30525357 329943123 155682693 543471189 958142175 498629260 641352139 599022344 70212120 38540906 341730587 364438089 724796847 932091536 162429981 653835378 562633605 661751887 455195351 910867093 105929412 894473937 3119265 471897207 410769276 792384209 125193041 581808507 923170491 508079304 909627131 915594579 136007865 719482040 301863686 164736812 675581013 754381100 516609354 796708275 623495836 364702220 149170409 944580020 31296086 499407465 364778887 718319270 137177042 769412461 782044706 688560837 934246329 232205687 283349597 865772007 849085564 183930929 299476004 752035490 658760655 500086533 619440991 313150569 819639887 329757854 687719896 71397944 73693460 185229791 97011901 683050450 903788303 828834043 88736215 869234613 970876303 286511288 383205743 897678524 33845453 953605314 147938272 466354104 44943970 475918818 799595038 471411573 306956987 984945484 636724014 364433456 529522913 17648776 417008945 719419266 272338925 236067053 684514757 482204690 74936872 655352366 918138655 248443956 909249827 221960825 157316286 882142427 630237582 461286896 858939305 299427027 734707708 886859197 740859612 129095373 650284541 639101308 314899847 502268701 962697370 705557666 800755796 733729079 699457316 57132724 958388360 714210753 530114237 684225276 163269623 945237743 342044063 963458331 337944511 440806767 527779823 792617467 224712901 31271773 789513276 827721366 960092544 831432294 123065664 340272902 925694076 452247511 18706831 301057795 182899565 407377108 137253683 420020188 383560089 100721922 72945179 204827662 294119234 882198892 624844104 866979509 665914566 432355490 874433063 52871754 140416940 324012362 172636546 784426947 180355835 386357077 37720253 365030262 363666984 430411219 594226211 237224629 130671638 255719635 907932115 927126128 452307860 177446085 237320525 8471177 129335034 31972341 720657860 513083342 446043694 565331904 152485175 744222956 835822532 27804764 688722656 988389613 820311308 936586394 480911588 684192410 228232301 236131452 531117384 482443408 604529442 230950855 335530443 339562076 165773322 663144408 962400843 7488956 942871745 570846587 920217293 36256674 401986157 713605561 411611362 280100237 327277129 216048565 814262351 291731220 772647682 537284994 964206538 130798678 24433570 545239775 405225542 342554066 958482111 157442280 528913541 831900362 192972643 69688929 20190335 573391187 444983911 17617934 58782129 632627833 789540653 193210780 237749311 972738970 401875983 683557576 792117101 951625242 750440557 384604113 59788375 215060139 776326302 153747524 216005928 462800140 64110956 652276118 239901473 700370955 265669325 400028471 354261031 790919257 867817003 312896515 219067821 313716084 601107157 3923726 569359312 795349820 973300754 757092579 356816104 771185248 248949588 439786401 77576780 889973637 904759670 714877790 560622460 525363106 613138574 569667585 322853074 865753197 30845403 905649828 583604566 318153417 213733910 147438545 105431600 542282577 13601997 99654472 867071745 641000481 144559292 981707068 98645908 497633661 434538474 990046636 844135250 779977260 592682312 759962484 994759706 741871891 213946166 857594884 26205213 15121164 460843511 878224545 859414133 397232782 221148449 710932743 387568061 328299591 420788050 301828465 93996162 698393914 639052108 787256241 992916174 430498392 625321931 603052142 386814070 676370988 393302043 484022123 276663156 550192959 392592290 850813883 961307663 576911672 946615842 911699197 929113804 89708503 666298100 951118492 294579279 795729944 944763274 644310187 411684188 442997834 15903980 127854351 965888103 623719802 539462756 489331863 609458299 131228544 827593723 441785522 405003413 717861106 796500495 210348991 754765359 766234935 802882456 30366084 26308490 186372868 333510168 474411503 375444738 184031778 124768028 840025809 205073344 287227912 77791604 45642272 415455553 773936467 301021797 297265386 986126177 103341504 859579309 529015908 424583041 506910126 214282908 16992334 675285350 55152259 427769372 343311130 797063642 587494968 707240627 511434930 487230306 3420980 879473153 858591938 393600152 516785440 999625081 252002669 702722168 32968786 569502 502016377 87815886 526583095 315221856 780772989 636474810 804766637 54448544 340820879 206907234 470033168 968738704 38473579 370724510 710973049 248651316 651579843 507948439 140177842 580958161 955516242 78741263 405428945 314341699 934773165 949291960 782000433 172360087 392085002 835741416 569952090 146043056 839867905 826166459 527410033 912224047 522116375 946382745 468248132 723503072 388072704 864368745 641315437 103561348 327531548 829573066 450213811 514873035 36447936 603327164 677134772 831679088 732649808 520822708 461012576 554317767 516398854 126001454 691077533 944120199 102603784 598155776 895865582 614140080 316740903 307015758 586681007 551488050 924599543 234258702 180192899 72998477 259331152 588578773 476569473 409284551 582199057 945451928 511937543 335015081 575476440 231603831 627233572 941824830 738567060 110736311 218092133 801258188 499041739 68400823 722286339 388659127 883933839 667447207 180365696 915099864 230765651 1491981 602736927 825755150 57434435 258901144 247607041 121534042 19156985 19480566 439345358 211252221 220573548 310425420 995855330 376878141 312278644 956139121 346586049 188206318 523338723 701023394 50864617 969388324 271688905 19562387 197566619 505111182 795149700 358405501 852167711 332247741 977391820 384878715 592895342 157948299 580382328 97264211 486985769 537288917 904168808 505435915 279453131 989396291 560831077 378405116 246561737 230415617 547155763 257545538 23799608 592988189 327626948 181761309 208725097 632573998 366726699 902914913 458160315 182839360 850714802 407524385 419889453 851790910 599997860 478930200 637879539 272056502 317812840 933824951 428048761 358954515 613079292 966182311 714592166 345116062 765383220 917203644 122653745 439311865 924648032 327968355 805225618 416257687 609240521 88291766 267508040 182286522 703418498 749047369 731040497 395562606 59573924 965752123 633336739 69903133 627863838 759416289 350537408 839465854 270811443 973348944 669905889 826673385 736851671 45637945 707292345 810047153 352897501 537219407 950280878 207583862 81401133 99853550 253862645 915469592 169289054 50090280 602072658 829466388 242316592 655218099 753384040 171638576 105039173 975173077 86304878 865246451 495557715 381545557 896595190 896151060 338374943 704395889 967085164 272089415 431121776 263570648 746255026 466649807 910779892 612460645 39638143 899493702 411633310 753388180 756381244 928439846 913833843 854375644 696934379 769542899 737291511 196307537 540262808 228886513 828534033 242100222 409176492 387263219 69039424 112582238 695202616 529543011 377745908 85710364 851604940 621135898 201079897 806780593 742909246 347265145 543829192 695736651 619993248 727889197 221769148 796192639 880311658 976219114 819928354 794413237 516296528 166134011 651238012 841507374 113085919 604551994 116833214 132791553 124922852 967592945 467499970 569595849 393509060 903224722 361102382 880322693 625482205 684231452 682208882 916250859 826972818 708721242 3298122 653551127 142882324 782143336 384869791 34872310 968776137 941272912 413447519 655549331 30823373 343047093 581006013 598171082 820101818 764058022 61497611 118149683 754940063 927072819 586502663 402405461 536140016 113992171 399351917 110880309 572768180 408895786 330047981 873913073 664941303 298533689 542910735 314990967 600650721 368028607 999359353 119513898 350685735 889855319 680980213 296808221 158144938 729004051 606277773 257824397 762422197 646771813 167106431 417985990 193264884 438901780 968781575 432422492 675785977 602889745 970634701 31196375 150350320 374913038 54293447 47701223 527975367 386396834 874973327 593565110 598124307 331772195 199652199 8690323 50293041 901772144 463574811 844640344 375489274 827068999 79692943 101324461 345624245 410222885 150129268 515191536 774227525 718797285 917560279 450398217 573849199 299865836 152952678 913815336 4074418 764851510 841651021 847425309 891362255 807271286 697471809 476557779 121218238 14530773 422343085 184469031 690112301 272277017 908489997 539797677 939537057 302848294 488230709 397486178 560337058 564955513 709132686 464509139 622835568 726900234 792276189 436013924 663613021 359910084 382673358 523502318 466183406 636801434 177571879 161076952 678167043 824707337 837370770 217043277 980017149 15953125 287697125 388412732 384151661 642681541 108441071 21992609 813992176 660710353 807542041 772297880 37345875 125550866 642520875 249724030 632805033 933909545 530715553 25051356 745037624 83827576 576408781 229131139 20777974 932880200 760456842 478801662 55405390 363947919 713345993 267771271 617003281 398702483 127140041 89781535 691745794 489486694 299414569 192543097 211505049 276783615 613316810 898580838 909808102 457364064 811130825 273719692 41366469 467800533 517994929 657955977 860513162 340591474 621682439 605469299 355398504 851173424 728607841 529218503 249075501 872821380 805792005 985800021 707520421 68258344 91141676 809168806 152287680 943064261 11706011 933050697 301226027 495264500 199445988 550919344 88737507 856345652 278456083 246924631 29835824 416287245 5860307 943436891 236695445 604495134 464207002 44073456 451980196 451113708 746754696 100089501 999883582 967207673 214439963 735095324 423352887 371380304 182444909 679252136 763367327 76736620 898512191 60375884 286679089 207619898 76457527 283830045 628110343 673185108 366910905 649330983 823029402 41358382 915058013 608231080 411222045 86630201 26857413 792173512 187869356 543491584 698009081 254889059 935659527 749338546 374868995 865380848 500144377 970412157 492300292 259389998 364378909 493698720 327823311 824553875 650351519 965380464 144489098 429017884 503670604 589628544 565881813 625961029 268927665 873992005 23956884 235782609 397718194 671986777 887214006 683776194 377848583 947209797 980110519 310536398 632873142 253433179 329069669 11143232 363097562 963725867 755654450 294535372 611106732 261100547 502865735 397937709 287223447 63579193 609440050 145598589 830498100 969140736 226209678 863490523 703169208 340605972 844089675 322691885 868466502 283643189 509921615 174625810 309653896 556942806 630981037 62761141 730294293 707808222 106381095 952902121 393436625 964212599 196502193 293095172 153107635 839993449 964547352 172878335 992653410 870439760 300162473 37036599 263485365 864334464 821084033 140204313 838046301 257819433 189679322 226118635 57480727 616992041 648156436 656776462 177366237 622582778 567540462 202289008 16150884 745095612 21457831 892235117 757326296 7134138 435514355 794956599 529799288 419455892 384704269 498932424 88102148 39952892 755433635 733395956 262489798 61419857 726333519 332323841 855027502 768437256 842173169 677785588 639892447 78951565 832535662 665735165 228378844 550110888 563537210 594536889 438629402 121531260 96443241 755202767 932832021 720400581 533972123 261968556 716486901 383738323 933342457 505074629 262728272 993306196 777030900 399552359 461267244 553539186 292495715 774848551 638142469 337083889 81403912 537722068 67316046 959839706 921600683 697379765 512021657 157995131 956183363 925835951 399706152 145445362 594017238 229289198 977068274 441500504 154836350 411072050 716020669 74597875 595633204 301737003 29632646 496559013 310122866 362639469 189598841 196239548 498390635 79567258 403718364 194467686 109822088 525076022 5523999 772898086 607135295 571014806 240600743 671012256 489630859 299028704 437797203 418226051 836044260 675312029 629828139 460515518 323677389 296984801 909628384 187281591 445047214 399309330 848317122 329281003 586730344 496215929 863818538 94232183 99348178 312313757 625311552 307673672 782714727 781137045 771398103 514489042 332042523 299769892 535817441 825574752 916844844 752312187 8457500 412506933 251940109 998508587 523896759 548637721 188946385 107074980 783470019 51074953 121081776 834877012 362695689 237094234 542587850 193413093 167433308 852875172 757476166 706563439 895167627 26549592 146963171 379387978 786494807 322276276 421955184 306875519 424430909 173851237 436398567 673234496 147439128 362638070 818351704 41595852 807021887 593120988 803105363 911752403 201830786 637850213 670404858 125705174 195978780 790214571 523624959 535695221 79363043 888771743 643388978 727825936 69544807 407612779 763076465 525003051 388518362 646988653 785142443 785106343 123831050 671440407 364923475 355859301 446753934 851328656 163630914 661415457 933075133 732362178 625948319 23560544 556142063 427999816 934259163 67279303 460038226 699873793 587764461 970941540 473346022 471517510 169895842 676506475 898368221 877726339 774141323 13756550 171247318 354501718 821993670 895618040 616774965 722781942 696326602 101669503 661492623 119628401 407778926 14141304 472228658 894172788 450642445 125872008 163604923 250958963 823249727 707688991 302090281 2514043 412292218 498114564 761447959 58160849 469984829 438052611 191004568 25902212 39520223 443869388 262273917 369549921 187021487 96243903 157129304 146594390 764681952 260163153 462391834 645165409 154564783 727604729 763244927 297945025 784401053 72355460 540353287 428947830 868676179 791422535 429224859 286062121 391037190 717245954 314050174 441421533 209445650 719325818 116758663 788074589 927322542 63161534 482535994 731664695 295471941 310358090 969690822 250238245 735957457 572534990 912739478 29285343 948802735 772314032 467023656 163023700 660576687 947584926 644376020 270455092 101242576 407944011 118424273 430388067 889493222 676377755 378825896 646100147 558678365 451692136 977514246 617780297 372839114 874916661 969879333 961028956 906462887 405187888 955454471 961391957 654060768 135308405 310724253 410682146 732375675 87108937 786030566 864381241 868391620 178344891 779349523 252059713 750082790 337023998 119038063 943696192 117405102 127894820 381451111 257291862 184552763 879386828 685835822 595805500 491899947 884628786 686636919 488404305 454638114 258582370 9727337 947245239 823768184 241327887 808672872 464573397 717524925 634016445 372917161 223020278 504283910 895447855 206663538 819276670 267735274 681020397 43872781 436239482 506879368 923656695 428332833 501558756 410565820 917164770 841587107 640157355 67535227 327577732 698955407 953711841 56441324 156471402 201480567 284384287 466441782 387751806 229353483 411689640 171708958 97334402 425214923 772094418 411115728 330453739 594318164 161918719 119827096 70196456 112162194 490295805 326778741 39615145 463845431 483110898 65893523 338361145 552994840 973756019 814032272 870728160 238620356 579218568 269074365 187012128 358737904 282691926 214762116 840288772 206285222 154645220 607092211 993677067 166488164 944711510 827671747 537549156 255730332 357118942 609774990 520447439 913833901 552963742 134622473 871050309 314510198 916477854 104583174 243662989 608769046 690514617 580222830 708118066 587596421 399623659 501160235 952903124 594857973 247615204 75656969 855005545 489727454 764942441 70356605 934173222 547458168 200494820 227823714 84129741 620223917 1742915 155152081 937649118 68770199 240273790 960918512 652864764 802423646 507717297 802546254 897472483 541361503 336130736 31939086 949218693 997050661 160228987 352761921 271369914 723667430 247503221 879354649 599690394 810633280 912307285 238520508 44669292 349403429 220302484 553062143 627755433 35809531 984835597 943246055 252433577 916400306 273684013 608334012 165786721 589257901 261131367 519520759 645115384 587477494 141500794 350692969 709203842 2182618 468315620 938048773 470410353 119785155 569264033 351905456 653487119 816734118 299342230 34424141 494726931 909055561 172291455 817951517 206692684 442402860 393195879 164326479 10054241 638363115 80505715 786146894 394089459 467931309 959148123 291400488 450819034 781969699 121733325 226852571 41623942 215467975 600101580 929883135 267811814 534102549 937054368 40950933 15553502 734574062 254822954 282970496 141745419 675738907 474892764 577341006 252327450 128646711 277551437 22182708 812058997 242374922 360940329 944058353 123713138 142004582 254176497 200142954 703195730 843529179 759878647 5362736 18536252 883517072 838590753 3797902 253943374 698612682 182984929 536941161 45437012 215146343 261279229 899680774 670338770 722544218 234719451 428684472 509639603 429150045 28597869 702076093 487101385 735844307 437245582 321507640 177148587 509614914 377309241 505227 842425096 264228869 572834725 868330260 338635424 189556094 143486739 573676974 779622846 44920352 896550973 837725188 926381203 561295580 149698204 777944905 266390580 92285019 354955267 200626810 81770073 770459723 684498368 843075866 784423803 234514393 324945331 60181294 520863184 699734784 310648211 212464775 507918693 845906535 235852566 188776846 312324819 232271057 983048388 949831701 545290991 439218748 30308541 537377410 668901020 123033653 401505165 943545765 508555132 551477369 58696170 430867050 606241342 719054988 238155776 922210804 914830492 862529470 933399923 762856629 414680772 600850042 44629267 560981882 805819424 374644308 704767686 612279002 204607553 911388230 424149130 774191988 522436192 342531857 8452673 409791761 882547738 804451483 211935414 310289374 871140233 51350269 644559503 4004188 924394755 100538044 992030752 422737786 68448145 177915706 490949690 234054371 684970718 441969796 198499458 917293038 717646348 66653572 62726739 973048570 64263614 820312249 289475906 840773148 221530546 35177448 852626805 865866821 200546057 26387611 121995747 776841952 396699091 494307955 402251687 992256627 378897218 488953441 634302367 100996346 680758158 943795632 711503689 587744878 3111568 214009341 840601619 244443527 44600681 924044223 153201254 701710393 99421523 897219482 595552302 864401734 951055715 49348373 683914446 823275662 857724181 823617004 8803929 369955995 79353490 29548477 559955154 262803431 972417320 796000439 743813902 394504257 956569070 446842955 919252780 426752247 304800094 395805022 963319007 956268082 916153607 168184161 592706593 748651706 236458557 764400382 713220647 737837241 859248656 976436763 627184845 465544568 73320364 851367123 397304056 569295575 222132454 570761211 522113073 208697187 529210845 545111046 807662944 373711742 451453492 714963227 247772394 853975011 971575331 788418502 906959468 196756484 766670797 257804477 656919927 259658337 502310412 671411342 69655349 858218797 298027110 940574802 400818212 270173401 653217365 966915737 194509091 982667956 58861270 946105157 315565065 660020731 838841667 137668349 559445609 318315804 347935481 507764592 540326042 634717576 646379846 370346771 915366213 334212360 149570294 98620665 313456937 182248823 857798276 375417716 754683284 274840632 440540043 275429957 535363219 625661042 715944537 544591704 38889601 549516682 197795828 341256844 321739354 318901093 884313745 699714521 581446928 202781983 387721934 853678259 850186677 184837196 111807511 821499641 9084711 775172594 810655870 68402637 419547969 404375930 910329469 276052177 711538637 967812218 505427573 816019239 446595748 370493836 530432103 737088585 800636370 857143353 393752089 301026240 952146129 817519805 917171395 707090329 304377032 992764719 343250589 853837216 950336236 897387950 13023206 212707744 192553851 689754247 729403636 620458556 274416279 177418097 347871709 435934503 138526591 984369394 399088805 450320061 475615531 713385625 529448220 823294508 663746883 794240340 162336205 653785522 630917027 767233005 350679950 327934517 11263610 752739961 87650917 535458990 813777482 341123045 334187149 953693884 971776379 806093368 909261735 516325582 196695421 583505401 296299715 756663139 347791683 239901527 709747221 796234089 243055166 744659535 956467232 759074209 285194403 222295733 827624322 407356055 810776901 770132773 584303622 312586817 412859609 805101340 823600677 600974194 513054113 55095601 363746533 628241458 433131088 943258901 717216434 659496009 436254909 807210311 289374707 87371982 185155885 684964458 689501772 349404139 439159519 541512761 745914630 516160314 486248237 161891014 953162935 915281728 576410627 682968537 800825753 712062163 819421421 326550006 426303313 898992068 557755521 712016964 248552154 639322778 973099644 761035493 719672257 145428367 576973222 406493466 283565396 637908770 65502472 722099721 181335047 945798037 876548621 315964604 76871961 775906431 662949675 393122592 804155349 854790304 288945723 509901330 763648760 763807760 791438099 130331227 532139753 555043309 648399857 227288354 187180141 710373035 172576738 268886586 748494016 477094588 859123367 985824972 763509844 21225471 225807341 702830705 738283374 815873743 235713185 226282193 687214377 242945866 148855749 927428029 956481238 140297543 13017642 96105494 584487037 385737303 814794850 625078524 122690114 293435792 859703380 111712314 516923619 364011970 19629482 163896191 604356475 564364787 912673052 815275841 529125159 290049080 721193694 984176261 473533272 965816283 582685565 780291059 742058484 189306620 261548897 885107431 317587843 472807227 879168517 151154140 69750215 339148584 305808969 565376631 497273710 326847212 35877259 730598012 42092727 970378750 87287898 807486124 722356497 728102392 590727525 914752899 842741144 3875656 750641520 569642713 868233894 531291781 480867126 932235562 550122810 617578991 770134712 259161627 367012647 144782207 74800876 260242376 904798976 68281186 529526947 508178371 811462842 966715719 504923227 889586839 926541852 779274487 691782400 106630597 936867557 997693084 634993542 781373644 862194389 660487897 639640290 556737620 666704639 117001291 173551657 922656702 867415724 711559149 226902201 923845270 819909282 139486584 188894545 66531226 443915370 173821110 281072996 156194516 316809128 493583054 849684559 29373947 461558531 864694354 993863369 691915322 884204386 934536029 25597322 714930594 493368305 369385563 150461687 420774735 495062691 187543744 67062128 597135760 229376278 285499289 900907283 692729540 242539398 601896546 691423149 986760746 141502528 392464321 222914800 608974997 837486546 897910669 648727259 455917787 309362842 608578715 981363380 668586564 908458177 832728034 327997625 730269154 748900173 713181007 172131370 787507440 136689844 367650900 778520104 302553854 33961265 101264532 863079213 721019281 664387287 953535124 563790913 278068327 917402780 46666795 102993414 248571755 541874510 234031002 192723249 455088293 513095264 471945443 177321759 214287445 456601955 401845854 700121717 644926365 708437382 366436803 651841343 229755090 911158366 95380573 540437569 709311609 542847342 66604510 437421280 886796051 556293588 529029701 988436810 470696247 463170287 102896533 20374518 882904873 599028397 200960171 223941344 640125203 429365902 253502854 877689621 681535090 964989745 162444276 850129800 499526415 89211066 760271521 628449736 375697144 84714152 994882033 707449331 842822610 562577391 248084022 453359001 245179807 888148998 117843198 964974495 270464086 813944525 229288525 367586435 302617614 171714938 826898143 560063737 353209652 706379264 899084364 361931217 738958865 384412063 634486148 919166591 517737713 606632598 865441484 878559202 989132652 741068883 622221572 198319086 235008111 274498067 589864747 189925153 265338020 645449657 803124182 534260664 870533082 440669025 218411131 732916096 347223643 609042825 427708396 613843568 823098960 5057221 701491221 813313629 290290558 856313527 897858188 311548580 235474827 337717934 497276286 183975423 667798048 986332000 857378365 416761757 483115989 837706082 464985567 843061524 203658865 546794776 216103357 514711366 375484290 33639318 495891156 107719628 777113654 271336502 816029134 973207651 23593361 565880162 301544349 139667715 932389928 600308388 453847585 430328018 510632202 303989424 562255521 439265902 883757537 185288050 54219877 599316034 315134729 99945343 558974802 610316207 860932733 114766936 780813010 264189281 967831398 754919052 319901392 315921407 614189632 389108508 969998522 438040885 85339601 200997372 282338124 596245606 123860345 72599463 501210768 460905518 92490207 418498703 844456376 609774913 635834122 293140166 307409377 552086729 227392379 512403632 619984988 496385079 418489631 203481932 296202754 251968706 53619957 705309481 440819761 55687769 854522935 942163947 795059133 778141399 481311419 362449881 883586370 151330793 607227912 308029320 163330497 452841721 121779433 220629037 502345062 555145483 166216146 735792096 59328074 462491686 477555871 156098542 342140678 110353432 774783018 247500070 111514277 905557735 917578274 930988462 999023784 18529571 450158771 898252762 893994671 880297016 381392351 902136443 442923990 78925281 158129187 751719144 416528282 215295931 164259555 456739552 152614077 524662032 581592838 851331949 773258026 758925242 50471335 29670608 334125732 473618656 779596209 855269249 480964512 806296466 981503759 841062762 349083803 597898046 117991177 801617320 819630159 357213355 677983864 78397079 980912679 108560383 394552174 29587359 871082586 96744329 739504960 316107573 791773580 820958987 244006520 113344066 605217712 278089591 491504293 344041016 18038424 308987415 262145098 422002121 409409986 654575610 108875276 240262872 835365743 938153815 627020961 386769748 57690311 769165506 856933191 215000011 134472516 366018407 619237364 306740583 829484607 869740295 874558722 979790572 511038445 34284439 766827098 532098937 349285974 721520170 670230854 339791672 861380459 206056117 946547404 841214879 931210804 958861111 200195806 302743641 624770861 583826834 35514572 173377866 321622147 729647336 412848514 94436030 452545790 789545167 712616375 783338625 78875353 41499638 145847660 825697970 537932028 426462163 902174880 25302871 930541541 971105056 713525665 799708726 210732923 309136925 218619154 916446501 511296552 808595073 863360466 298732718 709028099 9767954 945592393 962866110 930092947 750498332 317990017 105833283 827293199 671794382 921558967 813092868 798126920 115648284 52749291 676068094 494678779 452967066 706840237 998224343 589611646 934168312 464158708 138988467 623139590 52262341 12215729 662304299 65223771 515390014 335845660 546480263 444297819 939490016 514188935 995355452 152099914 880195043 946874454 5202804 228620733 482237478 873299201 776642073 896419153 132459169 482983798 466658326 41780684 248827643 685850019 164640109 303090633 281138429 343187086 607365954 37085080 897054246 728270056 127304755 717411425 546793172 242535487 169525268 422378430 956775238 877914750 166032519 821736116 523193218 411509414 587381202 532071089 48873131 333518693 313840258 773246041 108818613 31352999 573446969 562637265 980351113 92657733 10210081 895289423 415545145 361934917 975361470 707169164 605551480 150681472 509300745 103368920 48318392 419068214 773392971 420028695 837148575 693671545 344495451 545479999 100857831 224789448 514432711 459196642 550743919 482204974 539529328 160656391 536681027 738151789 911449297 102984697 376902147 233815012 94029923 794428786 343178350 80330090 481833288 347400605 361521939 846131448 590697697 260004421 975613564 2844335 301956005 622393273 746464715 783599814 896652740 6084034 609968538 620043609 362449079 89509518 513878595 869723240 677837981 13113978 767901255 651779962 995457844 679326894 603783668 584611577 232888470 741398690 384406575 235042460 787987484 196096692 359194098 804537679 822676913 718039411 726608229 416622077 495416241 164657315 541890507 725787128 106619298 958056376 347712025 853737651 286414335 415439795 529317903 262912678 439930326 950656784 422102973 549886033 142258179 380254673 856864792 682321748 631998066 669373476 804390604 168272523 89257570 614210270 873049312 761471752 85370391 189604362 317744383 15735318 627402983 133647165 467284417 952016767 125390668 417180604 43994773 889197608 33775816 66923519 819064996 542079877 732423037 405335322 105679868 175645223 611088809 36049354 346965888 591702858 352997625 234945576 157018143 819160496 198687914 836824667 723360417 194051908 273655205 108636968 895211328 604027316 733006570 265245256 19825894 871395831 441169166 353525742 697997897 540147635 437283927 846056130 258193532 24306496 563863610 82249337 595276034 701085521 84083420 772038884 325201233 591204924 149056313 739655569 887373324 638965988 182363930 622566894 235269442 515825876 126963321 852036236 643159764 444237290 491964698 479794722 195267912 414046301 334532435 110192295 469939719 359965124 534802697 858190829 72031421 468158159 676941952 857864029 244685592 921974067 252892816 168785482 735422928 593561899 138566005 466021649 317981593 920389960 390336693 685710982 692394854 866637676 484175052 67369147 545841214 814669268 106998540 300188025 872179803 200469697 282686365 880105210 716178319 462452481 426660596 946765862 986498605 672088009 882892901 493252668 318449381 35837958 870526674 525799923 46172471 710696957 205723782 568320184 513855680 619195491 407644505 635755149 532286256 732179564 231392296 372030092 951107355 610177385 979434025 505315385 955717623 5834443 339864561 269995833 154992380 796573612 108975033 753075109 974425258 650285806 399011090 527571795 162192622 625811471 153297415 88245130 804283132 401858371 764151856 810317514 543783006 390521572 189175216 3428976 287909188 121815801 101620646 674810872 603859096 404070245 277959542 455659906 60138520 473695851 580952321 300616385 686349427 816817806 675380519 770030869 846067770 947321706 941774346 219164397 5428063 892892166 84670367 801695690 530294967 625364960 613078160 438885960 656059002 976252858 185424086 684799962 138761005 644084774 579850493 171343906 648096616 23801916 121717464 636097713 535490018 717669741 631907940 944961867 457633134 597357265 266390347 103134457 614236186 318233694 992382400 162833977 146285614 514481409 246136537 215226019 173287234 566223330 954836744 185099085 448907591 413005626 473670834 766864708 835173661 55221746 290818868 216015685 445858165 423013445 453732175 179656941 321588663 888888720 438525441 155120850 600362100 98968212 152153822 561651590 803469858 240692989 607152045 110193848 426825555 899465157 695900457 195840475 176676361 160445025 371316365 590448773 610973735 137370728 103990187 900436962 240005698 200175873 886678073 674051959 156874195 879536044 360625819 269174421 299934030 64306962 828432330 349647796 130953026 71796712 325898146 564939001 965286314 169647584 296190469 713778329 424335778 334631966 538370590 97901433 603680010 212135282 227029970 510681452 924857670 169293031 410987670 809832406 543261746 813764772 203168664 291975781 572652624 518269002 590626785 455819089 716703737 456908883 274482852 660582796 481996449 681389714 466798431 60009018 238262862 651450911 587214032 487191661 370011662 287574923 999652868 57626432 708949681 807848248 87573036 548058374 666982386 806978729 230697591 14188277 206504967 418542039 595837362 876455451 131844218 554183288 875368681 544902696 646480366 814089029 581590569 723369684 329598840 119375749 119291836 59767734 248130690 422205022 952381062 920446788 583816296 126243601 591467191 622887443 177279140 936708580 670960701 538345231 562664579 812427477 356551124 388467544 833987239 977113593 975477176 299761809 502041672 730267331 721994587 948976557 613898408 262872461 105528421 125339257 667857690 650843856 873746866 974422347 508746105 425948423 542818304 421371241 58321395 878673561 272349468 819426954 81322641 321433012 44966514 722450923 978784430 117898144 432964074 393622588 458306002 678968643 265625235 219445910 873230534 400722159 887870900 955087370 20366733 605082631 626684183 115465875 10181877 654299634 547827430 120152165 956684969 314411185 619957040 497093994 383886874 278393270 462089153 818309459 584097844 367881096 76896432 222164715 417395574 656223007 702079084 757257749 295740159 23321919 869060993 63379300 758547706 340484041 84670798 196852544 574477063 796843608 358123004 129659703 391367648 885734022 888097155 634309770 947445423 801098372 936382936 711845183 616385434 378098131 202622154 727910977 509563139 786196406 690947058 582395298 309021949 921424960 760611638 423754164 650151570 27314506 82823171 857885552 230828658 893534881 97546688 364166652 472995437 532354277 754342828 931124009 318674338 74752964 12531492 686320806 120135097 88815122 69918359 155226140 901187041 299699361 620319322 849927563 959935056 396287626 108091505 776667705 595040740 151368095 932155294 637496259 358475183 201483137 963102017 318448845 559905829 840120160 893629382 908648203 453142393 302637962 414330631 407868503 219751405 718760278 441731875 748653936 322823009 766957203 960204916 252449761 24291639 809450009 312623055 27604947 199659140 149253358 694307820 445468468 320920951 326312983 484938627 764459909 459319048 127270759 784191820 287638861 246230289 421543512 518079632 772087278 852563242 491353380 251196056 62509231 607033169 306908032 350614886 24266342 625506819 470784065 971719806 576372232 659029332 320360801 310962238 502685711 618679001 293560630 813868694 1503106 472544419 970595814 945537195 447431702 530107055 890422087 229169430 269596615 253738538 204768063 663672736 364904921 202627633 129488776 458081504 446439932 493560121 574995652 860684314 504203911 320016396 126500038 293908235 262569403 833539981 992357990 949912068 604630060 111361261 927083681 161863957 193721891 729218081 89488527 641388958 157255577 839753058 817065283 963992275 377101577 776680899 321900284 48332674 766944326 570605115 14988351 823329320 948049806 82670663 422187802 291622939 237019067 85770428 990880076 953316138 29912681 757173829 522664467 575916327 740640601 407024802 391557655 231676220 835794578 759903016 935922988 968151803 801011162 966839711 758103670 334750507 845370534 524410087 893245736 83873419 157735853 400496802 552164535 81060382 346702953 682043075 448128269 920679856 297047735 181957205 382597512 529952090 45117175 546023224 763026037 616921101 58654824 990122826 847193627 579870718 69531055 305152696 460033448 162093038 924362116 94514975 286652213 429044571 511607759 286876568 377461714 740784497 480899491 878525200 56475584 59514889 118632876 602559322 812479650 438384947 289415429 852988044 730589067 846901623 439025097 400021647 763719990 693049924 491257423 685151414 744932125 819298866 998457395 955427694 522452714 436411640 70747239 151488883 855752180 414113928 866322677 294006117 952139028 75552339 531625413 833534189 761037707 819131978 442926854 704589012 781238767 214960075 354337499 747313483 702306135 33786993 805724644 891606230 987402511 960810649 208247732 800904042 361337947 401388532 403390808 230326974 673871475 205430928 947612022 482128475 368663720 666377621 965233500 864065558 517393402 808949099 403619396 410243419 224327495 596728863 336811711 119310571 87176394 747327381 275942979 255482200 233427975 502638343 588325523 465523762 304699733 766887305 228654581 288751210 999649946 128815161 393807173 791872754 454132676 322542678 807085714 817262857 432347241 599772999 453550730 843116699 837938037 503276809 566417756 680342470 413600545 350984653 632695929 56818863 766864632 206590587 556740343 871432906 958524755 640387442 731756832 860621814 548447237 169314208 636001254 81422021 378619650 685838667 857304570 545999007 602925000 816693209 517184615 228330601 283659533 544158369 92033568 221126002 408439578 404188439 790590388 979702730 377882374 441386555 483980147 265225516 715140885 398008835 139137193 137927735 131309422 142836137 668810250 486986099 525615967 335135796 773808690 197107169 481675028 496779460 583028817 793831446 956805527 762999820 311205478 509142747 366999466 413869007 810159615 241337035 507492088 842950959 767891042 85778738 987652490 534706802 161089432 831668607 516828123 842502117 98703989 231854810 24423585 501598941 951997059 638692065 751848975 918844812 665527766 313866932 136364323 82556298 593732283 2825099 676594405 947348799 749756225 511148717 731285928 397189414 892370356 626130008 223867420 418222853 133680105 243168350 15426700 961190164 318341007 258544234 487752993 290963956 594145296 768126298 627902828 350151840 397171178 451862212 461470297 718917325 964629201 755876366 586723109 474526537 788218616 329215016 433095669 546399169 853442435 333220762 154778581 33715974 349199878 254767526 489717374 677400113 73470424 308438240 706637028 736232400 849341298 584339585 907543763 13011848 679149204 632332461 55054483 272230413 203394028 398755571 954530536 738706082 50457074 783356842 875894724 619573152 123550355 740836957 177810144 511667354 925588418 503112187 346548331 960794066 795213576 647138884 44697541 826068421 262214716 385790922 526594398 465575911 708893732 997757555 148575181 64711141 806531757 732539786 78987617 808565925 321861199 45543606 259856402 249325609 548563087 906831521 336525108 919923827 201500894 661625374 446429085 302704198 720980575 87858390 644759914 583532587 263318989 259617820 666062114 108702410 790759407 343358677 978953293 897864296 196606716 411961278 866330369 855169119 935985522 377187969 601021910 995363192 528512834 508820084 700800762 613717333 421098802 89585034 624933099 476478004 792360534 175346603 445225157 150437593 45856458 613937547 909762108 671404883 427880470 849312093 867189171 865537925 63011907 303654354 97790303 81452867 486264096 43358288 304453200 530910154 249752537 715231808 787194362 636642423 658075713 617292518 639809833 593942728 547722312 931392819 484651205 895223669 964744990 44472052 549547247 851979568 21233531 577846132 651163121 308485773 795861545 225554050 542329561 354503095 30211647 766606993 526163302 938483693 821417375 50339260 503972248 847722282 622355158 233658470 213244578 197340793 764248756 195212357 16269284 945545945 621861351 818396292 153746989 841988455 188903591 510797454 138154172 374133275 857582612 383890945 189136760 286688275 953672530 396034066 812357080 659264754 506837215 676105212 874191381 516634792 519252263 618130048 374341358 826578934 573432046 235759036 901753896 965086339 917468548 855370148 717375907 959906213 630991791 468960242 31460382 385459857 945870454 781497215 831671946 624444969 768664879 277901513 736515733 465756346 707419630 906477276 881341483 513912991 42530880 192226641 947585764 974478783 649909509 789603101 866004534 410009593 918456374 418274649 399358524 902788882 416235300 27523153 208532967 18076043 543759424 113231449 800780899 638111503 230595798 964302533 161190568 253482975 923632123 233678233 831227022 752968507 803979206 955562321 437460946 156209511 31274776 954659225 403994415 763306415 77135317 765554982 519163114 489563651 480474056 672281331 70792353 340440694 246529492 442564969 669443595 758538428 778907431 160690913 977862281 645004153 777557415 937856246 34856344 355412532 649254368 8320002 86715584 903884270 112024454 534643969 900449768 186324338 358784730 570004955 804745510 395029127 372138224 626093118 267494161 872886835 379503238 436582223 108926607 884902499 735705806 623917913 16951946 143320648 407288564 434745362 550066979 383685902 323135809 672383346 514199123 507548325 373536336 588019286 589822186 219836339 491498913 431878951 400095808 249356174 109864316 400072414 593157999 333483831 599815209 939077684 753110525 40612413 160201639 903908052 57003040 449762470 190266705 347415053 454643115 591219444 737666033 79786893 89710483 266615794 312118463 217593096 149627015 853913453 351834033 317853566 534222102 981616109 503515255 865621089 459180253 133259781 946146013 78910900 650553005 750345841 761746352 591358153 888988644 309329553 47732111 305089654 574243532 489019987 568920570 283312859 174680463 299392577 576535082 579004929 956364375 306631867 707591023 312754931 980288324 592949490 889212423 86543496 775755874 661247594 811942403 200036723 173707588 739877736 550392162 971733927 342677137 703932452 29463342 521387972 823972348 192588566 337090860 321275796 913726257 234374750 7141739 845826890 418243220 18966387 338728705 469192177 78310298 372928757 854690443 20292528 95218746 882765330 819332606 350549516 837189291 231724090 401235404 202238647 1214628 90276764 197125007 564306178 28799375 94272933 13347838 317988993 139697947 624049334 562489858 248567802 273752118 591060680 587399687 20801134 336102246 39730052 190569318 955419880 216023861 281974356 172478987 493020719 704728778 110347131 206225098 469976212 69652330 867126892 318048253 79664491 510941531 758244014 979860016 731290532 210480788 548487460 799294686 114287582 208190968 276521217 927786723 384008261 735374048 65549533 796308659 235406361 608412157 954114767 966949124 872083826 157120254 67087349 96974265 371931660 660578749 265117769 773374936 319469716 228201137 522015740 413257515 388223964 321235448 699204147 912570745 677438621 203328804 252872808 402963962 308603930 482767416 20391742 162003772 24079538 581880194 361301415 853501943 201348028 832753219 9641460 846615723 434262384 88799911 218321994 472140146 377796304 907626923 838193139 326469786 929049499 754430721 966928387 938816485 655844788 277608331 13562460 294894651 727499109 147393685 772760238 159548882 803242273 106084929 925215599 916967247 328710137 259111053 651633707 469470522 156187547 406121942 673194087 698080610 721836151 318599930 40623188 29217445 378678245 761683646 919750140 967300974 501234266 950230779 903354531 721594250 636512293 802926279 209033380 177570724 358847716 45958918 961342757 333667651 398860942 896771506 540545945 370185344 153610451 573881279 79621200 127024286 696368887 841162183 609289044 233954946 688365284 819666828 211106905 272678749 923877348 513540331 758686397 490076405 534293909 398783804 353173734 855872061 720338814 640165764 810670403 906427034 253590215 912103494 997811872 374260831 970838253 656329712 656740226 838728455 265032003 281279390 74437710 949119153 352708520 231772984 453509876 685049551 705001266 399740099 546890025 788264875 274105315 290823750 188248404 513214336 200183126 182321817 542839821 696246364 94171331 936022633 664481616 182210613 560746119 827493166 694070293 875273523 491880276 325354800 819566040 145977624 825090404 538201056 450776181 210946570 730813175 149506694 477638559 652813107 21097893 279459754 813767856 251629245 6380065 309297967 158563531 707403203 152077952 975441349 940978813 916086030 505964161 370104893 716519171 516124295 744098093 159022998 252810415 116939537 190304199 846257021 104928441 786622649 462000276 565034506 820840366 268522898 965425706 198860476 578873619 149149866 11656932 243878083 392862270 488816263 17474537 245462427 339523024 626060978 730647636 67187038 688699035 447061227 331118469 32142151 164098137 309354145 703190709 330055931 110942630 799625494 27343250 841503637 945796860 438253489 539566342 647100138 320547575 87695485 667882459 68953557 548632903 544390529 734224458 727625042 300950398 398588164 965462750 753483950 56004570 899936008 611505423 808340439 123572367 909124199 727761698 428844241 541892632 845585018 444381183 160096403 20114231 834719794 39150845 524148076 369462588 376414010 205317058 480745324 754480474 495480534 182969913 844450009 211925869 22768493 596545500 866604962 513356153 283978390 568912659 219817964 548059816 231150846 958140601 614864783 990998422 325160459 58141374 799330319 744679066 94308766 524137135 634710904 309130745 733934865 345089962 799763254 806939404 177485617 61106574 950388077 36915530 654572842 798769185 872886448 413691457 184824802 866357072 741112458 194009023 403454672 177355259 660578379 311928706 699810592 16409359 899082594 416868320 773715851 949047545 151943967 820477897 217564802 688235520 969615930 845748149 116586935 397571960 650665477 975827677 576284197 723165644 780274659 253507344 196959800 721190951 925422054 148267489 309718987 986994371 385880119 259310313 895599365 319119494 734451326 632661245 723860445 827110151 453172530 537546716 587708163 520343387 999627728 100859170 986559448 860453362 482227888 733763703 882132322 283343300 846286801 33587403 788447240 17402618 313192647 169746799 919601967 877068282 49594889 596955254 730932586 444353396 697165664 597157830 33099018 594478457 388781512 105356427 729321224 109039059 888342264 321826752 157304398 693527211 952694779 263037524 981588538 217355097 347390852 482338972 284508746 247780124 673444897 596269690 353285704 488176288 722765998 985809316 6701299 423467248 135055503 907579959 332262789 922381546 493720253 275625561 101526257 329759522 428264272 346689840 413512681 350688524 951332970 891510201 458694160 291994333 203930819 216029272 439405264 259500250 97865224 654789488 604137416 615282784 353277134 793097303 360104234 4145641 728235383 188702035 929342258 932841018 761988392 57297046 957154652 430545401 605158008 120832253 546145088 964569711 802927480 890856852 699077614 968853132 302826276 390915333 13184428 29337614 685303255 846524573 957860317 577667484 102115773 379277277 194699027 183115347 1032521 823807964 114587703 346685960 293510869 371400192 634499295 160906055 929328670 787384187 780428475 503291808 367697391 995760740 486977405 458402014 45257646 980201658 153873004 833596784 965137331 319603322 693783405 982625288 511551690 481276874 750120605 806943225 824559506 53792786 174152698 869951403 627337412 712388523 500331567 665978668 631763277 262672552 97909101 837675490 828997853 409098137 158395553 725660945 843859880 801155233 642289575 163970877 234234840 232912093 378278726 536092206 919440552 696188576 635215945 829232142 929807370 244478665 632901738 345934685 713865738 986981830 68746272 761196871 288824151 962497571 666016162 86671194 457517260 24101656 999654666 69487233 928998338 471126409 73767891 550572692 737558280 652379853 920365700 789130166 783692083 630856340 8985874 51707562 766719123 433998732 557673455 259869826 219829943 573221924 592960653 52967940 811894808 40270987 265069970 511617109 156388946 388002848 521013987 495784816 57462268 537970908 887722923 61822672 288236437 95717224 754067083 90480061 530325102 314868798 68506506 973985389 547909680 800567617 889197671 693317514 36536099 170944689 912841745 139133921 374723201 875854230 793137966 78290313 617327482 448656442 282285066 81475154 688820053 100411045 184129271 588687129 212842321 589597964 197893161 940647738 594364780 137612962 937799346 757557347 487951984 861716617 520164910 739559514 33277868 472731633 322726309 880709202 192927806 632152761 343674873 98544561 32234235 143961249 650417391 48384596 12819841 372336163 939286826 497637540 114388116 979880123 481499133 110969990 570109434 893141102 653428941 569552539 33373859 689636588 682600214 251011184 136528607 777378415 476499434 395047853 358909249 802278406 958881179 852705801 618411124 954842174 599251573 187726935 298517156 268270581 612164727 303599575 495693300 999464710 723825504 40103615 664202956 718883169 279219471 245324888 852429819 908709063 880284418 728957931 897782560 5196702 208576399 140310471 60559616 367290467 142933370 155907085 469965972 871296355 873352041 967503421 506888147 309985899 279778279 329989604 635743560 892117820 625659234 408772888 596290240 454932325 247124386 604329991 64330478 850491415 401799757 172833632 786053387 667194245 2501095 601177850 676465394 818359681 744176232 825549800 838048440 663784081 217293474 92767846 932910972 8737630 548280741 439506469 899205598 167507888 52968298 504088076 175559890 745169925 510681574 30661805 791350476 690633187 769222268 917063671 915059271 776896059 363491087 242620066 452865950 28458625 420343784 899295853 53662483 347482220 100565635 642344313 619007254 901819949 723346186 99956636 550266318 487459790 978470291 501367941 408337359 746897169 86833303 560498973 876068558 839047099 993267106 700534857 386987835 365055842 125508468 37020001 371864851 433377701 160952353 401039710 705258541 695613367 834262770 551369651 850898518 267464838 167814841 41347248 401658951 89561468 157066978 110479825 815881532 86526187 63093550 781597719 282399280 51275772 546456147 512044851 516328295 426359176 590929650 175781365 626560239 707475126 609686301 359717777 28149462 814396587 981121586 650003591 136099384 368881023 676393208 459419874 838569237 81516405 814342453 511121434 840687159 813509937 98268500 761034260 787395805 643854802 37126573 554875921 350310912 76950395 514034640 298316404 827765971 904969269 193452367 649559462 878115477 3803464 283605276 103004519 658539793 737088459 346169783 61818983 393691874 792423872 988880757 642821281 279326242 550846654 177896884 269104309 671331163 934294009 210445572 205568768 564317778 159116176 614803214 538582299 756907253 966017611 466401766 274467990 759022440 483699086 885531655 236491186 739357177 644790280 366363854 187573420 283780922 972489261 172003149 59683013 946511261 239719066 373760538 523375152 495010908 128921167 268843953 226070448 201554710 741027609 250737767 719224270 410104272 704678878 890680918 47670476 572041658 38040530 407968064 421920049 678977311 834866503 380042798 423115261 245168475 372907214 453059471 387325258 71648824 460736628 760596517 385774233 664331790 568851299 941150394 100250179 210759869 960540469 113562391 204021853 390737614 233293795 271644021 408750066 955782763 513894762 177093946 697933249 93271695 370712913 814591739 395949734 161000261 554647543 220271167 249134417 144147601 891225699 369982663 100259515 972682076 735056219 127730289 505581617 926467229 368612936 610460515 186852470 160715120 855759977 65606622 47098559 905431825 515465959 776311039 743270328 823424267 541267680 401312894 411710976 825269101 236894588 46174449 898005508 237727895 919992150 408857202 567121070 562989889 738676251 643398228 172253840 219063568 845561309 279479399 211239014 744009533 692024482 698441503 431980793 953979392 141342699 165359412 978740480 631148764 946371978 914465990 620279738 897280353 387185486 874388996 335065516 786166013 295241886 703155281 137346128 973171704 123345049 418137327 748941163 475399444 606127778 451829065 25528223 28252294 708482366 989254943 456585393 770842255 934982235 678949855 555724262 325451543 752753890 916170361 686629024 647863530 14773495 382479644 26011718 329131030 288806589 278965593 923844319 739866828 905057492 186228711 529964306 422144134 69098934 808489324 274784865 752221442 102087512 755416950 440385014 313839919 75725760 756731691 469586025 779104607 246226553 786510152 777511086 211608260 25180822 416751762 351067398 333723155 636580675 316366431 128673184 846199132 762008110 527603960 124773886 629999201 498139039 92301784 968295510 758097972 880061026 513088254 845838802 805167911 58849255 664799814 533068479 740190721 350036618 846375969 542309391 991834715 427381182 358429619 31931760 933644997 24742640 759385495 835576640 171550003 205211178 613025361 832150382 148842357 325387916 385630505 205416005 274337631 244657392 210391047 543033616 328062738 831340412 901857895 103179874 935289481 327020507 293012602 283761747 449807981 944549297 360614051 70990476 424605092 834491471 105275067 218355630 174777831 185595673 757282736 546250578 584389127 493477475 804918307 340543592 107509319 774867744 131287534 418092496 826368291 96992372 679966347 636795124 319006469 605699892 366462562 112391074 340773996 134789216 217078217 949884009 266267199 353069228 841371636 900908171 555043606 605836096 63868503 820255841 660160326 390289058 474479581 444050628 10146707 402547853 217447904 28134567 592230154 719366588 612145710 385792825 525919720 939775790 962425416 563935517 765443892 659800679 304272153 406983173 117597697 851640648 437023696 889987665 748707291 433405470 983537508 840610643 475796840 336045261 879622033 394525181 953227091 473557935 203124628 300889120 958934011 895979715 657806359 143746975 898127740 350653772 465927245 939047621 630517101 186430339 566662684 635062198 649567871 869908391 85384422 501494753 212680565 56822746 248669678 298524012 182038257 632676017 751865521 395390345 351904166 46478982 302999383 43200303 169683995 659515164 267895592 304772014 435771461 424271487 19591028 431606966 252003078 809180816 267365422 539004058 111541720 514286886 375020016 645339840 440637135 883613732 118225105 775451306 91205505 501859760 208416292 773556070 290588379 983137281 364394675 148622368 121870058 569159294 903388572 998420998 910020307 593124785 810098961 436175967 59320193 802935467 217599470 396204276 526239971 491035009 943971162 670477220 587387450 267795687 212336405 488437699 533255756 765389998 196966964 519637305 163455330 369237805 964290910 970840474 833525503 734222470 260029700 735220731 228709274 110813894 607885163 45632247 947244770 706247704 261204533 366849720 164029365 23972339 190992523 181587606 73598405 691379257 13643508 488589921 64888391 62139442 352059567 629114078 998601529 300038812 370285028 86785696 852390448 17484189 688412560 607151277 663645545 343595649 139709328 120429575 668477529 554901895 171190906 40019342 146768294 758052463 641914652 113078650 928438029 159648307 539736488 786578645 549323290 251516464 442634643 992462901 365843297 909901144 262692640 881637996 605231793 794673296 250511151 769436312 890203453 879482394 853787742 378537322 267309651 759190676 795286351 624608758 415213520 950106638 335273331 572051463 189363223 891083940 139506418 955481115 249553572 262277929 935518431 802702520 109424119 756853757 274107110 445927630 491229774 965048963 432016914 949150571 768228919 433942266 421323167 188713142 712487987 33047567 314858713 968052631 174030983 528004883 679765099 462866045 577273300 125193308 679505276 776448552 753801105 143309139 746333115 731673974 86222797 12251917 146548414 586530443 351403685 73506439 438604485 8473616 419162031 3847716 701551018 693535069 391064773 698810586 356644299 674213047 332344637 889760786 503164154 675504011 943406018 327539283 833798255 79642515 13152701 401732081 119934409 394751138 282710923 640194223 989252964 906534178 426002009 649530997 71406806 54144573 827400032 276545203 259102590 595460291 266203005 552199015 207737509 571625328 649805246 464570487 553496697 148862162 835936619 847706570 365747088 899708435 596827254 758060723 241101215 673755988 35913690 37217192 405864931 234572719 912380882 279191996 496631745 930759015 542902110 221838837 627731735 586387881 749891237 135184708 66791952 312931555 229956792 324562129 200174879 611535839 438506639 438577786 249696863 758272636 71025177 960929887 476852724 298560520 716014330 650241520 818496153 942520141 901597808 971768171 81006536 739456477 611511326 990039885 271426346 895993141 778026701 850467758 68725873 32501966 669086735 187112609 587793113 291972738 975560859 471110019 580046748 575977386 502087089 508900559 510832474 337470540 561918732 68318795 247494563 698192716 48677025 215562224 508075264 990880653 472781050 165293032 97753987 523958294 529113012 792072954 79102750 304140750 669016663 494450902 345115728 209502532 153686310 869491994 728934121 296439416 333431922 761351993 752900977 599950376 855917152 836678761 87334457 951511983 309277961 829752103 94487285 13216034 336559125 793735418 462575630 489958220 695922228 374081936 684353027 263977255 240378454 754071194 54630874 577029961 111304851 21504056 332126492 44806578 809617387 582272137 746552940 180052344 741141221 284233226 765325414 894400139 174900397 963695405 629975087 593219325 108416134 213895160 541454074 84208037 361834930 884429856 26067808 849251530 666105053 197425098 399823326 365260653 781502510 346569739 926469562 766291912 750235458 301287156 437910241 358988385 527919403 555378971 460093217 184254659 1979404 935868941 296366443 142217176 142879975 178818811 408872957 633022871 949310273 945387103 395522472 24652610 940966819 407500312 675408642 495284023 535472597 46227716 625218281 849271714 416967875 330715104 428246905 243555995 74643086 656906949 236940776 737038932 184583169 75854163 493031785 559211075 181021488 677905695 887789854 167077891 134202707 905508108 223795200 912193765 109578595 399802781 455062381 792537082 508682071 590383867 466565248 807166215 990903591 727171455 570772274 952384874 913413376 407306821 228736406 396599987 395593279 630101712 117192007 594155498 898468744 360992558 749842509 258524458 142969270 507260564 808874522 467745680 830535011 869866651 527717458 934468478 321539808 787175469 248038244 573372816 464980493 843107271 845215849 907738200 380815929 466951153 744008665 559239967 199589393 370313954 126805850 999340820 420919360 619160331 692801943 962514124 716513614 393435034 152537327 514692526 434430622 543994027 643411184 147185038 739591617 666542012 772396523 74511670 646377882 143282648 201248041 319445772 928890154 438193239 226516457 216169270 119445200 319286515 749116083 207657340 530476901 357979462 888526547 281991717 569809607 932494747 194742235 566744785 184339672 706965319 803341539 383133398 176083164 625430195 42241950 787812743 126730922 368951949 421950533 131723547 237395571 922560092 987347128 74660198 593822403 267069882 832875168 338448705 188703949 857678478 706672881 85270437 884107225 369511472 80687738 821394633 316944609 532573311 725260404 708526473 26543217 634204780 668754806 85511733 347752042 215805727 878919100 764870277 178992620 186434795 153125065 826180771 41543241 562486835 742974015 892687920 750303201 754696368 594125692 192404261 379796454 534065823 165031954 560475114 915877247 926170160 961826423 240913174 198153239 210281795 171782516 21684983 945196578 678025376 375760786 825181814 909731403 162822129 9988308 197233586 957324771 939047843 748120071 299695189 10200409 155536485 536455666 164126550 496243123 555315123 859443898 991908926 210686702 48206849 911885607 189659597 799342746 586511952 390363725 442845474 684298361 619018507 858274264 260647131 548173851 546737713 832976828 952765473 114287411 43758654 142463012 592195993 874392657 551742670 785551694 205581889 795808116 451066186 77832797 685416076 753465665 140188043 737513667 926647524 416960019 680587192 163442812 441046436 839116650 331281749 158533797 607209273 875585938 208735294 909065008 531771237 368903936 948368736 254048862 925634389 832600698 470895871 333921804 126744929 955764737 868867001 492926398 311528293 630068408 598052110 616738364 456966964 384118853 569192597 846945714 671040994 516724923 365169326 94895658 448526938 584479343 504489078 365006254 227943284 644712417 695660900 353102343 373588241 85191275 996735434 879157673 460922164 965730531 352164888 799269922 327350488 13887094 752108522 51577945 31635702 413051097 969105520 299480978 933579604 476127853 960719409 381550599 111058471 304095255 592064177 146996861 699945356 868764475 112975067 583796532 887885643 526988187 360141885 994952838 597293189 327855478 808249639 32592193 525425304 441970285 969764016 602459286 114085050 83441287 381501630 625078505 974215377 852894333 24879597 252351409 978081093 998926988 256516175 413948813 27618253 710115843 458462043 764623707 405503712 489022374 498100338 229705349 484315590 685301331 240886692 236656009 167495542 771899384 63616724 772703743 22427097 278223143 197016908 390710901 935164414 891339861 794198826 876273730 335261556 660196798 687123499 143690801 275355695 753270209 429551075 300194172 488150743 104330927 870442096 323933650 311972253 589299158 248113907 181803135 488850423 646009717 549741734 473037723 610528369 675263436 656342815 492977682 34656796 915411668 441840115 826462653 712636080 185839937 239590387 332112602 515941307 40559382 875179775 872816894 579199499 933005007 985741702 946121016 139500605 199437858 745478154 32406569 780283824 201355778 828234919 608556916 892889552 99693376 129485711 647638647 306797666 497415400 611699587 747548758 501757048 179500902 492992336 697626329 710303528 75826590 560834280 669373969 378204456 480603115 989391361 980713931 370256961 60665363 750774613 491609348 282049262 582191300 868493658 405938673 127423492 360859222 626456754 573915716 281884036 182017596 359749556 445259712 71244077 45133250 13735834 338611865 48532556 257034468 65485380 626962321 889109735 356234459 525098539 763548434 168088896 287581918 233970261 986214888 11704956 771678432 441363599 19971598 797917791 757757181 487751025 324185450 861164104 540651049 570526624 754753064 929094314 80669834 803399578 526504842 550937224 562164796 851385639 803502301 355847676 974822787 493880104 97991881 245274516 952693745 407618092 361132982 503653624 466501037 994851930 667130730 662407832 523720518 754543825 334747065 633199689 417150611 964966911 392157703 231766820 501278422 605916278 601992280 568609586 200663981 548508889 483476322 384717583 843424783 656599904 592638138 239224324 424033477 4198102 619854121 807323408 703957576 197348645 387124591 317595306 612362455 661597893 70465510 578353754 60019054 40564929 299470726 297780635 273391803 799069349 74146721 976213464 636948548 570278796 158042147 699571377 134317146 254937231 409822279 402646572 758847076 288926697 232561900 196469711 383709408 110446108 342856352 231727465 165886034 72429156 939750986 977160757 516407065 952805615 78029531 285052535 16191689 151664428 786224323 478957887 130154344 838143110 402365776 876989779 810108077 720413589 616299405 395447152 465154500 895908821 965055758 894709606 146884696 601569082 624115888 314729310 774339851 750120435 707427669 334432006 995870756 768321615 266337154 195140861 740822347 3825612 796153858 19451800 788906300 404637782 839228687 445946361 297866431 495204252 231769326 742373481 968464937 855930517 95735700 958866084 788697910 429503886 404886766 187384045 543545693 987783599 721821663 826139723 816412234 139451643 397797769 529772994 977955553 267558735 657503283 916455271 896866827 55922474 113735398 326582535 887400240 762771255 723469941 796123143 860442341 346107596 901797893 287045821 175494334 555953223 113150135 776471778 998473884 102106358 599508601 904282641 144644925 410427912 581096296 19078661 281064970 103081254 52838065 178809475 458728487 309630714 763970842 223804011 495530254 449534327 638834696 713880203 211175539 323881449 741703642 295024245 735225205 603324468 248556069 83592002 457463235 257187997 963797049 292072450 494387394 259476170 411296374 399671417 492806869 926256868 687417391 538068088 551243510 579912762 91915408 112540587 757218518 234338438 651353645 399042100 726930606 694065270 803268709 830139260 398037625 372073298 647059107 336346664 40951870 259315085 97105539 399548983 683482095 643135780 554332090 198281066 719496851 479661505 680390672 830141669 942236570 18226642 332431555 696751960 813937085 216344410 161838762 668233780 290473749 368466701 522943230 320839420 279988673 827712440 181680745 626008783 928554519 915463935 470373918 467730224 204028188 790889768 986612790 129352020 285441086 179976408 409398192 605790695 9814163 367204967 254308578 819383825 754879705 668923867 792766742 756525448 490100064 371329800 104183450 441740473 570188815 207825032 789500876 887743374 310553705 793650110 2882709 39236319 866379231 657985017 380480613 59610923 441280983 142131862 810476780 375276641 316606304 160202871 542095897 334755379 48712592 217466712 494938843 100882000 374950198 459229103 988549281 734660319 632148783 864557030 105307957 617263005 514621901 595506349 749159319 169628233 573294777 76061187 717161909 621514500 743239966 370911900 547298027 400414889 612229110 950946480 364401960 413481630 71872740 133989509 842969124 165246065 10696676 742817351 844233323 956594265 887228914 555523956 636330456 519313209 741216829 993747644 862302523 11027394 560714307 447413475 316525926 284460857 764625345 479469274 966795850 210704051 522897013 849505334 829571676 159872809 822996689 297330181 645398890 413010111 68408313 659766938 88490236 952614168 388789227 77405673 369690821 893623900 844539528 752273124 418468246 230251677 865224165 847966474 535669208 853353414 628717622 448387606 59495964 426259504 527610522 915423567 227672169 991208989 254678947 907257974 903059654 716168250 248883637 494323849 943250076 42298269 157829228 930465619 336820599 82261833 167725298 236642036 768667473 251207885 210096098 894484801 763484356 154731427 474822657 798237112 768567941 312642928 152993042 180367638 595821105 591080418 230415384 345709315 175106499 718296879 552329980 10957782 410140746 330445975 493104507 308113301 877306900 978202599 879446586 227642192 91064947 112793098 513750624 520150507 209644696 135987470 256998720 55956112 651905326 58810792 974274818 258324032 608147981 195665930 699075142 740134574 110054560 778989330 773644131 451893143 448084982 665505919 727144037 593731388 501703564 242324614 568190005 246098440 508183124 661585585 282677377 797363912 597986504 693300039 367518089 899009662 954203473 390398616 133841942 531479967 413240573 979782450 311554649 744423649 586924152 503564414 705324741 934614609 376618348 534647742 951293421 936405107 262122793 891301891 971743817 653187910 491938975 258320390 556545474 63667054 624052233 807845486 211825711 480410646 511812364 992797925 669621418 315542482 524114885 756552628 798940663 94106168 501508708 411860516 511965634 317454358 562974555 8380099 789174220 476137329 146870420 12019871 234125262 905624933 197394247 377935794 890813856 778370664 432364828 934660642 341294548 361228941 348326240 528469177 833713716 94194055 234629767 401150652 17835566 135406715 113258518 162977134 829606128 979497504 852765516 596266915 238866895 757976180 957091819 493225343 749917895 459788122 968430475 811726183 551089089 851927495 91612755 526437926 206447477 358052144 909197449 359257233 266795275 474865808 934688482 776635108 662624058 318244371 331096265 508695078 430010585 259913551 888216382 999082637 281856297 860145490 87202519 590678555 198450489 336549327 633849009 894721896 220588826 393354684 626933006 933378447 523743856 773654284 554538345 143585579 24697662 764042833 423364971 317694415 585874324 224651524 359538433 160764092 674802755 438842612 644402383 999833172 696002480 977255614 354620271 878757015 985956362 553439290 327651179 884624127 133524179 41502985 496230257 140430685 167044231 180075285 391215884 668492100 82232189 558782127 609456148 801280096 421689024 153677244 178324048 256667291 602361277 697532950 949468488 419554649 247975526 307128872 358356167 581621722 62050516 654762574 868016216 603719764 425966650 789534543 798206279 352635208 179563064 772471768 227943271 595987870 56916112 350034389 786548240 81024097 832084522 375658164 330811031 204640140 481140054 408620764 397313393 716698002 121239229 710284759 246170124 834968597 563059534 709800059 413312920 840439905 315737928 879358012 283592825 304201660 900037297 614197436 499852847 284980475 345299860 932209141 288536076 556319220 205863680 748443682 713135048 701254516 73224266 193932588 950239166 842265511 248079037 687521672 199332978 399796934 701484215 615447360 976651874 427841885 621903610 260549677 27225897 974205399 248906134 631629482 628608500 298668743 934636734 337635674 453267584 637464454 939672799 12132302 945243519 198758315 252770657 772033656 961473673 107456694 684957724 352899199 813696143 572690594 438964274 462958368 195448831 24250124 255980935 162211906 971143927 667086760 40069224 56211036 664280994 908213220 470257574 703042427 466234145 923354474 489604860 190674781 959739889 438294232 433094568 811732912 688729781 17768653 890433485 647624346 972181821 889405728 209431849 26063467 462494742 931282556 976208546 311648437 377053760 445834052 92976246 563974688 770783864 901101201 171547726 938480352 266656584 971368008 929280992 732893747 213734235 506412062 99031763 45158720 250849904 171996126 250108769 612687609 535799897 968861525 315438724 449355307 695210037 335150384 344969328 120558809 208147841 959364369 122722370 569425841 767281628 488237357 508238848 904217694 783224503 217240835 623004617 932436378 134680352 816665489 21539024 897732416 26989037 492056156 511429649 263738458 586850729 412716387 478385775 669564717 524725975 60925905 366096338 493176619 150512757 330905652 281769197 450929932 448821315 129281352 364138249 436856561 943284899 442066371 593787216 174133312 705329458 484011942 707129822 623419286 881163991 638533448 463770097 141012991 146439940 710504577 370055328 408768385 349886113 102997187 882151977 914465825 438190029 898645528 73202460 180010536 940306113 737244498 160651834 963692036 665430492 353337951 430306117 334388952 604708563 308085395 199233494 309041284 158698822 492982828 309919344 191337793 79705209 592341343 577387771 125959606 788682579 55633063 771455567 787690880 510457068 56506268 618419039 458744940 162181184 930463897 248907067 944691933 141252542 560962532 225260110 796124246 65646798 57597977 499532082 385850734 4560453 448508101 960449716 504771235 50110913 320028222 164001761 290772678 13270411 457507629 497423505 233995440 824148944 249117270 915563529 312178884 969646833 831706860 975192852 748796316 238465378 838887503 667395459 642407107 167589932 219334773 894688038 168598878 942570924 350158389 644029182 148682631 413373382 531605789 815257175 169141228 870603971 342278961 513216654 650908772 973168037 127282415 386936617 107940488 225412324 254083211 479846488 302526855 898241796 459327215 583581554 961776185 514711949 160650323 866771620 791793238 297977991 265823866 867691969 760168328 17575402 261278083 393173963 306947715 329002833 251733349 27553914 883815509 878393179 738219698 590551206 234654859 534795482 667988983 528879643 497784914 897425958 405343302 934380428 657943891 311919291 578099985 288411022 59533649 323957796 613231512 240949819 24305759 721521950 576858020 798643119 387894071 341172495 521621168 158220984 881063725 885783899 467924241 595777298 454224328 787848732 408614398 830317532 194874715 797977312 876356269 284709208 86733265 881416355 578104117 241783115 933066635 322111053 888510562 803786037 89737279 191593046 287981407 508788075 381781758 372460559 666848203 538761707 643484423 601829881 622268260 552678953 382520561 836226491 846949820 95976202 999161518 100179691 309477516 960715665 439926395 592415241 673869998 789122136 877611053 991817580 823981115 36714835 16322329 362532101 599698354 493495334 110433976 147880760 218135153 170808298 65412720 664084060 300805233 852657899 793747111 681244418 694129808 965021792 664312325 245020255 743821454 301181222 131187911 320936223 969128107 476500130 718430925 266406267 459008365 161428772 221710216 386231014 76792503 199265101 432932630 153484038 770103550 941038012 115939445 465355767 226677763 983279703 725569333 744706014 115889120 615507459 211363878 194235134 643088127 829337039 503618947 720825065 405109661 159716330 379715720 526282301 354425559 729374717 12669891 30750827 782552341 974604506 938060452 900526997 963607673 496143207 899826415 786435855 157476961 643962059 422550592 669277413 78534205 751569291 957208217 876964099 759324816 439271711 342791867 77516737 999470659 369589500 69188036 326817830 933651034 257823358 4220518 132754324 612596875 402024091 889034743 131355097 927124461 293295709 914718026 81093784 496570484 733473919 450440373 247656050 50839776 745733325 458889205 388763789 788490381 873430196 721033250 802817421 656697877 103548410 121059418 378651425 718915762 771006824 948922993 130535192 789634876 694976061 547468405 641689132 903364689 118498482 764767487 154467533 747818429 391427624 954240423 355950523 719940715 719288052 166957161 888042149 921384640 497871395 804073441 176170874 327796137 629400178 20332656 498570707 973211891 285624093 594504477 142949333 731656848 494015762 398927471 649547093 663799553 867059422 490751886 173173650 603109233 887811736 168836736 151692940 649342708 481757721 396133029 329406041 823194212 287129656 720288897 288301889 500275274 919561771 395585764 522149645 239919347 37791715 23376806 805320313 787051247 987762309 579810758 391253109 539760796 914861904 959712434 701133576 763366998 959028831 858876390 382015963 111883327 272803427 804141189 912002085 180482377 11598804 399547011 785978140 590699887 182060805 940132427 144457073 667209039 330926286 58928103 769614169 899623119 190475180 99086763 995319501 277959319 769435586 759213935 221655465 249834984 97067697 431935631 569573171 353201827 213003903 311244687 526028288 802473763 754191042 426505545 703476176 38272662 294535855 396429326 170319357 110012939 821260323 390037860 490774476 750359199 432802274 301816781 289874284 911496605 71808679 99267632 6792323 641475223 411103513 12191609 809836066 376590206 811196707 427201840 538608991 516717118 796546511 71194878 741766200 62494365 883352852 891989141 385295381 848942613 38873792 813752464 405789079 752814249 329188050 757299575 745528110 476313455 827264774 148176198 36072028 517865215 686483441 432521352 777076431 217268314 434649095 333529352 781907269 570227166 49923117 999565042 833626714 582845229 917716757 540953709 198376586 646936212 741180534 641703918 396382609 287864657 930466489 239835179 728068551 427940531 222557210 94598269 581322899 869055760 487908325 898794586 122611554 337124209 14893048 1075288 998447699 478918406 393178718 263847083 764224330 280825606 459186563 779651610 222123777 555326838 819261639 894108187 835086850 168830882 393541696 29564858 532055710 158972976 761623178 163185274 366972348 263183766 246599523 58600419 459309899 537893827 216601267 519611039 95612895 610191597 126050128 718602221 824158524 543398468 138414062 799055491 788794567 914405556 700563870 636285051 658395811 723042701 521094458 831711304 763970609 375661287 234488377 767067686 277047750 153665486 542391576 691547090 597259286 710210233 820751795 445283059 22634341 458215473 399618881 445222110 161300296 987227829 795969426 237743063 50841883 416090149 20958820 989062203 771165122 151873429 804224681 994535226 160259560 417777969 99638307 988761283 497694987 51913358 566356141 863986155 428387089 338566772 625619961 585290266 560427904 267615071 765158677 326263195 382175240 682090826 814737253 775119697 539349434 522577498 168538956 9460379 215221803 531670779 421077294 333702411 203513812 964228027 801912370 578028420 701031268 11604268 568634334 733849150 436373240 96436247 510133238 472512363 566048905 799635635 596663275 598912255 315567690 716492555 242774717 365392028 444201527 180263897 713107644 278357623 114939684 404355532 594951023 313422649 709491132 303412520 228855306 298744730 52029089 906520650 404147558 777240429 897324185 732843828 636055151 628741169 321030915 471003391 826434104 540807434 535936343 172691560 349393062 576590536 302965673 762324199 81577148 679848810 897906192 915855715 773413473 646341548 218813514 454109232 495699134 532657767 113816815 308458414 175466735 164435478 355979693 172606667 399904951 691484222 637167412 447563160 430264494 21928376 675365793 283247384 727305612 723149636 404226714 17977466 496770636 828353868 183310750 190212955 473481742 727203381 580885072 711381940 575021012 45258847 601449022 73725499 161395608 346495419 94220005 596051131 252630315 788735605 560541195 653028965 999636388 820835580 778031347 258863809 265613007 594362856 549839814 846115650 193629420 424893758 165377647 716371243 288745124 95608767 454106128 124885285 258268900 704699850 954904330 596626377 891943808 181755118 301347359 998467104 708711032 486836921 774497755 299066803 675539821 74893066 845921279 624818517 265435932 59523876 484555923 38119674 856741741 135182217 196880080 786629918 438681338 557435196 848104658 485218465 734667321 620242217 678647876 926039988 843700200 191444246 735501065 695183682 758494897 491549675 610556271 92802163 297459796 994397630 271000980 465466813 975709091 458027196 835416739 613422690 509505437 265602099 404857065 950389196 965324436 396605504 433105262 612476580 248434309 979059862 605238477 603960593 850582030 386134571 47214610 367434617 98806296 765959197 464150478 428291418 83204099 6693874 75395292 620055320 692085536 412587454 554016920 308008702 271127486 565672385 657064261 58342550 208188078 585771349 714943262 34709083 430637773 819361587 704886202 575122820 151189237 491501617 833168234 346379309 988259710 530705593 461103778 499556259 114126661 240889402 251350236 559041281 697461442 5927139 302751531 447198131 313449658 441889214 286078300 886148146 674081144 417358525 209355080 169569662 828699839 39549296 257641146 493691817 952211811 502437381 225947666 204155755 544329453 977145938 205905199 814915130 314986358 75482348 181552616 671019799 624342685 615330735 611621305 911732626 683940625 752886171 570075430 807317293 166245372 735449054 975435140 924871499 362061053 836067817 891419632 216153381 476192417 563929722 718446346 846018027 418568898 569347620 922789785 344052036 666603396 772131717 649295658 145194657 346989505 892730199 560828022 402022466 982892367 598246277 288640333 947957647 266645870 762979154 267569485 282343528 988939341 52447936 396259930 71240387 34871432 129571684 77983556 287315378 856023253 263684045 816619702 827422602 349945133 575163658 688836127 239135881 362992480 337924071 413809371 250144495 415585167 622510962 419712711 86218013 412307373 270610419 229792744 899234268 137519680 539908626 434483625 934773752 820868653 102669435 750840387 491434292 647420613 741316072 956959039 53250334 248423391 93178217 150035475 12964902 64113478 828135218 639316187 107196406 575509524 595906907 382152504 302666072 918807279 999440573 478314968 877255600 723064316 648238157 328711046 862307023 553639141 350781106 561498466 284457652 820727380 109532444 663802225 515464614 594335104 297838374 318096431 254248612 455718580 931877832 185570517 448170920 65707009 644292489 333683127 687653329 165325523 625342466 546918989 95295000 837805537 922385816 830482994 856534532 719186048 860038210 993777056 750116284 368755098 148767134 2583331 365781018 489397436 62711824 159259901 956068331 650874245 625290321 943060201 259235665 662956794 720966222 934977207 645442728 39126083 546789606 425983700 325213432 170332627 239647268 120261014 949963008 523784914 486888631 552675686 688700723 609483040 327283666 263232637 800430900 417876876 819871017 264643754 577454693 459010536 634925979 818782960 777131493 737889959 345990735 5168843 192296119 967075235 675374875 152102410 825524867 438296464 242756708 490401516 879362701 680593571 700918131 205953039 175158943 702357724 908203322 206019805 647708803 27295707 73536757 839552316 946148174 167346266 874065917 558832179 518442283 861492309 357974972 586423983 234097661 123372009 418103374 84608162 327755119 869227648 974568465 920277066 48110509 221352328 924954326 128404426 489558502 826795990 328045867 536343937 707624317 727124888 579515031 370751799 742263226 34874103 723502673 959956718 122821208 664762835 82497585 545825897 926900092 262085853 330892295 268080502 946910430 132977076 882100901 82311543 998144966 84061119 303264839 82289967 919958974 847376146 916839702 360589968 692060937 86118919 181525682 605842304 753895281 804970105 858770402 246548806 719335162 871870293 96335633 950310886 553391972 669403974 513094223 104035369 756636065 599103807 838777795 764734180 657170607 768013430 456318809 345353853 791950944 416117194 958431516 725029003 963405879 294156453 958219934 256945259 397696464 180694647 352694219 349124262 312632740 66517014 954377190 460759690 839229225 863225668 772617626 792272117 712110977 363812914 657831812 861220327 750940188 192755086 607552848 385333878 547977166 804433609 429085416 808413509 872705731 666872996 692426191 966205765 547775992 648536511 566386234 847107874 529980445 180658171 117140828 244680646 262885664 614760944 60751614 442700577 402889355 744488525 901811918 542601136 583995198 665796447 130570813 74792075 42039241 797525936 524357262 967924456 156379396 802410787 20326406 67086373 971170417 516312409 484410978 773820212 566994994 182613214 880508224 414647258 509056023 335727342 445563756 663611999 586858733 623098703 883827193 833101918 889413492 17324185 371995485 8998855 768003596 911643703 447741486 977304409 901571195 682122849 223415076 238904390 595006277 421562056 954707640 409700717 543203040 286302725 579592278 345674465 888934618 643656057 965115811 209360500 16126666 809735256 424426194 337849245 424392149 768826680 699740166 453551118 926244248 343578455 362312027 874658389 529084366 472964607 409300958 616214570 267613779 143759026 794868591 695511297 22951132 61552337 627689361 315281408 304567381 313584937 551081837 381625815 151369495 116659005 740140591 158889177 100139353 920787819 572604623 144928892 204097462 2997465 775333163 1437343 903370897 145250193 748869801 323669562 502766608 802685146 121531228 934704614 779253965 600900444 619040980 682094302 924841919 959146595 638479069 53300191 904810423 195525955 474441070 395044461 222053005 338906891 561358787 276400841 196234436 366391061 527316959 718577587 647507674 223629376 753389031 328665182 120208876 719437356 632788658 434917251 651093954 163886450 432895318 532467602 478734417 346445046 182807266 758394371 466537995 217907730 795153303 900254957 210414190 525735641 206056836 12056629 76207703 211156068 953790453 708299028 372214569 438849400 603462177 122373673 909762310 672624378 901493470 802363549 307032152 244582444 866450062 30405228 382787642 60185559 557703830 355602950 627351028 939740248 51491073 296891646 424459526 302887939 427414999 233917831 139252768 107207815 880350493 357605958 782655588 35708956 348551019 219310765 120261363 452273221 934174187 702205618 134047270 301393916 422882842 424347401 328673798 488017751 328024714 460950878 944032923 103469530 789387500 635789251 753575319 729371204 842780760 173039739 297040368 190672374 887128992 678031598 215869519 228882176 848052597 250405137 121178199 275879518 860667329 995789681 231444277 309591490 88287304 443334756 410461161 165258837 551472329 602910570 700626559 912712042 194988667 12198774 387603781 453522746 65119477 177421447 723793512 685959479 140272686 252554760 884180054 522290876 670433144 775266931 432366647 502562557 56898321 673425357 245325847 52521366 839455968 836867420 584091497 19980462 557680546 283841792 578144216 242595609 552079327 149865836 421325368 884679302 814707208 849217658 816001115 349173602 196679242 982182215 293622119 697961147 655718140 609685438 782105778 193294193 478605589 831284421 7991271 404271004 75547383 916987440 394512980 918137435 9265221 131625045 451085423 23782442 952267965 423600274 346577553 687207450 179739144 834782406 917352467 189729157 19957394 439676959 32853654 665818501 932593684 705447651 526114967 373555343 708354228 800920848 878347831 216074658 582493195 311101932 643672325 467687437 756396620 917432352 825233138 560739899 274896689 710944915 313229974 439451541 244084647 901366890 95467698 939356104 90159702 329397282 407419801 264559180 689659282 69853774 402442383 510935495 436866442 15622706 486658213 765517596 828851531 860907688 649985365 22973346 422685443 226714619 825371860 798893487 531650624 578026959 526457755 357526221 734718167 149117844 404959048 900423921 136037896 90121538 863718121 753932986 58313316 734022015 412635626 643241192 40777165 236398532 334566236 31233543 927954084 135663499 117268026 889459142 145957908 239362264 397677389 330562465 306585619 34007249 156393068 624643702 337532493 890214451 162189496 160780656 72222547 752946539 405722676 878009337 892261748 936276654 119654635 850785661 297776260 899191701 46535224 771573097 66484799 150037373 986965660 360028700 53531155 456038362 962328237 899336544 23409993 500395293 321595986 181796263 987871235 587344649 308253944 413415600 624954060 987614247 365064046 377034767 219096022 690312276 778756869 959787749 825885455 69977468 519392095 845890645 968096244 503840989 400372221 851140656 822359745 971797621 953165656 181460084 103549953 642322973 661979592 703253712 374038434 890666658 318814782 222553613 793674715 19530544 34996704 160368751 20040906 90559543 202139522 411760849 650647486 429520403 74258589 75367305 770533671 616480853 536339906 802345656 854161212 868840416 615395227 938985170 731408693 828323588 207937900 661470411 849663791 876459262 205308357 221805943 216361825 55342960 778428125 876366394 582944376 96105488 30996458 446820352 212202515 634351942 907316527 305723937 264528544 812656647 727973009 901342155 252397118 246775310 851303452 781716794 931181951 955526623 914647029 85169242 551097138 501927780 181613014 378455116 603184708 799111405 188087586 555441746 992974958 144274881 628055872 553130377 221625993 212593883 180823983 414266959 330196442 923729530 207820056 849248163 181765769 631150768 144212574 485926624 321937675 567946881 778864028 144573897 273006959 802093946 575524084 898945980 276058748 711143527 999597118 518654013 155539849 525157487 362313647 763755485 593216062 491868467 511229210 962798393 406147200 647424077 68668262 469841511 945259612 302472701 206937150 986857471 503374386 924945814 4047633 363439101 269473287 924346428 346668780 374698166 627803804 484428792 526263348 452045522 713439278 662786158 740829331 561395329 460818537 421702953 625769998 822081480 376271165 301710266 389356610 530057521 685547561 161177982 473885774 640532060 634773648 332164285 247522628 591268116 888721347 837042576 987668945 692371735 695605428 50302558 729010540 785615851 530276618 733700893 465220673 88605700 105504599 606795055 140112146 77670871 238631743 121522774 148551477 336812086 692681497 736119240 541968167 580390468 239375269 784967545 69758640 251548345 330855200 258342244 110224724 337211012 166695282 293214411 957592165 406625872 517746647 246316636 205480968 917602652 968627935 202681752 584287615 223966273 293361490 833958816 887902147 930963432 196011835 950236172 338480209 260491165 238467620 147375461 218164312 883976353 365509711 984325035 875765887 745957192 644658492 550946597 112815374 543133403 755834169 196062857 824613424 434382636 553224605 733291004 434792722 60494305 600848445 749751130 198408302 448909454 733608331 309661814 222269057 597394678 633584440 152882795 311379912 233539747 980089610 644554257 714926286 658406979 394454449 2466969 697177259 871414018 935657590 646112818 270612069 174030563 32773727 767382598 126128680 286598573 538747073 429059712 640986556 367608118 115082622 207702845 470024801 296243996 437002859 58508757 863163296 266576906 141149463 580940570 34970151 75617475 689972801 703119552 728798287 405303259 688536073 833659569 42395121 77626689 186644550 63273484 251476396 656012967 566545379 105386225 561603166 327534299 881844754 724975375 159530226 935145191 855192366 842559016 82056597 512952623 8807228 768975052 319866311 384831505 833731156 518877299 493434477 948284604 54608346 504958242 602870437 809325364 935448018 556766985 804286173 909485560 371084631 105565974 334207700 34409491 661565899 470769269 711738348 848510720 799152234 898668872 660660930 374383646 598418730 534470500 216622000 250094325 676581996 625028152 114447836 509538070 177979534 450944765 338058228 814967127 504177290 20373573 492264523 638728597 783280356 382697593 755934320 259650256 932767886 254041514 554962415 882259199 442602963 102440415 734031461 293908415 405945096 807967834 123317800 490671189 928657484 436195928 619452408 995554585 139390271 766597521 337497354 271822953 467564403 63747275 77396361 600946997 953249456 135407008 959023488 384650557 924549819 915989806 105435638 871035284 654480417 411634849 807833285 359886952 385547460 917447324 915108025 421648102 865043234 263536497 777651228 892012774 454356965 904337439 212058420 383804079 722760534 672194881 613206108 837595179 846676533 993174909 552902461 407588262 886952801 372045043 115669817 132734149 965592255 849347066 211788469 762599126 327089569 265553353 676823018 398260615 509828355 163608911 74684268 551326701 126278463 213312608 787669646 648456035 562377605 347941884 536111213 373969255 722139307 368438009 290871409 712793229 256942599 369491475 372012688 270630952 500577379 596253419 988186527 28287051 990456545 395906863 836056730 136085343 729881639 686207882 474328512 297019525 96439434 39099158 68481362 800240541 237153870 375466379 836173381 408096581 890724451 222274146 36245469 267096968 731596216 619151230 371929165 25594071 853738163 40774423 255693613 438775714 380819831 738568080 384756828 403002830 683722581 660672724 337974452 770982283 974598779 211273289 266537136 224411162 660826922 507742298 80375088 543746980 613872345 983866059 586884801 226683760 864502254 24783743 927295887 324934524 947093430 757435273 513358004 9961051 927089458 173769882 850712254 493892159 353120309 591826122 780438177 251884337 860556363 566756540 302317788 788098489 331007574 939652725 760841131 642418887 737079341 251130282 554067369 903736209 497557435 506331617 144215709 362988109 487627779 675501204 871467118 884608438 809359813 638105867 994530345 711138662 833617108 532402248 985205981 132754776 815413896 272844055 150235566 26760820 744887815 275867003 827002921 780768266 217826589 293089870 135479185 491762240 576935563 756086042 617520740 506526140 366457666 560303832 648175610 3066272 165559033 621032873 352094637 476576959 227478856 701444691 581897524 336337204 799819313 256450472 258647441 814233301 18014088 663025637 694776888 767471924 611288545 812214285 632070898 156891355 904039864 758913953 850677495 191573706 963470428 212939884 138172400 290501601 88163121 284266854 738331083 129342595 234000658 269352682 60187438 622159068 663728762 595516616 39625469 696982778 372506010 112523218 935770449 559992369 805732302 361879141 600619272 356590193 543640025 595780324 317780592 67856501 247721426 699233217 317181470 273464584 539135478 656574425 414406335 220731764 275027613 477792360 575239109 14883429 628386585 500549386 537388733 893622750 441857306 214727635 408628754 964072036 999803018 162029277 786591296 775096520 542985875 830395504 357459617 51250654 210067183 844162304 391938041 749372278 859402772 214642162 711354212 129389288 346945766 285186708 323266471 190102832 232290888 272204069 700901284 325056385 50325677 947034240 864410989 386120153 299050657 163822343 893272295 496926583 249184579 558801221 639027361 45152215 717346985 105902116 116270041 239533807 579848705 57435502 687797266 143252599 15118431 116439811 817328495 233016710 360401513 341056281 975841294 495407552 631914178 960074803 100994977 175334260 336941418 534289963 603589095 701703184 670707916 15362730 664105313 105115113 991723078 477787693 566019887 874420154 902153722 915119779 810036424 130517406 596963099 977292881 20168262 119731147 890170405 436315583 560756407 444658090 726131219 682003171 266549306 326104598 499086244 863644961 601197906 288174986 625428100 795286935 678190085 720393344 749707150 337943550 49515990 293659525 910389941 202406162 475590179 706770342 269843743 705719397 280502005 492555406 436655079 257577565 143695620 368093215 629929832 124097290 127517796 123544369 930340235 987167978 887566414 327002517 122703814 522992199 493730410 855550375 630211674 732598551 796317257 454203579 709771689 239973524 86317173 676700516 988374678 69561859 367456450 799440549 360639758 730606072 720489545 998652859 842734169 605089191 45548622 511519988 240479486 962208035 508976287 91367674 402654575 186778575 938407634 658266138 212143572 937413684 159730798 318756440 883009 915221625 808912955 311471354 176221389 806735023 277460927 680029535 77438451 557790892 477862321 2879441 924634124 478457342 583232843 873305258 258008017 811057521 285102461 598290451 794693543 566608875 61527952 677021787 124564272 98473215 169495776 607943556 854601632 252539377 494726485 520864474 755525801 356164273 900402266 610581605 464655456 543447412 15796171 37648336 761880665 993890921 393500681 355293744 86779916 143137353 316211424 658069808 615170824 715087347 471346914 134367232 414572775 697993991 504708960 830375659 918228780 624200017 32157600 978921777 999288465 639281733 110685260 70734474 324406258 513963772 933371691 226367473 306880639 862148350 518171441 853082603 129490657 791859540 272076041 325883775 554545167 503722835 926044132 932798865 947271871 726942872 873432146 986018139 407951405 209499573 996070752 621408285 545627476 98276059 90110278 653944888 688801341 724345967 12307128 565939360 970064747 543657728 760496282 111717441 513441594 943345006 137132590 246166220 602936582 163083507 886778472 866666076 964142337 336200438 197255726 712821104 735330592 482092979 786192625 987886864 425762574 126243267 338409395 818452595 88023709 641039820 785120154 857181716 476891963 823415472 220391270 979580124 695970927 155288353 11682103 628899970 892931040 819751337 274818734 831320835 835629117 493134248 162970664 67990239 680025484 817713364 519032353 57710984 189390214 654325009 80787118 758559009 365184788 143050451 573205630 406113503 11584967 841698122 168890297 672495298 922633199 357438575 259739122 188470621 538631914 975495565 746928891 233131536 406744189 528664277 192448208 2875842 458766744 464532469 166426121 664975437 484335446 149120263 784369010 980103241 268331873 653549341 314986958 381498272 761730492 299475820 113154867 675487411 993467010 951140173 425945033 464906446 533608306 926069755 916360225 71896462 874326072 819581718 995625672 966468344 845803093 347454085 389916549 318501115 814835751 895337680 725977808 490308213 269766681 982416069 233570878 622183703 747154145 218059750 645110784 98648223 240493286 89288458 203571329 257966513 128382995 635727618 372523574 173592082 69694258 91956124 89927687 228709550 140934203 430825116 162021947 69004725 368852974 91027107 249432613 285134093 613137901 385691004 482836660 904377103 205361311 329709502 831142531 87931427 144939364 422555703 579715135 327794682 397703075 166019425 607409684 712582026 365409500 962813728 24430065 568846920 371578378 746814498 57099419 678903559 320326746 34894118 468240613 448340350 248212468 124822191 372001777 979859526 220073208 941854613 442251588 673618472 330527338 503214865 891579420 380403792 871722325 606555134 237805477 575827304 65281641 535236329 989285666 999341298 447201699 39581918 168809433 1240966 732439673 834646798 205876567 136960457 713530335 731120811 428273762 598661007 906070355 518087711 514925333 768444961 309704439 118128859 135425660 707543057 351871164 31306155 662375220 891432070 637430401 470346429 199572965 875680166 179923863 740583130 824117606 167061436 205709939 104799534 661834674 365532869 972098875 405404069 954905272 288874298 699567489 717339163 920455265 36924871 667286929 509120318 972766936 653316858 576097393 939195555 695170641 809155324 724477358 944284409 496290074 541513529 215214452 748504762 381577316 676344842 853439793 397748183 570385291 284791158 430790449 484142306 596260004 42534052 590274870 452706423 612288737 34428486 561667406 340052862 225209707 440536820 171656776 363109927 754945009 231849162 161283300 534167335 142932548 389160287 970885673 610301291 988220128 132313334 109816108 406256176 686003639 882788991 747877183 182202664 370027483 345498799 336464140 199352919 100980243 279955903 585496002 220523262 939167977 105393585 804844481 242929597 523350682 29599438 448467146 185824344 272576423 301074993 342871376 303708803 92602312 434684600 445883077 600835691 430480478 178264193 428165870 834832747 438010398 412939893 621851841 830087977 758482386 663556771 129256299 822883104 837366116 318836229 914623886 952997129 489429774 237096328 699175864 748302265 462884417 639686925 610759963 764421127 147861947 358125880 330025577 323883273 871333107 1154887 822746233 678185159 195011500 427965469 352420783 517726084 192310489 387246708 709501808 467428451 65488508 957212574 927339195 212155209 59230982 902529802 316313167 785639678 176568641 487805806 407661816 46390977 422194039 466240706 79906743 284437425 980492763 374315215 835241966 653365733 951996296 738546899 260431958 432413857 315054688 937320582 807531419 787268195 443745543 224213353 216465062 321615641 35473066 334206313 742083831 505753449 495515250 634758207 720203586 438633914 439976022 985871458 345038840 493786616 623128707 67842418 360045319 560369678 302912790 496206524 238169453 162120321 460984257 354581811 739694377 52249695 387149016 201997190 257979560 171733200 8799829 998019466 568379289 297681820 760439960 688401074 207851514 157916689 924849039 440592592 466711890 948414893 818001977 361503116 980358508 734975040 609342124 120525263 376095 772573290 890905976 906937170 293676175 332110859 15525968 184557085 463663954 630179051 564554612 35052579 162319159 514818388 637314227 76072923 839468419 23298187 282863603 541167814 551683960 378349723 828113388 390090830 841350730 167348576 324523606 765608158 256689705 892771884 145443500 695984031 250729706 719003170 43505338 606967366 148975255 49725632 70598629 983174505 880913916 231239994 797070258 421781228 691227809 364459163 720807019 115283742 689104640 427282363 895329765 92611198 264594528 731611359 956026469 111356749 630698602 355822501 214795988 31347782 384419384 999131029 860167966 594108564 56962045 76043163 476273324 302367345 662189478 138964637 483265582 628676762 340670102 476532576 287563888 903329106 587544399 307784575 460428256 813740901 608469864 505695496 938261329 567765992 372518806 925697428 226277023 112044857 150646336 846965741 887837675 928467391 693659376 958045112 969878668 408159800 920546623 172425698 317543334 234741425 909303413 612132163 583226493 480952069 503519298 675176110 826075976 237883011 420110259 939363932 293904455 402717292 659312304 251443756 906149041 829953417 209165028 166760725 865063706 996670537 352612293 610181590 440591781 519161832 428732649 909874050 293959827 815538890 382343340 764833888 318933170 516943913 961228897 331709026 454235362 716754111 139958736 119230629 933746672 519019047 574988426 928107856 34972596 448936787 430086767 87477076 881017980 524449358 44893035 986864203 916875459 664120313 808381411 402963698 196344261 912678802 935955536 623146214 275257173 28899762 548918277 416960355 977699703 913914659 82333644 475875770 614141939 994206170 285219948 81112753 298074739 437215200 718177475 167801591 500400794 488935493 118945240 447730257 169346058 595327212 993740805 669002598 325545873 756782558 741980246 583541924 438895014 362544283 721596376 5275809 106749091 776425500 691576805 362258925 744508244 837960546 283602745 182149139 917249094 750237612 571125585 725447192 33419991 793168139 157547067 143369464 400238962 588820754 611522725 360430461 203115457 464822068 527586187 94336820 771804436 181292458 429360349 699880055 328787888 648785832 538884708 221244640 847389252 301426882 578202334 257327838 264887835 717887641 707947806 471125827 959658927 630660995 100748979 566084181 513814901 925504707 578304414 593164656 182186665 98777337 293572391 580309591 952994341 401496501 611494833 450648996 759079042 172239160 260689798 210547746 281010118 363125933 196602180 473276020 415752539 15456367 613083766 299820281 569194924 156992699 67884386 573154141 716322753 570676544 901868981 242746572 453238938 252632498 317362394 826351482 108429204 383924883 764543434 62071813 523886708 979942477 976550123 935890262 40692496 887934122 898540434 924971837 720171844 494072443 926306417 278361042 731332474 693199031 168058601 862620040 245633207 423695361 72744712 400929777 407823693 499647489 961820262 391360271 307478271 399688432 995135978 228097025 382884827 648162458 392893816 69750364 539622115 914556804 474897889 531345747 28327515 316043760 448708767 175580656 412029771 428744600 895926264 742671624 863288744 354894826 71327567 701991723 592590173 335667797 182313082 332325286 251952059 255948052 820653465 61419369 435979325 817272277 496715760 627518193 382338409 939071614 714681123 757155794 70635609 394045320 550740532 800539392 294223040 278385982 574735020 286167493 458298385 832124784 596288718 653230985 40488553 42871416 439740345 485431193 551051901 271263724 626784289 750042960 520960921 43072971 506876898 879500438 555127318 292746590 554912725 500718238 606957503 911369737 100203410 471006291 766139736 572931139 16763040 808183304 608926299 478561551 711554321 809803152 4083695 735299872 151811740 796632116 575021514 908210406 449248407 319947308 757353575 989717945 635229538 728246625 361750561 429566765 819856972 172499952 391338574 53092408 107540497 984833677 582553046 985849324 824364720 330478909 327852709 387741815 123535003 964121076 327190341 795660231 126759352 840039437 607087315 900455094 127419456 319930289 659106466 249429053 779848682 945563632 713615774 657630011 831884765 531914704 229411876 971346850 709343405 694554292 554694621 193685031 298511901 454250624 913942050 919241353 65161239 636661211 788767691 106749453 935658773 394868416 835728558 135728724 797880642 443342645 687321435 669337242 523100661 108940033 446635694 376789173 548957510 392954840 61332845 13830789 654894376 819702705 278180258 510279087 375946973 976478741 567235066 114698407 312251776 479577696 851750744 636723288 23967527 795887078 349257461 952995745 912409198 543049864 532218526 650540296 807602300 682685215 610561033 865662964 305893327 453362910 2545836 423745896 498548113 196588070 346415512 924858560 777217845 819896001 913208381 489580343 127313938 824572861 838928281 816146241 613940464 217738966 307744558 946250771 953383299 681682908 40298180 188820178 753640351 651477630 539737091 227901832 256713407 88899848 487755387 751858927 322100930 682834276 80940395 117257880 198746982 30645273 218169013 490695976 998872342 771293816 297899966 344978768 731026211 217257983 649458189 360334072 799234468 401533853 613927832 734502335 733121263 965524187 277737271 432718975 856520517 129195511 247925718 609430113 752232561 816421068 718482273 468615363 865351787 322988651 338936613 292889338 599712516 137844638 524647990 926976562 371848666 431256340 141777307 468469094 66987864 347835772 552699758 411018002 539850062 819822637 474758037 729553700 890432711 284593208 842375697 977748352 618576161 551660805 433986750 930988378 609875280 94571471 385328061 394531172 548037741 846749082 217636727 338345437 155445380 925357672 945977737 383139028 270812172 855294521 157875887 123765900 580475983 675084621 858779944 742426834 978245022 677894052 367739501 289468539 590916278 796843996 477535953 241488054 403979531 837014142 610924707 306786039 413699816 318846393 923402879 502575651 634240625 89647208 778952657 758562638 299175581 154931901 920520812 788898797 259553974 809576584 950418717 721566294 126905423 412082049 912232485 606844288 192698913 616428640 639401174 502261418 876913654 510072090 659320888 486595233 879498944 612976840 42173353 337125549 627001741 397986333 186339744 127959730 694047436 388625596 559240701 349901242 777212845 790801994 364153633 107271376 190769524 831951518 691670988 682455895 197932711 75686252 460220932 351020431 331258323 890209221 413628986 172162631 440528611 864038904 403494390 145677241 645431003 694244802 445571998 284859923 403161740 715055958 74702471 589540309 901743451 199321879 443564687 158535665 829609298 582734599 934498791 205485186 739222900 877797153 4518767 410084092 393031355 656893006 303646961 75259339 64963722 460604013 67365714 838878709 536035416 441393484 62037593 558612780 46206041 436214428 806297800 551748991 682452988 219012582 740855352 55649175 169104086 248570635 568841887 928662418 800517419 677195398 570136521 624324067 729442584 72569455 149802259 236391855 164722958 305801688 378998506 780662977 138554458 9098770 985016068 597128330 585754348 185416293 48684677 680644569 799021974 487259249 421140738 193185276 509397986 651956888 327332663 92897328 199132667 445040254 552220801 322331148 998777296 172269964 204797015 765955063 458522249 838757213 212394087 976015372 959159849 442202520 866633293 992883549 876502971 841396827 44392216 974563544 308124003 564017885 701838850 933911497 611172396 842316669 789324679 988031431 127482627 15776655 687119827 651491818 329048792 730487756 170228544 27592517 809418559 27800181 173150302 28475450 870887938 473746103 334887617 397190797 524864275 616820079 389021742 507667949 790267347 187441755 811151901 52541970 290018291 742358557 756698094 271052328 361818720 923364090 663351835 112513915 238806890 541092281 610810824 979224907 127736778 30994829 670012277 971607943 851940250 558146535 326289203 369819766 941758027 276323942 782094243 166264167 54360699 210948238 629935752 528286239 929618184 989550356 386115770 288905071 948225863 481174215 340866686 579041935 657680135 40769602 924672850 905515193 865255127 48713906 145461379 878215519 101513372 282534111 508436501 720251032 474134709 761645277 995780240 428254782 736314770 940774370 201217822 52889664 200323359 589080914 346141011 556348806 677965442 561615353 200696849 326591813 57437294 212820722 76227853 399125734 874832694 925043388 169613697 906908443 249204847 726530808 36835060 955449675 223656714 883032714 92444157 347259496 927993341 289692752 650562356 774274278 143664679 388643497 455633569 459156181 640274668 283865816 157725445 327528152 88863152 407622764 796574863 286376993 246116861 95609502 983706718 615402678 93187419 981633080 533397949 792493715 759570898 643090971 967134628 670932625 663919991 789951417 108948181 206826943 306817119 36478926 4257701 782257870 870711001 752430074 34045694 160867580 553169910 606771776 621442164 565589081 484840262 482754393 121924743 819246012 736820531 701113340 29542651 473336828 775386265 540946932 403844201 802379030 853116543 386858529 600166837 463409939 471684900 301588455 97889777 259384626 425597951 907137775 124539661 194901746 850895461 630063921 598533046 953586095 194434706 724652802 330324411 671679861 26560933 902571878 752989962 55027191 209602977 304880862 657789234 89070953 122781919 224413930 413799728 34203788 774137703 265373540 107219075 937630672 914149907 17598691 26543112 547625427 370314602 531283392 973137205 755835590 509361710 308586704 706415839 710563322 344509694 422809856 17300262 531283330 259038768 571975344 787805954 858119467 14635515 791077620 12114906 383883433 753795505 89022755 685844140 935158418 246479750 960571490 257141614 471940001 473108775 832215898 348745534 717140005 349174857 589346589 370079729 213457240 674185918 247014173 881716722 692233943 498180157 94027548 77984521 18661679 651329123 144941237 531755183 337789223 303792382 339502267 571571655 948157188 327863654 566873130 99581130 533303540 502094280 637621919 841931653 761552492 675096616 106153091 683658964 796377166 722937920 902871452 941635038 585583081 623476296 184798596 448084645 364688134 964292851 786780047 191187128 352779149 639939382 596358507 775860855 945984696 736220488 452515974 219070468 472167758 496024843 51736389 564033794 262247001 447029288 770148595 229541479 904475923 976164856 303883614 245125207 462917184 212908114 146419406 534029369 539782289 476588300 776301742 815446331 49638977 679909215 730230918 244555082 974031811 166553438 858287737 683926683 988385340 356900578 547315475 475022039 862723213 403535648 425848059 740128494 428370018 780032370 217614166 676174062 513792136 303700894 788785970 344363426 238143602 555933817 784330610 782186954 993491142 290388701 377591124 248687980 274195226 958929259 328391566 495438525 61815288 926022680 406213574 121840267 598866507 195204863 255620800 834564651 502915591 839041186 994199136 986998894 378947162 943469202 718159011 506534374 755011081 911571182 735894943 46757474 110041334 539799396 513193405 995858296 523087491 937993071 786275509 155171272 911751024 28468271 504112600 499937718 157704852 601369539 697339648 129955934 178443997 369035513 74310311 432143689 982118352 731221185 751067974 545714511 204587434 11085136 343035826 127764209 240488563 499726984 570830143 252219357 983949188 400840470 282509739 892340855 717283537 624055317 830306401 854174698 322099320 769582238 489795102 378759278 63180052 585318393 197992384 948187490 785709918 976735992 496122213 540608847 977585570 21620496 983084838 54248708 300251311 233868247 248630372 886073435 889958554 39516658 876501057 869909238 826772119 991628051 709819992 274286760 556666573 398841970 275895722 666907788 696064570 692373903 520519700 597927316 420815010 597677816 189189921 979664910 814524511 514605363 770629603 906808504 559786275 626431967 940657267 275747424 811862365 83448742 24553863 841352706 839897153 295294266 240096081 555916075 332359545 12680695 688582529 247082661 838798030 759391046 429348618 389678654 20635494 76642168 609567547 561410241 610867395 860743689 778132118 881892706 94912308 405652523 10734926 291838467 291802114 879941712 558626608 415314671 715895682 135516257 758959065 159012795 394325269 71795308 724611572 536401707 640839313 630061009 375724150 253796737 690857241 907896857 397976028 404812183 861918389 546161247 457120008 542610309 762321806 698506080 292556223 884465932 874211808 419152203 865608704 569273590 780630229 585165634 691752639 208288685 342349431 216634700 717712174 67342903 277589720 10487669 174779521 154162894 576515389 944158395 824060699 324086487 974542210 549116599 190144030 51597890 90380159 687390405 206732178 831356766 587678207 234456808 841347336 775598892 335496774 941758679 233861324 512168560 870305293 574713418 253312372 393991853 834725817 625071982 925838365 221018832 302930701 617893605 254794233 858873685 107129657 316737143 623846481 137873077 301343244 980355732 677022737 610192310 74162948 19956197 850368375 431798388 87169872 124339257 803747509 673778780 651975729 927916274 664595631 595580790 616082136 922525162 49289768 457306603 503690496 153295588 462619981 363721582 367199112 715475265 714690221 220171671 230976870 294950041 606464263 346384421 850557199 883830072 90701167 904984327 49692758 483116596 887339565 169782497 221949133 685301342 757815944 98997735 165051406 791555433 411391150 18078454 825701525 70370278 899646584 972059804 13470590 143837713 316732859 421729622 810312573 464364271 417659039 255458314 709824531 293265992 900339879 776827680 696757467 513411428 43842524 428111625 490389120 892641587 428033766 332583816 58397319 213456490 242394815 247421411 892040418 166526645 264439155 766521680 50770836 629093103 849975357 65855860 152235440 967831066 491437361 468383365 232323022 426710295 45909822 462708540 873133445 444575739 751658555 183238290 957241418 412359997 831132256 433627844 307064288 698614540 591580758 312862896 678826542 939107757 221814362 339102593 452376785 703510103 441537006 738551401 854196078 16415668 380835397 350711573 315589769 307981 936859750 835260194 594367101 57450087 533145497 753039847 509134871 768070152 25445359 239168668 368400320 221128050 572678664 744551346 427275312 949042240 341772521 560050881 39367857 256816647 235299657 408358809 928539255 607429132 456794353 835822069 835067939 432240515 445329774 576778360 815860411 203738947 744410036 528971400 745699145 163145723 902718561 240508133 123572213 828206834 577282130 949709496 704532208 64379566 673212021 425182816 827896651 679838047 16896763 518584168 367889932 967829732 447951977 78168059 370099180 80263752 918858987 872784194 769263383 294613867 719525617 245791733 554123832 11591483 946803353 67824943 487337531 946811509 119929208 504368690 969753070 180336724 231879090 196765317 968866735 130410932 277950640 552460802 563852067 772296064 378344103 186204677 555046560 815178931 37829941 451582230 352177477 140524538 556862472 749299323 740136811 147033075 169005696 960107481 918239040 460599687 503496125 307552921 16768806 624194085 15239751 285797625 160681748 98689451 46299305 913381027 142001833 710101922 42040506 12941743 564250672 966362246 868901701 203138088 630458541 436373126 506927893 601152962 873650882 299148910 831299639 412697203 278866458 408691105 212830422 653236195 479188842 972800320 401449853 215432385 507662543 637090549 688310642 88063470 288914167 18840478 74425756 88942580 331733635 411188080 965005630 282524280 72549651 74659721 778324782 76788285 322450985 958344358 591107639 868641739 971524851 954040603 877281034 345754088 348644386 981466825 770822271 748043485 340287967 152178381 323917758 105694693 116915327 476693489 292968830 320896085 422001181 448989625 69121681 324039958 242162109 335949197 572103436 485696572 923004631 121167533 71488526 915727763 388005285 717039621 246556408 573376676 525320233 255110903 453260494 716819783 730277239 374115841 838753854 78211457 598139094 209621460 632332597 68611530 965331984 865284530 263920736 415875569 196975289 408651398 539429583 190706387 779670562 6746806 566259902 748406237 557316956 199350112 901706863 390513645 957694151 833599751 198798059 890469707 101950884 104536983 668572159 873356787 675113745 204501495 306031226 537318868 247006523 489598653 27594228 64650013 406978642 76999847 781586998 500314464 515810959 373234326 794759745 488770520 960148582 507280625 153568382 891784687 401056658 286535389 627025206 975994881 227942035 139057513 660336704 988582841 349539088 333477682 39425681 465291028 115150476 832748078 706589060 383804821 377409731 540943837 576510519 159607103 803692896 621602523 885858864 789696885 256329960 836121666 573925886 828764903 760123774 805097677 89586247 650070775 858313271 482158951 239103979 894788370 552781305 496450568 861042430 122360041 776909582 656611848 367769884 346583818 735805694 629535064 129655064 82301044 955110122 988724625 133951471 553278997 669492159 62844004 443847224 474814249 595202813 558420092 863700356 504297112 277912528 265241282 881615109 971396731 212857386 388027611 699188163 898232562 435611308 14442891 897863022 65244561 880699728 847965452 304928042 506647432 882798597 18831164 110441450 879737710 673824675 114798246 505930923 480541228 175367205 675812846 421432575 171195810 353507507 40087843 240061053 574555191 906710990 668700927 152589922 730731640 135581710 939698794 813758864 118927000 373958215 156757354 428007273 711064059 56132660 968439758 525863975 752764684 183945230 868310233 961852277 940523673 519219466 642619575 59323662 487140801 560375101 966537265 143563667 339645279 704183649 392929821 41656129 488482032 428206217 438079640 825604180 800109409 789223479 104697478 357098955 862036905 242675387 743396373 865250942 680238998 264761792 577455840 816910504 396196579 58665390 96990705 521548026 361723476 326454555 31797548 558510993 720155410 217933842 992984766 806514072 973285581 652209214 980556386 189383212 508890181 315506392 652065783 28296857 111831316 114490403 859685887 651266960 205784428 859244973 804455028 67087063 526711372 838747643 871069586 687775492 736088507 815425693 334312684 422714452 963597230 788697285 196412698 995617447 649315114 88051818 352851251 499088381 648031443 683241558 930436192 535895604 418414925 357055563 663733735 339942684 3941837 202090977 422221664 863615841 268762963 597772656 94492382 298380264 396231280 131233169 219360762 653021837 328598157 748908374 79534196 597972840 562616802 682915214 9878523 372352784 640451527 792424894 78248254 791250875 186357307 245092029 532574346 999459909 654906598 895172976 829923062 322997643 875330401 35689378 631472752 107818549 257415952 246313217 801130401 88349839 823479864 844074736 745776045 271414979 537425244 911616603 175014217 490869264 315909047 794513817 518819108 999501641 56653362 682871312 374222514 739610430 583759410 178024353 72198979 957373944 569891973 244050128 942793976 168227522 729569078 303386048 822402000 493606568 449564402 145454711 208764210 594355820 281453504 232072885 806877733 510822313 920233759 903440411 748612718 350159580 811439185 301354476 514955439 398630804 90039902 698175367 111367219 950897459 58994756 40385161 570162558 41769974 23714166 246614156 415973431 195836795 42989362 941527591 947461066 221130284 897815944 722312539 188757117 525620833 606914352 704871636 180173175 644994043 237359289 201298096 49932740 944154143 826991811 819591730 388339858 804920864 748395665 35580364 694914918 149065359 482815332 962513820 466895439 484470346 831592591 907140961 732044666 204866646 496807976 951992493 404906117 558772693 450350532 519189627 751556436 822071885 465101460 584025957 795334781 618221687 87852374 284809697 409703421 299171314 390064716 866325760 868615797 684980291 677041545 892926212 356733647 898741636 855616208 408844568 872972252 12941110 548440475 620988499 384373453 664318031 790863580 397258597 416080363 615017324 937542867 709110878 682644439 324207427 185748151 187583979 929614819 848141810 793460885 926475728 206159371 500037062 547883458 18109553 391210816 962703194 265796182 152729583 735495633 177379535 723061812 504954612 619903287 819342976 190235315 249318088 754173735 702133827 820271043 983236 631688833 257669117 428697095 744299230 265971665 179622310 171329323 59136036 110133361 395156066 855771936 633339852 925814970 840552251 706601318 959304112 614279101 898097741 298600579 244429134 20026487 855141416 568316579 998711645 400325682 161787493 468431737 636425810 548421804 233654803 159767441 885747026 276662146 292683796 555413495 766285154 409967757 560398495 952836276 590391296 621553996 273641729 875129009 974432785 11499465 21811795 707536775 767576648 426821971 873295785 868850365 109155185 530244611 26788996 436778778 608322006 836667108 389257758 260125848 566333102 165348515 515726014 716561646 910999455 572508074 758916915 186662604 120985522 610736090 780415683 473901916 544408294 680908825 910002360 459114738 542044707 725752367 645542781 777302287 106626885 556732699 859226247 547735823 914145738 117534960 739768411 453226083 132562216 57469698 766135759 881608843 594929315 986042710 271238114 469807864 621536098 679261274 962153257 83265954 148471436 799796246 417365849 668202302 90963788 253078154 725576778 810977182 933292126 774966569 689063123 446159196 719092773 558484601 664834935 172027855 986969785 888436443 96360832 651408227 351825695 145602400 862308784 492902850 212786772 461029006 468778298 56161299 495995537 488729 939903667 982231828 387467696 345557740 927976637 786327904 983255021 8119165 653453685 16297430 761565883 18348401 307382737 565891673 670335051 814939335 291438091 112557106 365146150 979786964 224215676 646592296 892775877 703268600 189762014 236237182 382656825 759411222 986980979 790146366 651223529 898134218 888332701 287371995 827535736 636780564 145182631 518910422 850490086 764224829 137734739 259821703 625582679 918394874 368195003 29418864 282632279 406771933 995664663 507952224 258341177 25622106 586032517 635624796 193133901 524653812 41251625 425636811 742689801 642983297 634905455 366347105 968530622 914288413 546312200 15748617 225685899 858861065 668918088 311622553 432508860 968549145 274493709 243655794 57047075 541756915 60272923 434977036 248059888 292087620 532788796 203597792 258166957 112742084 44225145 135094470 703781427 844073548 560841653 747565798 172184570 138767700 779138991 265270077 546968210 289173840 203566243 911079990 114642449 915991464 679029894 488327625 156574158 697235958 112783641 881041515 639966985 688964659 709831087 460762982 434470622 358807776 366305074 347679446 595113300 798172957 691935383 825476281 234189150 587811625 943850938 470483455 625301095 952626759 68129619 105468037 379979386 389791481 890912249 844892085 326294919 353013937 294400275 708633488 537068506 623212785 397326407 380910652 784794934 1040775 963315689 714341164 889628979 960372626 198285189 397969321 164899022 237695252 125706692 670428863 555889956 111297061 86708574 555552480 427344283 237522197 559690305 55328835 876592263 478782929 441521675 438768519
2
2
1 807903795
1 420368486
1 632822254
1 674287675
2
1 338154709
1 293587182
2
1 92924993
2
2
1 764795885
2
2
2
1 458998364
1 413975610
2
1 784911680
1 666553918
2
1 554655242
2
1 179304785
2
1 777951459
1 270278470
2
1 724022072
2
2
1 784624819
2
1 121447003
1 100126368
2
2
2
2
2
2
1 632625613
1 78020572
2
2
2
1 886001592
2
2
1 426659809
2
1 824977467
2
2
2
1 716312287
2
1 478028104
1 769442892
1 295581754
2
2
1 288008756
2
1 942381488
1 518101459
1 488311367
2
1 321656999
2
1 830537659
2
2
2
1 192099045
2
1 928001403
1 647852251
1 929374053
2
1 696299110
1 810941987
2
2
2
2
1 390811566
2
1 986517008
2
1 709531572
1 869830516
1 576676504
1 355422699
1 429924434
1 689045718
1 107032802
1 45859965
1 238790972
1 322729230
1 875715343
2
1 543705973
1 444610949
2
1 111660702
1 764548422
2
1 353079110
2
2
2
2
2
2
1 523478299
2
1 220037515
2
1 109992509
2
1 438844169
2
1 655199661
2
2
1 289282804
2
1 869740077
1 378721771
2
1 48971508
2
2
1 400917008
1 85069526
1 64159059
1 783542240
1 624077213
1 55930466
2
2
2
1 541570910
1 620132822
1 534351886
2
1 331619891
1 309998137
1 447634493
1 374719779
2
1 239445797
2
1 502568892
2
1 911941233
1 792085121
2
2
2
2
1 673313017
2
2
2
2
1 714720578
2
2
1 622617432
1 84472356
1 593635327
1 808785033
2
2
1 665781618
1 955995634
2
2
2
2
1 892083189
1 73120941
2
2
2
2
1 561605205
1 998721742
1 614417515
1 962251840
2
2
2
2
1 472933558
2
1 87206866
2
2
1 943745159
2
2
1 985448069
2
1 364523874
2
2
2
1 16471153
2
1 356928453
1 597225296
1 927095629
1 938101612
2
2
2
1 705236029
2
2
2
2
2
2
1 109945884
2
2
1 608340360
2
2
2
1 810769318
2
2
2
1 43331206
1 79421573
1 470166571
2
1 611861355
2
2
2
2
1 981199347
1 656176797
2
1 674199481
2
2
2
1 371375624
2
1 51540497
1 974684548
1 63784032
1 886014859
2
1 445338005
1 637467809
1 923973573
1 536786037
1 620033056
1 178286854
2
2
2
1 782072388
1 651711495
2
1 946800054
1 439108437
2
2
2
2
1 908733087
1 197977762
2
1 193155659
2
2
1 51066188
2
2
1 145809690
2
2
2
1 714358914
1 468197364
2
2
1 975294417
1 429058632
2
2
2
2
1 466794637
1 237903137
2
2
1 976903510
1 117883829
1 549927076
2
1 885433068
1 292925343
2
1 875442791
1 658882779
1 192820064
2
1 144703856
1 81783159
2
2
2
1 621945107
1 276890000
1 370112871
2
2
1 878526774
1 323042468
1 93028009
1 133656443
2
2
2
2
1 430422057
1 882999329
1 772651597
1 567251306
1 814055953
2
2
1 94224822
2
1 637517582
2
1 93565265
2
2
2
2
1 204093435
2
2
1 188285530
1 32449859
2
1 446993726
1 956000517
1 783092906
1 432993410
1 440975549
2
2
2
1 874534194
2
2
2
2
1 692070160
2
1 122685970
2
1 975906487
1 567527250
1 142828704
1 208042031
2
1 649796769
2
2
1 730882307
1 511688777
1 331051407
2
1 752772284
2
2
2
1 419961112
1 354998727
1 657655554
2
2
1 853746382
1 602393099
2
1 301681154
2
2
1 549060169
2
2
1 215443776
1 40249348
2
2
2
2
1 227680960
1 415877500
1 621068232
1 946231034
1 877378220
2
2
2
2
2
2
1 954662069
1 84707101
1 116177562
1 261677952
1 252170578
2
2
1 319316780
2
2
2
2
1 303279349
1 982846075
1 603785052
1 391411317
1 429080043
1 95334619
1 281424110
2
1 97699533
2
2
2
1 550110251
1 684561226
2
2
1 961087459
2
2
2
2
1 980313393
1 976796596
1 354908547
2
2
2
1 284049411
1 812048500
2
1 684978112
2
2
1 243250923
2
2
1 466871016
1 421285707
2
1 569249723
2
2
1 833101077
2
1 796459921
2
1 166513593
1 878953224
1 183571060
1 39720713
2
2
2
1 165698068
2
1 493979411
2
2
1 647307530
1 103265888
1 301286029
1 763976051
1 841763337
2
2
1 218148601
1 981721178
2
2
2
1 811674332
2
1 12779304
1 530022317
1 755130795
2
1 24506429
1 27709066
1 862815107
2
1 730405102
1 850139032
1 433877473
1 331573564
1 600191951
2
2
2
1 891520332
2
1 187508420
2
1 531692919
1 250185754
1 718541580
1 797972482
1 315886762
1 200853596
1 71632484
2
1 457029927
2
2
2
1 509218491
2
1 316374163
2
2
1 106280781
1 945564714
1 755099712
2
1 290294916
2
2
1 633196009
2
2
2
2
1 751387690
1 419232642
2
1 495267649
2
1 911783580
1 996730026
2
1 829048970
1 221253623
1 159010069
1 569194868
1 680212377
1 638319449
1 723645702
2
1 66278848
2
2
2
2
2
1 266113583
2
2
1 739585639
1 45004834
1 333388503
2
2
1 722548924
1 312391346
1 442303486
2
2
1 254395230
1 401156586
2
2
2
1 111581497
2
2
2
1 272330289
2
1 850103741
2
2
1 631029026
1 159546349
1 26576943
2
2
2
2
1 849971807
2
2
2
1 413997664
2
1 756200954
1 777206244
2
1 435518453
1 942008385
1 106018259
1 167729131
1 445369062
1 8880365
2
2
2
1 14893157
1 461068036
1 534679971
1 412327277
1 562637011
1 839747889
2
2
2
1 194692979
1 195049137
2
1 483621716
1 163107641
2
2
1 965931064
2
2
2
1 606183192
1 456348790
1 606493976
2
2
1 221583105
1 767713266
1 115469264
1 778324983
2
2
2
2
2
1 647536555
2
2
1 334803462
2
2
2
2
1 460939121
1 22879788
1 164328878
1 834449213
1 96734786
1 813742956
2
2
2
2
1 608648542
1 938344962
2
1 608635694
1 675893545
1 47478394
1 923026159
1 201093367
1 790242084
1 319168367
1 350146970
1 601006675
2
1 272800235
1 445479323
1 253947631
1 271821298
2
1 564284922
2
1 693540631
1 131932744
1 482627170
1 658924355
2
1 609534629
2
2
2
2
2
2
2
2
1 520016294
1 859908123
2
1 475400668
1 797496759
2
2
1 549050511
2
2
2
1 695839045
2
1 718592773
2
1 266059620
1 296229953
1 335869202
2
2
2
2
2
2
1 285750493
1 841073853
2
2
1 477776816
1 880669711
1 195945279
2
1 553462021
1 18844233
1 280936469
2
2
1 815312320
2
2
2
1 222149498
1 147695018
2
1 453771896
2
1 739130717
2
2
2
1 969505769
1 882793358
1 392454601
1 605456427
2
2
1 28490014
1 488026537
1 73598112
1 238193021
2
1 928099606
1 886202383
1 315527382
2
1 599055817
2
2
2
2
2
2
2
2
1 43608112
2
1 819989129
2
1 479718824
2
1 639443215
2
2
1 989552317
1 640081104
2
1 992369327
2
1 412734302
2
2
2
2
1 874641114
2
1 484310115
1 957828348
1 986522828
2
1 764828694
2
2
2
2
2
1 100647304
1 576191330
2
2
1 645296339
1 294562566
2
2
2
1 267292853
2
1 236705861
1 946758535
1 783394161
2
2
1 240739397
2
2
1 883851916
2
2
1 325946456
1 648179432
2
1 416311093
1 10230043
1 953130778
2
1 600190155
1 79227832
1 19081554
1 291043963
1 58049660
1 216423914
1 36583195
2
2
2
1 478774943
1 204433253
1 356335428
1 171460289
1 528084428
1 732236518
1 11974658
1 863438211
2
2
1 676264762
1 584922403
1 378122350
1 375170467
1 321516812
2
1 585729824
1 948657724
1 43384593
1 386830381
2
2
1 174856060
2
2
2
2
2
1 359221859
2
2
1 82070890
2
2
2
2
1 219831481
2
2
1 490477496
2
2
2
1 470837700
1 100003177
1 689207194
1 386115319
1 363643484
1 864130812
1 10375702
1 71498737
1 237795689
1 54311211
2
1 537997868
1 390273470
2
1 459496656
1 445391357
2
2
1 701039570
1 595209229
1 346259692
1 366927210
2
1 307498028
1 804348682
1 268219190
2
2
2
2
1 545755886
1 447832504
2
2
1 745468813
1 384557586
1 149667725
2
2
2
2
2
1 333531775
1 717884228
2
1 866786748
1 265230360
2
2
1 346123385
1 103977269
1 627836636
2
2
2
2
2
2
1 733369215
1 646182316
1 523081831
1 671395401
1 438058548
1 95369253
1 428230296
1 285491855
1 446570789
1 404251076
2
1 549227908
1 657705958
2
2
2
2
2
1 355404534
2
2
1 223687889
2
1 651312210
1 812194533
2
1 147414865
1 818667096
1 723068344
2
2
1 136687685
2
2
2
1 36068807
2
2
1 298548873
1 758982514
2
1 977337386
2
1 239539209
2
1 330846900
1 503206365
1 882706895
1 127409010
2
1 259098662
2
1 195731717
1 506840788
1 768673016
1 501588525
1 271905326
2
2
1 899187328
1 965501052
1 696271039
1 240148900
2
1 380602334
2
1 353741596
2
2
1 16424968
1 369231013
2
2
1 522701536
1 446690721
1 943396975
2
1 116209049
2
2
2
1 398994516
2
2
2
2
1 707735682
1 107210436
2
2
2
1 701640384
2
2
2
1 428670161
2
1 868605453
2
1 244126441
2
2
1 839430202
2
1 629656426
1 547374942
1 432162085
1 687660936
1 88859082
1 903522765
2
2
1 23109409
1 899460077
1 747350549
2
1 847813408
2
1 428517909
2
2
2
2
1 444016727
2
2
2
2
1 773473394
2
1 977078441
2
2
1 326205550
2
1 456330419
1 508510906
2
1 53764680
2
2
2
2
2
2
2
1 336424607
2
1 795631827
1 526973688
2
2
1 706963626
2
2
2
2
2
1 741090009
1 557207394
2
2
2
1 711376314
2
2
2
2
2
1 980927878
1 221584993
2
1 212504486
1 315088391
1 662222945
1 588187715
1 523420779
2
1 336491840
2
2
1 628884429
1 416056719
1 232887519
1 144663886
2
2
2
2
2
2
2
1 583063477
1 346649631
2
1 845597633
2
2
1 429299593
2
1 671015415
2
2
1 136453945
2
2
2
2
1 577284086
2
2
1 699035294
2
1 416599064
2
2
1 970085669
2
2
2
1 378181664
1 297714885
2
2
1 969395054
2
1 122298685
2
1 364317408
1 748978539
2
2
1 279363248
2
1 375722398
2
2
1 357915443
1 274678350
2
2
1 965770486
1 752629990
2
2
1 129062216
1 880174524
2
2
1 581910205
1 548883132
2
2
2
2
2
2
2
2
2
1 199309303
1 818758938
1 872743317
1 7976572
2
1 20186010
2
1 668085925
1 819124307
1 157441692
1 545665590
2
1 864025945
1 559287969
1 616666765
2
1 84466782
1 633381227
1 745004621
1 437219708
1 254550576
1 393841369
2
1 857959873
1 868948398
1 531119334
2
1 6691211
2
1 243195133
1 928882755
2
1 896876761
1 315748998
2
1 995025180
1 243005764
2
1 986350264
2
2
1 884912891
1 374175059
2
2
2
1 443970446
1 834305498
2
2
2
2
1 785328693
1 751414716
2
1 918076176
2
1 146797482
1 645352121
2
1 776893170
1 219759721
2
1 100938576
2
1 336520345
1 709158568
1 154096602
1 588919800
1 793808689
2
2
1 692800946
1 435967688
2
1 588891180
1 822766354
1 325084383
2
2
1 509510536
2
2
1 2349683
2
1 878463320
2
2
2
2
1 502958662
2
1 423121664
2
1 649307795
2
2
2
1 297592201
1 487898579
1 273816798
1 222217461
1 2644893
1 362936985
2
1 833594808
1 194607498
1 18941236
1 887225767
1 510818424
1 145344639
2
2
1 446963391
1 317826015
2
1 141777929
2
2
2
1 785038137
2
1 277615794
1 722917675
2
2
2
2
1 327210223
1 513312553
1 240941659
1 467248007
1 275148602
2
1 861928517
1 623228810
1 618904680
2
2
1 434497138
2
1 853647124
2
1 45296905
2
2
2
1 161232035
2
1 982140010
1 885859936
2
1 871290707
1 305057429
2
1 61384990
1 452992459
1 368522705
1 250736679
1 383702841
2
2
2
2
2
1 136332016
1 704877356
2
2
1 940649022
1 85789179
2
2
1 487611598
1 927398397
2
2
1 108229324
1 473039513
1 290956718
1 785591167
2
1 580599724
2
1 54249820
2
2
2
2
2
1 576852445
1 452821725
2
1 306393413
1 355410593
2
1 589836441
1 68874675
2
1 120432904
1 265543127
1 449514227
1 140875517
2
2
2
1 592485272
1 925731472
1 525541743
2
2
2
1 808712065
1 656392968
1 323630794
2
2
1 46176875
1 865559035
1 26553568
1 926048723
1 906697139
1 211796338
1 434551242
1 227418233
2
2
1 511070458
1 281298613
1 888930796
1 979447878
1 219012016
2
2
2
2
2
1 18171336
2
1 340041052
1 682296786
1 706481871
1 199782521
2
1 258971583
2
2
2
2
1 270572295
1 246792161
1 859871774
1 415948616
1 696349430
2
2
1 351451711
2
2
2
1 291411506
2
1 952086441
2
1 201378188
2
2
1 596429798
2
1 853620990
2
1 742531336
1 685645093
2
1 918113619
1 537697424
1 281563491
1 699294863
2
1 870780670
1 396339367
1 129692887
2
1 371915455
2
2
2
1 868301826
1 492199631
2
2
1 558231012
2
2
1 757112619
2
1 55954847
1 636516894
2
1 248716809
2
1 542042749
2
1 340817670
1 925618240
1 42937542
2
2
1 490263980
2
1 207315390
1 112160468
2
2
2
1 225148752
2
1 771513186
2
1 599018380
1 11490555
1 698664308
2
1 626583410
1 421866234
1 941526264
2
1 173241573
1 56189672
2
1 908853701
2
2
2
1 597011746
2
2
2
2
1 790745837
1 901542267
2
1 581381510
2
2
1 201051949
2
2
1 966754530
2
2
2
1 191431216
2
2
1 366663505
2
1 639390267
1 643766233
2
1 483897635
1 216937127
1 221648289
2
2
1 829091335
2
1 450568106
1 826001476
1 881562905
1 141340392
1 523484933
1 312641054
1 862255287
1 456295625
1 578571332
2
1 500325717
2
1 657597684
2
2
2
1 524417348
1 984129507
1 175970692
2
1 278574900
2
2
1 453155460
1 15458159
2
1 896374074
1 244729222
1 221393138
1 196426259
1 759027682
1 143938730
2
1 658843970
1 776960017
1 166190016
2
1 536732036
1 181364905
2
2
1 313651287
1 295715842
2
2
2
2
2
1 352126827
2
1 614398624
2
2
2
1 328239752
2
1 457929752
2
2
1 575772645
1 177962450
2
2
1 913797082
2
2
1 108781602
2
2
2
1 897817850
1 597134997
1 550076258
2
1 813747450
1 415244933
1 617918003
1 482766296
2
1 756140385
1 894116485
1 435663779
2
2
2
2
2
2
1 977251714
1 275475416
2
2
1 876583054
2
2
1 76485646
2
2
1 146641423
2
1 607756753
1 870454441
2
2
2
1 21237654
2
1 80579042
2
2
2
2
1 75352223
1 45343855
2
2
1 169579874
2
2
1 505725370
1 361411187
1 382132625
2
1 115133562
1 669815643
1 522170905
1 508821996
2
1 630391550
2
1 55350572
2
1 450664446
2
1 512343116
2
1 450606026
1 853034597
1 949635224
2
1 490589403
1 625709826
1 52175648
2
2
2
1 587871343
2
2
2
1 183902585
2
1 122864413
1 7539892
2
1 249796057
2
2
1 482510898
2
1 744498017
2
2
2
2
2
1 860467630
1 351937508
2
2
2
2
2
2
1 201997972
2
1 828896800
2
2
2
1 827198044
2
2
1 680374303
2
2
2
2
2
1 350349579
1 992027331
2
1 767887815
1 203626640
2
1 148739902
2
1 900228577
1 396810271
2
1 286938362
1 41128950
2
2
1 775788713
1 920349574
1 497453587
1 193182485
2
2
1 403841470
2
2
1 159388245
2
1 905670412
1 585912346
2
2
1 838789701
2
1 690006706
1 161149562
1 851179836
1 741733670
2
1 584774921
2
2
1 859947428
2
1 871968161
2
2
2
1 66855749
2
1 120267084
2
2
2
2
2
1 148112479
2
1 343121947
2
1 668762504
2
1 100249648
2
1 149750066
2
1 101719774
2
1 489671367
2
1 208545976
2
2
1 729533977
2
2
2
2
2
1 905441478
2
1 275583253
1 426133176
1 232998311
2
2
2
2
1 817489965
1 716365261
2
2
2
1 476131800
2
2
1 407547108
1 777233610
2
2
1 825389981
1 976896683
2
1 319066114
2
1 809386847
2
1 677945302
1 919656454
1 728164530
2
1 964588171
1 852168745
1 426044843
1 189090236
1 849650044
2
2
1 636660150
2
2
2
2
1 196733174
1 181942771
2
2
1 538649946
1 178841298
2
2
2
2
1 483426539
1 720280107
2
2
2
1 263388471
2
2
2
1 292621423
1 702042934
1 98226119
2
2
2
1 170871027
1 500973950
1 688710467
1 101895382
2
2
1 721653551
1 972883472
2
1 256783085
1 272068238
1 437909495
1 955541924
1 895400883
2
1 583599029
1 491210101
2
2
1 200142060
1 709966861
2
1 605478150
2
1 678028896
2
2
1 880497205
2
1 247862282
2
1 424732072
2
2
1 436641209
2
2
1 902945363
1 249375195
2
1 47044317
1 373865128
2
2
1 785713460
2
2
1 895841900
1 642654787
1 222068201
1 339362585
1 334888727
2
2
1 438739345
1 859478855
2
2
1 155284184
1 29214940
2
1 92307762
2
2
1 534280029
1 589489283
2
1 367295632
2
1 222525552
1 407162387
1 499465634
2
1 381601477
1 916913688
2
1 843431571
1 603853790
2
1 33694986
2
1 212444821
2
2
2
2
1 755305833
1 274535857
2
2
1 366158697
1 338334697
2
1 903664814
2
1 608328901
2
2
1 930629143
1 396299950
2
1 948952846
1 103965334
2
1 941659485
2
1 732347203
1 737018169
2
2
1 736448445
1 623769126
1 779385157
1 557217096
2
1 213634862
1 725850138
1 935514274
1 938143378
2
1 911430982
1 643362740
2
1 8639876
1 701297928
1 393044150
2
1 231401313
1 108461792
2
1 617174223
1 558597627
1 277330421
1 689361344
1 472026907
1 978929892
2
2
2
1 622441884
2
1 773232695
1 792688010
1 383400632
2
1 884058490
1 770747392
1 57688366
2
1 35999752
2
1 717410906
2
1 336453661
2
1 788286622
2
1 682290326
1 76938794
2
1 950075534
1 384081
1 544877952
2
1 66270187
2
2
2
1 863928892
1 930624833
2
2
1 871604889
2
1 777602088
2
2
1 191380345
2
2
2
2
1 773822908
1 952035247
2
1 930186092
2
1 556231663
2
2
1 763587993
1 577638782
2
1 290740083
2
1 186325464
2
2
2
1 277903312
1 734312361
2
2
1 327449917
1 887678655
1 402710420
1 111181169
2
1 86509835
2
1 288420124
1 240824695
2
2
1 417686677
1 442533012
1 816483762
2
2
1 114076259
1 569424523
2
1 625523240
1 410778213
2
2
1 755858845
1 520216511
2
1 457262516
2
1 797940276
2
2
2
1 949706806
2
1 777409647
2
1 115068321
2
2
1 30440841
2
1 236832935
2
1 205849134
1 134314869
1 440948591
2
2
2
2
2
2
1 553028671
1 717625055
2
1 430156117
2
2
1 261239852
2
1 877400961
2
1 309983535
1 405677591
2
2
2
1 350552266
1 336895209
2
2
1 813114150
2
1 502103528
1 930733196
1 752636270
2
2
1 509598316
2
1 407614436
1 362953208
2
1 882473052
1 48266562
1 823664752
2
2
2
2
2
1 587970452
1 203953677
2
1 654975356
1 789184761
2
1 718981686
2
2
1 692417040
2
2
2
1 635142942
2
1 49612018
1 292122139
1 944265316
2
1 477003014
1 276649484
1 388570182
2
1 550322280
2
1 645123877
1 349360046
2
2
2
1 348644613
2
2
2
1 171507366
2
1 794182975
2
2
2
2
1 42198451
2
1 284723870
1 822927590
2
2
1 655672220
2
2
2
1 381561298
2
2
2
1 771643195
2
2
2
1 630861147
2
2
1 650980269
1 379636070
1 287064490
2
2
2
1 39729751
1 928204783
1 905275570
2
1 194773984
2
1 492909436
2
1 841145883
2
1 844923954
1 959226228
1 758876893
2
2
1 830042481
2
2
1 459670707
1 228794337
1 585939068
2
2
2
2
1 883595331
2
1 246252825
2
2
2
2
2
1 470233826
1 402345528
2
1 707372568
1 58217930
2
1 678989832
2
2
2
2
2
2
1 12048341
2
1 587158764
1 840805014
2
2
1 478933505
1 396381126
2
2
1 557485322
2
1 926340389
1 445650293
1 988526781
2
1 642397869
2
2
2
1 304906559
2
2
1 496268186
2
1 273844029
1 481139645
2
1 788567355
2
2
2
2
2
2
2
2
2
1 18447786
2
1 225626825
1 300257636
1 935897227
2
2
2
2
2
1 376974877
1 844761720
1 454137133
2
1 230691078
1 607944347
2
2
1 323111548
2
2
2
1 208136313
1 429164666
1 842853805
1 800205250
2
2
2
1 543847275
2
1 479271201
2
1 509688454
1 763441118
1 776222365
2
1 59170036
1 227321720
1 285057329
2
1 569487305
1 704980913
2
2
1 639828397
1 214079618
1 909127085
2
1 268659268
1 503692668
1 808360189
1 530576544
1 673672457
2
2
1 774526066
1 367347439
1 350242764
2
1 163427354
2
2
2
2
2
2
2
2
2
2
2
2
1 223202651
2
2
2
2
1 896363139
1 267502284
2
1 854946606
1 96328532
1 482427260
1 742929648
1 551921045
2
1 625512149
2
2
2
2
2
1 918779956
2
2
1 745910218
1 146624577
2
2
1 825688243
1 907071913
1 373203491
2
2
2
1 991341572
2
1 742864531
2
1 72947154
1 786801073
1 441518067
2
1 322757981
1 649835022
2
1 301652884
2
2
1 939065891
2
2
1 507944628
2
2
1 191992659
2
2
2
1 171456882
2
2
2
1 751422122
2
1 623085501
1 675221220
1 15155255
1 279904896
1 398333213
2
2
2
2
1 322520354
2
1 957672693
1 795530646
1 658432762
2
2
2
2
2
1 130808452
2
2
1 182202692
1 372012899
2
2
2
2
1 669927431
1 944243975
2
2
1 475191816
2
2
2
1 502647276
2
1 37856413
1 49011263
1 371608364
1 236004024
2
1 524853767
1 574671217
2
2
1 508696528
2
2
2
2
1 780354656
1 494994609
1 546124572
1 200772828
2
2
2
1 30796530
2
2
2
2
2
2
2
1 143504364
1 554657130
1 767465789
1 970421147
2
2
1 907759814
2
2
1 495975808
1 810818937
1 525978503
2
1 567100778
1 650863574
2
1 699119715
2
1 575489842
2
1 480466822
1 570313462
1 886949158
1 489475593
2
2
1 621977841
2
1 853694450
2
2
1 416204465
1 831284502
2
2
2
2
1 121308141
1 48433310
2
1 833490622
1 810387805
2
2
2
1 376132968
2
1 966843525
1 84707024
1 568860418
2
2
2
2
2
2
1 662160173
1 582229464
2
2
2
2
2
2
1 498795347
1 665994165
1 260390511
1 29640557
1 44305597
1 881647664
1 657509268
1 338819706
2
2
1 714034158
2
2
1 485247657
2
2
2
1 285285354
2
1 887946159
2
2
2
2
1 72158062
2
1 242364242
2
1 374429763
1 519190907
1 551298188
2
1 83203873
1 369180139
2
1 505305659
2
1 469727390
1 145918885
2
1 710534381
1 961294391
2
1 363052103
2
2
2
1 155170060
2
2
2
1 732100192
2
1 358918715
1 789468066
1 956111690
1 531623433
1 143926687
2
2
2
2
2
1 59795618
1 973194460
2
1 440179376
1 777211316
2
1 194312116
1 833412058
2
2
1 916296890
1 357840284
1 274206459
2
2
1 691838817
2
1 28222598
1 528411179
2
2
1 983023640
1 668884659
1 405722366
1 218326216
1 523441815
1 304352578
1 327222592
2
1 986298410
2
2
2
1 647747653
1 693248990
1 868052012
1 212237325
2
2
2
1 57561439
2
2
2
2
1 297503338
2
1 494292298
1 30327439
2
1 252782781
1 846413096
2
1 635785106
1 914507232
1 621898708
1 729251249
2
2
2
1 179774940
1 289177882
1 236368957
1 604562467
2
1 368790460
1 956549724
2
1 833817041
1 968116885
1 143674903
1 828038646
2
2
2
2
1 613434323
1 293853399
2
1 723686739
1 216899329
2
1 159420329
1 143871383
1 661452405
2
1 649658051
1 393229643
2
1 954116460
1 627769797
1 530559742
1 643082539
2
1 830695248
1 628324189
2
1 523634428
1 513887986
2
2
2
2
1 113621381
1 176530594
1 829596577
1 611824556
1 22239499
1 707638249
2
2
1 556283143
2
2
1 16881753
2
2
1 737571712
2
2
2
2
2
2
2
1 155822509
1 827030458
2
1 889128023
2
2
2
2
2
2
1 498872619
2
1 525998898
1 294634526
2
1 578078365
1 642892826
1 306371372
2
2
2
1 476526671
2
2
1 69873979
2
1 363561543
1 229763623
2
2
1 499705945
1 519456882
2
2
1 891580521
1 760222986
1 348653209
2
2
2
1 987484741
1 997431131
1 389900057
1 66743682
2
2
1 952149604
1 486500144
1 876444293
2
1 741286706
2
1 106490997
1 976955385
2
1 6526440
2
2
1 972544832
2
1 924269627
1 817116435
1 490550282
2
1 660120725
1 102913258
1 153811547
1 171095114
1 633352892
2
2
1 76792384
2
2
1 133288746
2
1 65522806
1 797267905
1 661026854
2
1 56809038
2
1 601994259
2
2
2
2
1 880088589
2
2
1 73086255
2
1 414792459
1 300647905
2
1 64191741
1 787459764
2
2
1 254351895
2
1 962170653
1 973205722
1 347349505
2
2
2
2
1 404785013
2
1 397476792
1 941397550
2
1 512236701
2
2
2
1 173755188
1 528797075
1 918682577
2
2
1 65340053
1 515800613
2
1 112363119
2
1 986016389
2
2
1 330019060
2
1 54602234
1 282555608
1 818190599
1 442818748
2
1 192430699
2
1 184455556
2
2
1 196264932
1 586927667
2
1 217878609
1 765850429
1 958472755
2
2
1 714352302
2
1 158894221
1 111224535
1 687704073
1 866620910
2
1 654535047
1 771139513
1 832415693
1 672637270
1 800743491
2
2
2
1 926492309
2
2
1 272565691
2
1 685189293
1 245149799
1 497597160
2
2
1 694570276
2
1 338299685
2
1 45241148
1 169378000
2
2
1 680351807
2
1 198760291
2
1 223533355
1 270612060
2
2
1 274843266
2
2
2
2
1 509843377
1 452029471
1 179031764
2
1 931630465
1 585335370
1 841734763
1 142685963
2
2
2
1 702888522
2
1 553754305
2
1 176993321
2
2
2
1 663232780
2
1 241606662
1 679721362
1 856738258
1 93291783
1 739733674
2
1 848405539
1 154528434
1 878475455
2
2
2
1 808775267
1 393999256
1 145450391
1 533219113
2
2
1 549868947
1 884617441
1 201918784
2
2
2
2
2
1 430334454
1 248058584
1 770971418
2
2
1 332488992
2
2
1 313130270
2
1 740589112
2
2
2
2
2
2
1 491390082
1 940139088
2
1 657202354
1 673716902
1 544767462
2
1 703911690
1 176230196
2
1 520400505
2
2
1 104441109
1 545438654
2
1 798974396
1 627551491
2
2
2
1 681263863
2
1 594641800
2
1 905895259
2
1 931859725
1 589834272
2
1 768354241
1 528973184
2
2
1 891770637
2
1 539259027
1 7910494
1 704568833
2
1 583885252
1 454284890
2
1 499696775
2
2
2
1 823099185
1 226421307
1 438947422
1 190998966
1 586086906
1 19402401
2
1 468636881
2
2
1 824307586
2
2
2
2
1 922633023
1 877118574
2
2
1 463448611
1 492397025
2
1 455345866
1 278058385
2
2
1 775947233
2
1 787454825
1 357802088
1 810981468
1 920396117
1 918431714
2
2
1 436764634
1 685059493
1 984385697
1 516765098
2
2
1 715194438
1 883860493
2
1 747320467
1 365771014
1 533175533
2
2
2
1 65766044
1 215166609
1 747071403
1 570238667
2
1 94253144
2
1 537493742
2
1 311326190
1 570315944
2
1 10202627
2
1 298612481
2
1 860460091
1 176533100
1 136088362
2
2
2
2
2
2
2
2
2
1 789171328
2
1 284860067
1 804159101
1 53824208
1 852637494
2
1 375618673
1 75364672
1 852914234
1 714734930
2
1 705138617
1 975074181
1 229771769
1 315357569
2
2
2
1 862723349
1 579643684
2
2
1 356756079
2
1 1903916
1 881619496
2
1 403258152
1 915652522
1 215143357
2
2
1 561809094
1 390004560
2
2
1 537255940
1 599657306
1 49757867
2
1 904479051
2
1 223658458
2
1 64216395
1 216318060
1 212142723
1 15687483
1 143761916
2
1 596487788
1 570180022
2
2
2
2
2
2
1 811323041
2
1 769620088
2
2
2
1 267160096
2
1 547653187
1 73923412
1 814152846
2
2
1 231730004
2
2
2
2
1 893971329
1 185480256
1 325334751
1 492468032
2
1 814367580
2
1 336115474
1 18978949
2
1 102370124
1 426987711
1 774045257
2
2
1 75528999
1 765331132
1 730731715
2
1 490186771
2
2
1 762929782
1 172097803
1 390594264
2
1 456597587
2
2
2
1 854663163
1 116074503
1 839826574
2
2
2
2
2
2
1 169224080
2
2
2
2
2
1 772543051
2
2
2
1 358438583
1 964314120
2
1 900364526
1 623849927
1 513239015
2
1 108890878
1 938491928
1 186801204
2
1 740151563
2
1 943710920
2
2
2
2
2
2
1 269773886
2
2
2
2
2
2
2
1 459157947
1 120697283
2
2
2
2
1 493474738
2
1 819101731
1 248401690
2
2
1 270467399
2
2
1 352706648
2
1 282043109
2
2
1 768739120
1 870587832
1 731926365
1 715583649
1 981218857
1 845585383
2
1 647433811
1 817570686
1 213441097
2
2
1 768290724
2
2
1 808462843
2
1 337897075
1 761679309
2
2
2
2
1 954313591
1 273319644
2
1 975373327
2
2
1 813370346
2
1 185170210
1 885820071
2
2
1 17333064
2
1 532758281
2
2
2
2
1 462793346
2
2
1 998416524
1 367318422
1 956234894
2
1 561460624
1 159326788
1 84037728
1 111388117
1 845148106
2
2
1 443487109
2
2
2
2
1 327577730
2
2
1 509789513
2
2
2
1 686595066
2
1 1991464
2
2
2
1 33354329
2
2
1 439464261
2
1 753353137
2
2
1 681722083
2
1 821349474
2
2
1 893173072
2
1 506511213
1 658239763
1 62306828
2
2
2
2
2
1 769832147
2
1 853308091
2
2
2
1 609188817
1 634601290
1 680446455
1 988184194
1 486778131
1 407184884
2
1 654393560
1 747949049
1 800750211
2
2
1 785355132
2
1 50581537
2
2
1 513213796
2
2
2
1 913396442
2
1 435292233
2
2
2
1 167084062
2
1 698112335
2
2
2
1 572686716
2
1 307075726
1 548237487
1 994311828
2
1 203311588
1 126312727
1 825004035
1 507076266
1 263207382
1 664249679
1 389548288
1 909159815
2
2
1 162609424
1 250263821
1 539283902
2
1 359463196
2
2
2
2
1 190337363
2
2
1 721882033
1 631838184
2
2
2
1 412708409
2
2
1 347703772
2
2
1 437559097
2
1 608960764
1 138787296
2
1 127563736
1 392348488
2
2
1 418093169
1 404889015
1 43526791
2
1 664912894
2
2
2
1 99218017
2
1 205971377
1 130360167
1 183670517
2
1 392467687
2
2
2
1 958808987
2
1 629744869
2
2
1 571093887
2
2
1 691526263
1 743586927
2
1 485067612
2
2
1 353250737
2
2
2
1 912382397
1 989746444
1 246386576
2
1 703511866
1 327747638
1 690873669
1 573581037
2
2
2
2
2
2
1 404217644
2
2
2
1 372804961
1 498786334
1 84317980
2
1 547743815
2
1 606585694
2
2
1 899909815
1 405063390
1 354737013
2
1 19030184
2
1 548186474
1 51005321
1 315469250
1 225419170
2
2
1 660812783
1 707942153
2
1 731877689
1 363593742
2
2
1 110558739
1 484429559
1 238337077
2
1 902873393
2
2
1 276714374
1 223656295
1 932869860
1 840292758
1 564513892
1 148900199
1 700841538
1 81405092
1 485337806
1 736734933
1 255874666
1 539407800
2
2
2
2
1 292752042
2
1 141841150
2
1 109589484
1 878950059
1 985027557
1 221019582
2
1 385644405
1 711114481
2
2
2
1 954335952
2
1 124309965
1 865019624
2
1 89511188
2
1 863170987
1 952135294
1 268225746
2
2
1 896693501
2
2
2
1 425243196
2
2
2
1 980925009
1 93844076
2
1 892420689
2
2
2
2
1 915898597
1 516334319
2
1 694108827
2
1 800425434
2
1 805412587
1 54540122
2
2
2
1 426660720
1 66642205
2
1 669311479
1 808370301
2
2
1 103673059
2
2
2
1 926710875
1 457088457
2
2
1 193121478
1 964365612
2
2
2
1 115566649
1 454380743
2
1 525470944
1 80982503
2
1 692203901
1 887129009
1 936737082
1 986510144
2
2
1 60767523
2
2
2
1 789433130
1 843368410
1 897342023
1 642854708
2
1 234310079
2
1 763268864
1 679955102
2
2
1 698410063
1 419323280
2
2
2
1 456263011
1 189868260
1 705270258
2
1 432855826
1 564994896
2
1 216196313
1 632671892
2
1 806342417
2
2
2
2
1 754902765
1 657174291
1 68068993
2
1 442369698
2
1 739232402
2
2
1 513312798
2
1 604752861
1 542502690
2
2
2
2
2
1 590804037
2
1 584562564
2
1 131000000
2
1 114258116
2
1 267274562
1 45076006
1 348650746
1 53435982
2
2
1 379900394
1 427718847
2
1 367061410
1 302851764
2
1 235246978
1 460584206
1 356015555
2
2
1 922716954
2
2
2
1 248778005
2
1 639748446
1 639028020
2
2
2
1 692072283
2
1 530406208
1 55781485
1 290643586
2
2
2
1 360289314
2
2
1 324687242
2
1 748866903
1 387267471
1 199036276
2
2
2
2
1 641837402
2
1 803708683
1 668172523
1 91126871
1 771129056
2
2
1 514855521
2
1 441671218
1 825994362
1 935116337
2
2
2
1 488060103
1 217998129
1 908902615
1 587507963
2
2
1 628278180
1 157562698
1 964982225
2
2
2
1 474752926
1 941011401
2
1 55108574
2
2
2
1 756021909
1 790664441
1 173936242
2
1 410392700
1 916592050
1 169239224
1 822962121
2
1 780393554
1 445834120
2
1 945693437
2
1 862006548
1 188336832
2
1 171107043
2
1 809151315
2
2
2
1 854812916
1 826300200
2
1 351863836
2
1 666205134
1 989704773
1 281029248
1 744077973
1 153467817
2
1 861719483
2
2
1 266081716
1 90670884
1 190342608
1 7095485
1 433362542
1 177476610
2
1 805570909
1 112837887
2
1 248337064
2
1 241001662
2
2
2
1 779885931
1 599902388
1 908793373
1 650721996
1 820330820
1 462531471
2
1 534352781
2
2
2
2
2
2
1 933570062
1 964616618
2
2
1 86387022
2
1 6451163
2
1 696378681
1 291099103
2
1 422474054
1 76954875
1 742610801
1 455709463
2
1 873292189
2
1 32707357
2
2
1 234071217
1 312981788
1 61028470
1 831348527
1 777468311
1 439470024
1 32060825
1 74453496
1 36934593
1 347100639
1 543776677
2
2
2
2
1 205950026
2
1 719250648
1 164374617
2
2
2
1 139000170
1 197679387
1 603332146
1 85110580
2
1 415233156
1 602454358
1 57740648
2
1 652477921
2
2
2
2
1 323830609
2
2
2
2
1 487638463
1 687549565
1 236994668
1 128536111
2
1 157719759
1 2800572
2
1 176344543
1 987148069
1 618122042
2
2
2
1 28369350
1 526310490
2
1 932949173
1 550720599
1 905002426
1 576346165
1 308440664
1 442946043
2
2
2
2
1 311558150
1 370426327
2
1 981097271
2
1 590567158
2
2
2
1 461714375
1 814762839
2
1 613430162
1 243261251
1 704434623
1 668844196
2
1 643726471
1 25216858
2
2
2
1 664462675
2
1 218849030
1 461376042
1 399826802
2
2
2
2
1 132638268
1 416286897
2
2
1 731782020
2
1 894206662
1 928109576
1 328853026
1 478058044
1 217212171
2
2
1 283594318
1 138022915
2
1 63782617
2
1 306838222
1 86016370
1 690388836
2
2
2
1 707981223
1 622383543
2
2
1 827917970
1 110476017
1 692296678
1 538695237
1 639245969
1 545900154
1 155896528
1 284580584
1 295067613
1 659271725
2
2
2
1 916598832
1 918666694
2
2
2
1 407887572
2
1 674699273
1 810140722
2
2
2
1 376962753
1 333076394
2
2
1 775738698
2
2
2
2
1 927409082
2
2
2
1 806793667
2
2
2
2
1 486442736
2
1 586173823
2
1 188435044
1 83242868
1 358853145
1 622309831
2
2
2
1 396971854
2
2
2
2
2
1 339494511
1 674787
2
1 392760227
2
1 725090722
1 103282639
1 769619857
2
1 813878239
2
1 827209212
1 542675129
2
2
1 933848931
1 612865273
1 550115584
1 848771114
1 2711283
2
2
2
1 872036304
2
2
2
2
1 329622123
2
2
2
1 174053392
1 204190638
2
1 144270282
1 860199320
2
1 590254340
1 293186260
1 54270389
1 661336988
2
1 870289271
2
2
2
2
1 342472366
1 199275610
2
1 326795172
1 269253639
1 867350541
2
1 581391119
1 991759199
2
1 137592205
1 645559132
2
2
1 722458015
1 546843694
1 228012319
2
2
2
2
2
1 87010033
2
2
1 861567232
1 171242957
2
1 773044849
2
1 554100310
2
2
1 411123356
1 859628334
1 721000167
2
2
1 849486855
2
2
2
1 826367451
2
2
1 192965648
1 353544943
2
2
1 949699630
2
2
1 792834835
2
2
2
2
1 895322559
1 415183230
1 434727671
1 955493648
2
1 850377444
1 213615490
2
1 804445707
2
2
1 736472522
2
2
1 622193234
1 965636060
1 448243549
1 598947495
1 959295147
2
2
1 314530316
1 961885289
1 358105709
2
1 264327422
2
2
2
1 718877418
1 689575697
2
1 487107016
1 726589418
2
1 897934342
1 440762363
2
2
2
2
2
2
2
2
1 553193019
1 868241889
1 252470011
1 307085012
2
1 338224571
2
2
1 115383671
2
2
1 310453655
2
2
1 50866893
2
1 460840310
2
2
2
2
1 513103805
1 473637696
1 145436420
1 477798523
2
2
2
2
2
1 136221236
2
1 241774185
2
2
1 21824280
2
2
2
1 989799368
2
1 458104538
1 399609160
1 357027088
1 518544704
2
1 914334280
2
2
2
1 330701084
2
1 158890010
2
2
1 154574192
1 908839752
2
1 307187417
2
2
1 452278191
2
1 555918755
2
1 99987269
2
2
1 119660662
1 191074808
2
1 872940095
1 592588284
2
2
2
2
1 724347444
2
1 403471270
2
2
1 265111694
1 960191964
2
2
2
2
2
2
2
2
1 616717378
2
1 992038417
2
1 299270692
2
2
1 388063964
1 337960623
1 962717765
2
1 45493057
1 888735920
2
2
1 420234992
1 880305747
1 354138379
2
2
2
1 578396081
2
2
1 99496756
2
2
1 966305101
1 763248583
2
1 158111419
2
2
1 745672570
2
2
2
2
1 338243017
1 453649976
1 338916409
1 275196653
1 830605933
1 509334626
1 937891643
1 235672536
2
1 435494784
1 220557047
1 859468463
1 861251282
1 576490545
1 587120971
2
2
1 740992286
2
1 174512165
2
2
1 817725999
2
1 762226015
1 436124634
1 264705863
2
1 88902629
1 644746112
2
1 23281267
2
2
1 910931645
1 442742024
1 487246664
2
1 824190412
2
2
2
1 138596799
1 31859279
1 158336577
1 596093378
1 295597966
1 305005585
1 285897511
1 323443270
1 530057057
1 181241447
2
1 378995354
2
2
2
1 75504856
2
1 984956527
1 95399654
1 208724525
1 610073574
1 95332865
1 396290067
1 930748221
2
1 251588867
1 135293244
2
1 967710210
2
2
2
2
1 950936281
2
2
1 52702092
1 948878719
1 939015125
2
2
1 199861920
1 634944654
1 219394528
2
2
1 996289833
1 534215836
1 831909275
2
2
1 103438246
2
2
1 829111334
1 553872416
1 841291456
1 924284506
1 946113672
1 432565727
2
1 947157739
1 750337460
1 31161254
1 754373846
2
1 138299475
1 300182689
2
1 843118349
1 339101462
1 467528566
2
1 741556465
2
1 643007792
1 150063361
2
1 959686082
2
1 6659290
2
1 486874644
1 705262355
1 604618632
2
1 881607224
1 120856061
2
2
2
2
1 448096838
2
1 872402428
2
1 562563956
1 228083794
2
1 477711663
2
2
1 77739025
1 240411266
1 491261530
1 137253179
2
2
1 936678207
2
2
2
1 676821406
1 622946915
2
1 471018003
1 665782744
2
2
1 2637199
1 253719406
2
2
2
1 247214109
2
1 603858606
1 833033438
2
2
2
1 644907808
2
2
1 629785743
1 424983904
1 794639252
2
1 805958642
1 200972940
2
1 563569134
1 81631257
1 611689833
1 675199222
2
1 928480399
2
2
2
2
1 410316464
1 643021679
1 957130528
1 166892132
1 207310888
1 302234674
2
2
1 317010049
2
1 989905838
1 392637876
1 999067656
1 165948725
1 531076668
1 954912536
2
2
2
2
1 777976121
1 747937479
1 315915832
2
1 176861542
1 718365683
1 612020347
2
2
1 132780025
1 592285747
2
2
2
1 463360943
1 300103766
2
1 126949001
2
1 111275398
2
2
1 862946692
1 135728888
1 892328793
2
2
1 680229292
2
2
1 317428924
1 210303093
1 401898515
1 481007668
2
1 116552855
1 131985542
1 596729683
2
2
1 266675234
1 173099540
2
1 965722844
1 376439731
1 513112036
1 803868433
2
1 528850431
1 865830310
1 60091975
1 314103919
1 318238544
1 917521550
2
1 106683822
1 67020168
2
2
2
1 341897471
2
2
1 575472861
1 167017063
2
1 205726950
2
2
2
1 561555758
2
2
1 604811960
1 750426593
2
1 984918409
2
2
2
2
1 983847390
2
2
2
1 165839362
2
1 628316015
2
1 110397148
2
2
1 367092641
2
1 401729651
1 427572
1 424683025
2
1 217693780
2
1 902453692
2
2
2
1 514377689
2
1 454954819
1 189099600
2
1 288748628
1 152841329
2
2
2
1 531531592
1 866647079
2
1 895029385
1 489714123
1 516063893
1 586303031
1 773040
1 726861681
2
1 19141063
1 103855596
1 387729727
2
2
2
2
1 956126152
1 752608184
2
2
2
2
2
2
1 792325656
2
1 945521873
2
2
2
1 356691964
2
1 100544279
2
2
2
1 295054020
2
2
1 769169412
2
1 20538554
1 498743376
2
2
1 529362627
1 15132341
2
2
1 662549414
2
1 133790702
1 397229537
1 969250727
2
1 468025935
2
2
2
1 491153752
2
1 542230520
1 715137368
1 721119191
2
1 384381582
2
2
1 718178933
1 768836350
1 831173244
1 287155353
2
1 972715110
2
2
1 30286731
2
1 643577999
2
2
1 991256914
2
1 355424929
2
1 147456907
2
1 809008523
2
1 903675044
2
1 626249743
1 621439532
2
1 227657977
1 643423705
1 326483083
1 772628868
2
2
2
2
1 699369701
1 966117710
2
1 812693205
2
2
2
2
2
1 401499191
1 844332300
1 154877947
1 499234441
2
1 159683663
1 21396769
2
1 642149405
1 419621052
1 209718460
1 473707415
2
1 859392363
1 935521316
1 685838983
2
1 581720125
1 630777660
2
1 601621963
1 77737841
2
1 318426066
2
1 918179587
1 258747094
1 395757651
2
2
1 185540899
2
2
2
1 277618819
1 397591700
2
1 637879323
1 418193308
1 615908149
2
2
2
1 247464785
2
2
2
2
1 559877718
1 36689239
1 850156270
1 207511236
1 171410882
1 473249708
2
1 952257025
2
1 392138511
2
1 556793753
1 594084126
2
1 738671827
1 893946307
1 547263955
2
1 720491932
1 681073186
2
1 474756810
1 243252820
1 399552628
1 611293494
2
2
1 47377977
1 491022749
2
1 610351232
2
1 219950772
1 956724074
1 121580164
1 840021373
1 844597068
1 704195253
2
1 239107679
2
1 300503100
1 26806409
1 417748590
1 339932539
1 912782242
1 301810217
1 452490893
2
2
1 595435035
1 938723717
1 322439709
1 574030371
2
1 396377392
1 196464819
2
2
1 232794834
1 6201690
1 853561146
2
1 724936618
1 930123528
1 636296850
1 622444685
2
1 788421483
2
2
2
2
2
2
2
2
2
2
2
2
2
2
1 233481387
1 679434992
1 365867080
2
2
1 801930997
1 945727581
2
2
1 811194042
2
2
1 749587237
1 896979063
2
1 985815629
2
2
1 929852769
1 155668581
1 986382017
1 937473967
1 489513701
2
1 482478647
2
1 270393332
2
2
1 521371202
1 781217561
1 513758997
1 357785872
2
1 395191921
2
1 719403461
1 938420065
2
2
2
2
1 114790823
2
1 96194147
1 439624760
2
1 462298875
1 570272998
2
1 134884366
2
1 672124191
2
2
1 525649786
2
1 301126121
2
2
2
2
2
1 590098578
1 25947219
1 475169883
2
2
1 779147525
2
1 858221659
1 381827171
1 243868425
1 404944682
2
2
1 995522322
1 543864569
2
1 627184367
2
1 894177698
1 7560579
2
1 545647832
1 155509019
1 100837038
2
1 303404125
1 205085457
2
1 35286148
2
2
2
2
2
1 830985500
1 603656816
1 905464816
1 160417884
2
1 397707736
2
2
1 806066765
1 18922209
2
2
2
1 766512128
1 838563742
2
2
1 51830884
2
1 32075133
1 481022920
1 412540113
1 175498948
1 858969872
2
1 466270064
1 766525056
1 626451969
1 581160621
1 308203589
2
2
2
1 918372319
1 399168452
1 774168648
1 642593163
1 631993331
1 190946691
2
1 478209196
1 671095307
1 796745373
1 509262949
1 264511359
1 536860088
1 293370477
2
2
2
2
1 578276507
2
2
1 798784371
2
1 574543177
1 990450441
1 950680112
1 95544250
1 78023827
2
1 538614722
2
1 927508654
1 801472906
2
1 128827810
2
1 210690489
2
1 962031142
1 782565470
1 910633273
1 314935006
2
1 777491400
2
2
2
2
2
2
2
2
2
2
1 389354178
2
2
1 991754026
1 187881868
2
1 992293970
2
1 258099841
2
1 549310256
2
2
1 417760647
1 782222193
2
1 398737184
1 888953799
2
2
1 117638901
1 26622720
2
2
2
1 785680057
2
2
2
2
2
2
2
2
1 953057410
1 221069567
1 570325550
2
2
1 479770630
2
2
2
1 803073719
1 103979279
1 302322441
1 381237681
2
2
1 821004815
2
2
1 334412162
2
1 734138250
1 252565707
2
2
2
1 12849517
2
1 549391974
2
1 457666656
1 587975237
1 360290455
1 543000657
2
1 346829168
2
2
1 137797797
1 685173030
1 330027849
2
2
2
1 210541922
2
1 794605127
1 737614299
2
2
2
1 977060120
1 290903943
1 874418503
2
1 626429316
1 445878224
1 765485028
1 620702895
2
2
2
1 99909877
2
1 335408348
2
2
1 608220862
2
2
1 258507402
2
2
2
1 668096888
1 441533743
2
2
1 208528284
2
1 864894677
2
1 453799718
2
1 280400245
2
1 639284783
2
2
1 18309291
2
1 564543681
1 891544383
1 500652739
1 616517678
1 647850592
2
1 811359504
2
1 340083821
2
2
2
2
1 446470191
2
2
2
1 335064943
1 182553979
2
1 271486130
2
2
2
2
2
1 719423673
1 608305330
1 891355169
2
1 844470792
1 532648203
2
1 391932710
1 104251561
1 893502394
2
1 283639305
1 445454937
1 968712800
2
2
1 691590977
1 324938035
2
2
1 257301927
2
1 110550839
1 139266179
1 685600301
1 817657581
1 676154823
1 797037217
1 163360835
2
1 945908587
1 629130935
2
1 684369784
2
2
2
2
2
2
2
1 807967836
2
2
2
1 900839131
2
1 812762771
1 471342363
2
2
1 897422112
1 564130840
1 924205819
2
2
1 983860535
2
2
2
2
2
1 413911902
2
2
1 901801999
2
1 823889010
2
1 300668560
1 243737193
1 85754603
1 473104967
1 87625171
1 905236214
2
1 23619167
1 58503903
2
2
1 526112529
1 824794554
2
1 662155208
1 133618422
1 527046464
2
2
2
1 703157258
1 72522115
1 482073838
2
2
2
1 362721616
1 892813360
2
1 352892563
1 10002892
2
1 836347713
1 548529143
1 913316721
1 119587407
1 602995293
2
2
1 338437730
1 658344085
1 155675479
1 128365152
1 171391492
2
1 129249385
1 481296523
1 143526094
2
2
2
2
2
1 647325426
2
2
2
1 606548237
1 342230690
1 945834700
1 44242827
2
2
2
1 742993734
1 606768128
1 324090453
2
2
1 45600311
1 197520616
2
1 966771268
2
1 191358803
2
1 453377813
1 632474153
1 443186004
1 373035599
1 716427338
1 475794409
1 180879321
2
1 92028971
1 592863437
1 752406190
2
2
1 161650600
1 878571580
1 49876679
2
2
1 721142077
2
1 670350027
2
2
2
2
1 53796329
2
2
1 572116502
1 974303217
2
2
1 803500127
1 663174436
1 778844940
1 37413821
2
1 874387716
2
1 245011373
2
2
2
1 935451041
1 848526791
2
2
2
1 567724312
1 309736625
1 221867969
1 578156103
1 460941175
1 77583009
2
2
1 209939758
2
1 273696375
2
2
1 633468072
2
2
1 495675308
1 641400426
2
1 863343563
1 472634425
2
2
1 190869266
1 236305328
2
1 312070009
2
1 52747124
1 735865855
2
1 164427769
2
2
2
2
1 72874623
1 709659130
1 411981461
2
1 382306783
1 628252179
1 857092559
2
2
1 610389715
1 520549186
1 466008619
1 859639583
1 180711722
2
1 750767742
1 323562207
2
1 457343127
1 304067501
2
1 807719624
1 782440488
1 160500134
1 873072691
1 139601267
2
2
2
2
2
1 394014986
2
2
2
1 49577952
1 581182044
1 775519962
2
2
1 808194659
2
1 415584738
2
2
1 45393397
1 466116867
2
1 527872858
1 190316215
1 480417403
1 868922529
2
1 781095011
2
2
2
2
2
1 867107988
1 494513294
2
1 288698978
1 520695117
1 659297105
1 921839287
2
2
2
2
1 154654588
2
2
1 542462054
2
1 495998239
1 993241350
2
2
1 365431578
1 492343583
1 504329798
2
1 850479359
1 601523842
1 634734747
2
1 631869870
1 779555562
2
1 315624875
2
1 719488800
2
2
2
1 849069855
2
2
1 776228998
2
2
2
1 883585933
2
2
2
1 719064849
1 623346857
1 389956805
2
2
1 945806160
2
1 65119585
2
2
1 52828622
1 668574472
2
1 649852911
1 560608607
2
2
1 861681971
2
1 590166598
2
2
1 508013706
1 569666811
2
2
2
1 713868358
1 112282914
1 362496029
2
2
2
1 226904797
1 979801945
2
1 518162425
2
2
1 39042176
1 217682709
1 530267244
1 13581157
2
2
2
2
1 948637764
2
2
1 958229429
2
2
1 655364366
1 901904121
2
1 783846012
2
2
2
1 577833769
1 163465496
1 54568815
2
1 311152606
1 357845664
2
2
1 166809000
2
1 840777880
1 114519124
1 627179097
2
2
1 702789631
1 839241424
1 532974751
1 187329868
1 918270056
2
2
1 94090205
1 358864939
2
2
2
2
1 575431438
2
2
2
2
2
2
1 770014302
2
1 625358674
2
1 212163187
2
1 272727672
1 656238486
2
2
2
1 38827958
1 992173787
1 302076775
2
1 147506992
1 625729340
2
1 362917006
1 394672642
2
2
1 231638126
1 950153278
2
2
1 964844697
1 248499949
2
2
1 69670690
2
1 993615234
2
2
2
1 47597174
1 157541272
1 4170235
1 599562041
2
2
1 744718292
1 665031300
1 561284219
1 20381193
2
1 767597655
1 170496007
2
2
2
1 164281456
2
2
2
1 307851439
2
1 470101316
1 903813229
2
2
1 152300065
1 867683556
2
1 388397166
1 340743688
1 415290680
2
1 602786059
2
1 738632165
1 731326733
1 208942816
1 745768418
2
1 712428189
2
2
2
2
2
1 578315050
2
1 202008417
2
2
1 561603771
2
1 293816528
1 908246641
1 732568425
1 512907675
1 66734695
2
2
2
1 685255353
1 990363675
1 636583075
1 219372556
1 488527396
2
1 759520321
1 127784488
1 856926783
2
1 190653249
1 156004948
1 897068943
1 111692272
1 285467878
2
1 44465951
2
1 279195767
2
2
1 353556105
1 254364159
1 227858845
1 736406887
2
2
2
1 200948013
1 78461000
2
2
1 782666948
2
1 959226735
1 901115283
1 114576030
1 563848048
1 838162589
2
2
2
1 751840282
2
1 40871171
2
2
1 214978742
1 144242115
1 588074524
1 934406322
1 327244406
2
1 23887975
1 616694444
1 633606606
2
2
1 382237592
1 448372902
1 154560607
1 954902345
1 868880340
1 195239544
1 532086474
2
1 174670635
1 439903346
1 934835618
2
1 676850336
1 871179331
2
2
1 672277638
2
1 41340201
1 483135403
2
2
1 977626187
2
1 133601964
2
1 746665373
2
2
1 529576044
2
2
2
2
1 192793065
2
1 252477471
2
2
1 676977711
1 367917586
1 939277627
1 279445827
1 725443744
1 538198615
2
1 711173938
2
1 463654695
2
1 395900805
1 563351987
1 967901826
1 692796391
1 999449495
2
2
1 857203173
1 176640036
2
1 192358520
1 527654392
1 209995377
2
2
2
2
2
2
2
1 636909884
2
2
1 564997970
1 124456499
2
2
1 354151759
1 93810327
1 699029169
1 486416986
2
2
2
1 890834421
2
1 244810255
2
2
2
2
2
2
1 434493164
2
1 472410913
2
2
1 552883874
1 730726971
2
1 766063511
2
1 410177791
1 749868325
1 49965984
2
2
2
2
1 77369879
2
1 870946502
1 346310475
1 625176551
1 549450087
2
2
1 518280283
1 824781606
1 880552870
1 405553997
2
2
1 32144365
1 595662878
1 925788181
2
1 689617279
2
2
1 203846548
2
1 455453671
1 746788234
2
2
1 758904766
1 593926298
2
2
2
2
2
2
2
1 688329822
1 548119732
1 829869690
1 975824820
1 695856978
1 640839203
1 471623025
2
1 996198171
1 920324317
1 674724384
2
2
2
2
1 753877692
2
1 888095862
2
2
1 289936883
1 332793440
1 17253277
1 129566378
1 402614352
1 554324069
2
1 369267930
1 375798496
2
1 333192794
2
1 592924905
1 470169357
2
2
2
1 444109596
1 214168671
2
2
2
2
2
1 421702775
2
2
1 176459595
1 159789225
2
1 873311522
2
1 356052249
2
1 304793664
1 898199869
2
1 494169773
1 842742507
2
2
2
2
1 504296657
1 962585416
2
2
2
2
1 666237955
1 568473255
2
2
1 492381943
2
1 589767318
1 551337788
2
1 577155318
1 931152466
2
1 375622352
1 671687659
1 719261057
2
1 876419881
1 227101883
1 877522367
1 468142107
1 333753573
1 50949600
2
2
1 642280522
1 453895279
1 348536316
1 364372152
2
2
1 549830030
2
1 977975289
1 241580197
1 465561488
2
2
1 193966065
2
2
2
1 602335239
2
1 748581198
2
1 753432927
2
2
1 44329880
2
2
2
2
1 571916976
2
2
2
2
1 992783899
1 407655483
1 171275081
2
1 44427021
1 540348861
1 45962670
1 416225745
2
2
1 779557426
2
2
2
2
2
2
2
1 175817615
2
1 752761461
2
1 474051933
2
2
1 256426094
1 889640651
2
2
2
2
2
1 506113161
2
1 60770813
1 312645279
1 836437240
1 750546794
1 877087654
1 360863704
1 99112316
2
2
1 132880708
2
1 127610458
1 530726977
1 72563201
1 602397823
1 266030937
1 560297504
1 223709338
2
1 717802318
1 36389130
1 135801525
2
1 395242171
2
2
2
1 705708664
2
1 464353656
2
2
1 340178639
1 486739220
1 981707829
1 686491720
2
1 386209526
1 120978602
2
2
1 711910467
1 496830307
1 676017948
1 763476791
1 890198569
2
1 960720646
1 761313644
2
2
1 818982553
1 396826926
2
1 26566336
1 259275472
1 561808207
1 326438694
2
1 83497564
2
2
2
2
1 266411435
2
2
2
1 409103957
2
1 186600184
2
2
1 893023554
1 16462361
2
1 345121996
2
1 130355232
2
2
1 488341077
1 371351882
1 300159021
2
1 570608140
2
1 320790851
2
2
1 231335502
1 978574112
2
1 149081296
2
2
1 900552702
1 996301912
2
2
2
1 10809719
2
2
1 685769257
1 985923582
2
1 640351477
2
2
1 61587665
1 677951638
1 683095228
1 383968260
2
1 884995559
2
2
2
2
2
1 153123712
2
2
2
2
2
1 405925060
2
2
1 924826518
1 901170017
2
2
2
2
2
1 141874421
1 99960153
1 608707472
1 538872903
1 620009325
2
1 552522774
1 2803046
2
2
1 48950942
1 57210101
1 431298912
2
1 114782007
1 976548690
2
1 848746144
2
2
2
1 365108645
2
1 831376205
1 586933744
1 529327635
2
1 706324008
1 668934004
2
2
1 948196781
2
1 129018645
2
1 169870807
1 992836093
2
2
2
2
2
1 903171314
1 398248476
1 646366487
1 971553420
1 179668359
2
1 782800522
2
2
1 466609248
1 500507998
2
1 209919145
2
1 496684087
1 84019017
1 707091140
2
2
1 847499920
2
1 573023529
2
2
1 580763519
2
2
2
2
2
2
1 581290755
2
1 231068397
2
2
2
2
2
1 90218915
2
1 44521263
2
2
2
2
1 895501405
2
2
2
1 891535616
2
1 281154876
2
1 225679877
2
1 377880938
2
1 528234965
1 843536065
2
1 573650423
2
1 200475644
2
2
2
2
2
2
1 810069301
2
1 595393462
2
1 4213164
1 830911797
2
1 351380458
2
2
1 222343442
1 147763298
2
2
2
1 413479850
1 692436029
1 42333052
1 334414963
1 33745965
1 536385759
1 757268600
2
1 88522388
2
2
1 769890781
1 886662583
2
1 369605257
2
1 702194237
1 280483111
2
1 679409186
1 456622853
2
2
2
1 978061697
1 532430059
1 846591037
1 694109900
2
2
1 869672869
1 373460434
2
2
2
1 519664752
1 443910806
1 426146528
1 650217270
1 516651423
1 694029298
2
2
1 671119916
2
1 134168207
1 626223250
2
1 759261050
1 911796031
2
1 742423659
1 768833819
2
1 72203541
1 742220863
2
2
2
2
2
2
2
1 30972922
1 318234356
2
2
1 522712219
1 699225817
2
2
1 990631547
2
2
2
2
2
2
2
1 133503061
1 685125842
1 594966016
1 212032701
2
2
1 334486427
1 542610058
1 130403124
2
1 743293680
1 174083639
2
1 708486336
1 972374952
1 533662898
1 967487539
1 754526560
1 239576254
2
2
2
2
2
1 34267246
1 582846301
1 267632885
1 793397718
2
2
1 501327670
2
1 891074592
1 570726339
2
1 494015506
1 27394810
2
2
1 677309333
2
2
2
2
1 797806773
1 734776738
1 628059820
1 614271574
1 801392503
1 698457754
2
1 222107356
2
2
2
2
1 344599578
2
2
1 407896951
2
2
1 378072228
2
1 175536354
1 923507342
1 654247716
1 410710944
1 661879871
2
1 699833748
1 598842551
1 731701432
2
2
2
1 445504058
1 90263957
1 107937173
1 207379212
1 877466231
1 451370118
2
2
1 410180867
2
1 986198274
1 988809416
1 101778701
2
1 883361849
2
2
1 761710976
2
1 458866911
1 917060868
1 276596057
2
1 789164154
2
1 950386355
1 919959142
2
1 429801247
1 405256880
1 96855469
1 234144983
1 597483033
2
1 307747716
2
2
2
1 565065916
1 856886616
2
2
1 631852098
1 408030437
2
1 507649325
1 995999251
1 150923623
2
2
1 601993348
1 934583222
1 710103828
2
1 294004975
2
1 423801521
2
2
1 309877121
2
1 598806536
1 352632353
2
2
2
1 929263641
2
1 354030583
1 845290638
2
2
2
2
2
2
1 944774239
1 533805540
1 325269476
1 192091645
2
1 461391690
2
1 301419032
2
2
1 164880243
1 471966781
2
2
1 151686311
2
1 451898470
2
2
1 714902495
2
1 411460501
1 66140196
1 116032090
1 431562691
2
2
1 510684236
1 214289150
2
1 847856378
1 148492602
2
2
2
1 772844559
1 124096807
2
2
1 221376929
2
1 445791231
1 888663966
1 725861232
1 684363414
1 29546911
1 175381704
2
2
1 768519275
1 868404496
1 825204104
2
1 353593628
2
1 38056331
1 302854728
1 506198688
2
2
1 651165032
1 31574656
2
2
1 841698712
2
2
1 844680838
2
2
1 149009271
1 15998341
2
2
1 249129113
1 395886753
2
2
1 821376722
1 661749383
2
1 125709877
1 255714483
1 241979745
1 420602589
2
1 352301200
2
1 93679921
2
2
1 36297850
1 964130937
1 803112814
1 936394573
1 140202408
2
1 804262276
1 615426130
1 498284505
1 688193797
2
1 990746809
2
1 622476969
2
2
2
2
2
2
2
1 284333004
1 800396720
1 967254798
2
2
1 697023235
2
1 39987420
1 753566883
2
2
2
2
2
2
2
2
1 277853950
1 775658736
1 354869081
2
2
1 276015091
1 452961767
2
1 212377846
2
1 820152666
1 149555709
2
2
1 363072387
1 548295578
1 710013962
2
2
2
1 865444061
1 30410985
1 932107631
1 6106107
2
1 372997232
2
2
1 65814060
2
2
1 912342049
2
2
2
2
2
1 586345995
1 916849118
1 819106673
2
2
1 323570365
1 425627784
2
1 383308045
1 545222600
1 924227213
2
2
2
2
1 960315423
2
2
2
2
1 175130280
1 704536205
2
1 114402665
2
2
2
1 192641815
2
2
1 271054804
2
1 430893040
1 679522192
1 233871356
2
2
1 72363338
2
2
2
2
2
1 382258089
2
2
1 448988554
2
1 247690844
1 324457664
2
2
2
2
1 20292784
2
1 461175282
1 469026338
1 933052626
2
1 559189641
2
2
1 71373778
2
2
2
1 2511631
1 999377858
1 283528552
1 983926933
2
2
2
2
1 910195738
1 550216178
1 427382778
1 932971284
2
1 121403315
2
2
2
2
1 439586931
1 700996200
1 896688031
1 454324146
2
1 621024422
2
2
2
1 651862466
1 628538973
2
1 362442346
1 421273725
2
2
1 830484978
2
1 244775701
1 677162959
1 316009326
2
2
1 788901253
1 137062232
2
1 67451403
1 821053882
1 318352130
2
2
1 805579229
2
1 136200176
2
1 804764180
2
2
1 387591449
2
1 753417235
2
2
2
2
1 487982379
1 291524603
1 19675355
2
2
2
1 759554328
2
2
2
2
2
1 432230997
1 992276534
1 212813956
2
2
1 752462504
1 986426149
2
2
2
2
2
2
1 501406969
2
2
2
2
1 531196645
1 141634625
1 409333339
2
1 52923339
1 996483329
1 779993012
2
1 686262925
2
2
1 182879081
1 719490594
2
1 427404898
2
2
1 835087756
2
2
2
1 524853744
1 630065491
2
2
1 343376781
2
2
2
1 649362332
2
2
2
2
2
2
2
2
1 933399959
1 621214406
2
1 862012611
2
2
1 961817950
2
1 768046834
2
1 498116328
1 236199798
2
2
1 415534255
1 920743556
2
2
2
2
2
2
1 545054953
1 385214029
2
1 809883722
2
1 328269089
1 887430123
2
1 787556538
2
1 438002223
1 545488391
2
2
2
2
2
2
2
1 631937475
1 491339892
1 814612114
2
1 982571657
2
1 553638906
1 359059234
2
2
2
1 111817294
1 129271350
1 383281867
1 455491342
2
2
1 411995162
2
2
2
2
2
1 989649334
1 10345842
1 806558837
1 734796553
2
2
2
1 811342378
1 651521103
2
1 226346863
2
1 835777256
2
1 790372448
2
2
1 674788617
2
2
2
2
1 588070994
2
2
1 242819138
2
2
2
2
1 33575747
1 975640521
2
2
2
2
1 470581008
2
2
1 762633514
1 754576686
1 391333984
2
1 952080841
2
1 416355136
2
2
1 87965287
1 354335594
1 787588358
2
1 325513398
2
1 143142311
1 277269296
1 621278653
2
1 534664951
1 196826570
2
1 833089786
2
1 57376395
1 443251901
1 941344532
2
2
1 194387942
2
2
2
2
1 865891978
1 672733451
2
1 316337363
1 99630331
2
1 497700644
2
1 283544006
2
1 637138932
1 670386753
1 133171693
2
1 107500048
2
1 688519129
2
2
2
1 672011214
2
2
2
2
2
1 207236242
2
1 14720742
1 344246418
1 856581249
2
1 214918503
2
2
1 821778032
1 782417242
1 570014089
1 682263125
2
1 437819218
1 582089449
1 219059522
1 846705625
1 586742607
2
2
1 268246728
1 836964608
1 493224373
1 155362925
1 464867241
1 91373773
1 404445724
2
2
1 186812284
2
1 560561759
1 855693325
2
1 862908207
1 448378944
2
2
2
1 736607945
2
2
2
1 994978432
2
1 491981879
2
1 611904946
1 666547873
1 23678202
2
2
1 682457960
1 203034437
1 329148426
1 328587424
2
2
1 10430100
1 202232311
2
1 776464128
1 17984600
2
2
2
1 493787970
2
2
1 222149957
1 304442898
2
1 604898460
1 610546532
2
2
2
2
1 466737239
2
1 920596775
2
1 523075056
1 639765254
2
1 193536921
1 18836976
2
2
1 746310500
2
2
2
2
1 260882404
1 599220803
2
1 504422823
2
2
1 454485442
2
2
2
1 980386835
1 546951840
1 751749249
1 68196458
1 50171970
2
1 468889601
1 557303075
2
1 228935455
2
2
1 442148360
1 219581990
1 296220816
2
2
2
2
1 989665945
2
2
1 872307631
1 896683863
1 240156190
2
1 886002970
1 565735456
2
2
2
2
2
2
2
2
2
2
2
2
2
1 71595960
2
1 413705417
2
1 203481706
1 286581216
1 886356174
2
1 614331016
1 439969688
1 824055432
1 712259232
2
2
2
1 939810020
1 452235987
1 727082894
2
2
2
2
1 700933162
2
2
2
2
2
1 14103414
1 147031676
1 682643267
2
2
1 981261233
2
2
2
1 957021420
1 20445584
1 76417744
1 301177187
1 747460946
1 84503196
1 135398477
2
1 892849652
2
1 456063901
1 65874972
1 694460822
2
2
1 459367063
1 781970000
2
2
1 701236456
1 583998808
2
1 860880011
2
2
1 39280644
1 310574436
2
2
2
1 581574275
1 898460879
1 926914752
2
1 10992267
2
1 414386266
2
1 882011317
2
2
2
2
2
1 741171127
1 996244289
1 443586316
2
1 294024161
1 702943824
2
2
1 569969046
1 517360914
2
2
1 137624424
1 130834395
2
2
2
2
2
1 253440712
1 821185276
2
1 351293140
2
1 464589762
2
1 715869879
2
2
2
1 313040993
1 227683154
1 285772220
2
2
1 594737294
2
1 588600026
2
2
2
2
2
2
1 311168192
1 644702164
1 373607848
1 355600782
1 328706099
1 622816922
2
1 80157533
1 827730485
1 665727188
1 754735827
1 29280966
2
2
2
1 418344771
2
2
1 413715897
2
2
1 692193347
1 224920459
1 522662886
2
1 708443065
2
2
2
2
2
1 538703535
1 601738538
2
1 541299764
2
1 950148420
2
1 636878014
1 7370087
1 999373437
2
1 796249773
1 449198083
2
2
2
2
1 909837833
2
1 925546931
1 381645883
2
2
2
1 236571317
1 890227920
1 164701153
2
2
2
1 72377478
2
2
2
1 504669153
2
1 669525070
2
2
2
2
1 447919003
2
2
2
1 680837112
2
1 550333065
1 164219787
1 190546637
2
2
2
2
1 55484366
2
2
1 997230496
2
2
1 534607385
2
2
2
2
1 44835913
2
1 146557930
2
1 759895377
1 802943390
2
1 171468357
1 674582910
2
2
1 850878054
2
2
2
1 908830424
1 147253119
2
1 393724225
1 384464019
2
2
2
2
2
2
2
1 530667798
2
1 418679275
2
2
1 452102738
2
2
1 243998381
2
1 716684252
1 430534899
2
2
2
2
1 242184890
2
2
1 264574640
1 418409033
2
2
2
2
1 965053615
1 932921910
2
1 618043498
1 308828278
2
2
2
1 936621276
1 392146743
2
2
2
1 728359357
1 862516125
2
2
1 217713136
1 503468058
2
1 45583330
2
1 62420396
1 48794886
2
2
1 194737628
1 296716108
2
1 681550841
1 952456178
2
2
1 220699803
2
1 990733955
1 184795735
2
2
1 677056835
2
1 107187337
2
2
2
1 121939602
1 372219006
1 639372914
1 360220567
1 811929945
1 506834201
2
2
2
1 403435417
2
1 144351659
1 387488111
1 890058289
2
1 668169346
2
1 754270015
2
2
1 948291034
2
1 903676223
1 392254142
2
2
1 822425501
2
1 678118174
1 869757643
2
1 927358993
2
2
2
2
2
1 30783010
2
1 970047013
1 854663668
1 692627439
2
2
2
2
1 593044900
1 72405897
2
2
2
1 162090606
2
1 510662821
1 364177985
2
2
2
1 200025548
1 588278764
1 452348357
1 10367103
1 727095411
2
2
2
1 356798319
1 652224609
1 327856405
1 199511901
1 466300294
1 752135574
2
2
1 903234683
2
1 972517301
2
1 785671887
2
1 530021478
2
1 945544495
2
2
2
1 839614686
1 478505768
1 462680904
2
2
2
1 272502695
2
2
1 115415255
1 625725625
1 53429230
1 478767051
1 251316404
2
2
2
1 390301609
2
2
1 913700447
1 864022575
1 518467280
2
2
1 700928005
2
1 492277925
1 11440175
2
2
2
2
2
1 890236959
2
1 927139305
1 826156568
2
2
2
1 598197031
1 106275029
2
2
1 465835660
1 690435907
1 728162273
2
2
1 26823820
1 752178447
2
2
2
2
2
1 290429537
2
2
1 34433739
1 223504337
1 278598286
2
2
2
1 138674878
2
2
2
2
2
1 255137932
2
1 392945846
2
2
2
2
1 434562107
2
2
1 676677687
2
1 759841144
2
2
2
2
2
1 154366965
1 234176712
1 620993641
2
2
1 665459252
2
2
1 158171038
1 79019741
2
1 26596636
2
1 375974689
1 545255165
1 19826425
2
1 456903296
1 570635977
1 990508287
1 515573411
2
1 217432779
1 932031176
2
2
1 653656677
1 570895212
2
1 434613856
1 59586570
1 827263386
1 37912979
2
2
1 976984575
1 527921394
1 769824242
1 381390356
2
2
1 686819151
2
1 171420643
1 66085599
2
2
2
2
1 756170958
1 367710291
1 313856271
1 340758891
1 878147030
1 704861848
1 974379857
1 141073579
2
2
2
1 68572261
1 172729339
1 979078627
2
2
2
2
1 397753752
2
2
2
2
1 474075239
1 623498661
1 825062144
2
2
2
1 854464472
1 912272540
2
2
1 237066874
1 350129673
1 322260176
1 660640714
2
1 666390902
1 87307061
1 867046960
2
1 724053518
1 672006211
1 180620710
2
1 24062588
2
1 463340857
1 559727812
2
1 804959377
1 717609769
2
1 990828430
1 796823514
2
1 207580550
2
2
2
2
1 744957029
1 995396735
1 854700815
1 985274119
2
2
2
1 562570713
2
2
1 291445388
1 704591096
2
1 813944157
2
2
2
2
2
1 697305337
2
1 929303649
2
2
1 562674047
2
2
1 523673800
2
2
2
1 732720969
2
2
1 519204661
1 268941288
2
1 346221842
2
1 655275864
2
2
1 276333480
1 115951942
2
1 698600421
2
1 23502628
2
1 982635688
2
2
2
1 283476813
1 372117327
2
1 675833304
2
2
2
2
2
1 462963363
1 114301171
2
1 945784400
2
1 370477730
1 89106000
1 996292869
2
2
2
2
1 396663014
1 59073322
1 320241299
2
1 541352441
2
1 168666140
2
2
1 492841877
1 458193045
2
1 75661777
1 528384926
1 307609553
2
1 798930246
2
1 245701346
2
1 235618756
1 951925247
1 632668551
2
1 740130538
2
1 661439266
2
2
1 621575832
1 989146988
1 890497777
1 961213716
2
1 154952054
1 473002384
2
1 232731857
2
1 548269625
1 809091422
2
1 455264156
2
2
1 202736176
2
2
1 758525534
2
2
2
2
2
1 619615758
2
1 231359091
1 305594747
1 740911172
1 997999691
1 250454014
2
1 429249063
1 732088805
1 26429167
2
1 37714957
1 857236906
2
2
2
2
1 987076404
1 34224768
1 779855047
2
2
2
1 960971214
1 650378912
2
1 568182725
2
1 965136139
2
1 463559774
2
1 561931413
1 601033341
2
2
2
2
2
2
1 75754694
2
2
2
1 401170725
1 321628136
2
2
2
2
2
2
1 542398646
1 758023166
1 238225190
2
2
2
2
1 713095752
1 445764869
2
1 872698518
1 575392634
2
1 992201940
2
2
2
1 40574832
2
1 996442138
2
1 657518827
1 401163962
1 591944671
2
2
2
2
2
2
1 252188020
2
1 988475033
2
2
1 975129283
1 887755428
2
1 488155334
1 75692217
2
2
2
2
2
2
1 689203512
2
2
1 301604463
1 308539227
2
2
1 561788817
1 402540219
2
2
1 84628984
2
1 551136530
1 893401725
1 500166501
2
2
1 476855174
1 103042617
2
1 437039917
2
1 229710115
2
1 130522898
2
1 387303618
1 483921423
2
1 604034536
2
1 165292515
1 116253250
2
1 73463173
1 945235063
1 751933787
1 83618265
2
2
2
2
2
1 508089457
1 133009142
2
1 411555326
2
1 613125585
2
1 778719831
1 563220699
2
2
1 646379821
2
1 823208694
2
2
1 275932819
2
2
1 326686487
2
1 35673500
1 869787543
2
1 435800618
2
2
1 768014357
2
1 613102090
1 351583226
1 854580522
1 583011671
2
1 409537930
2
1 670729007
1 557337748
1 395069119
1 179711096
2
2
2
1 192545255
2
2
2
1 256872184
2
1 243111704
2
1 439368786
1 54583439
2
2
2
1 385259685
1 26771365
1 889482529
2
1 238372180
1 531676805
2
1 866052924
1 305968955
1 45329942
1 39687832
1 249336696
1 743764719
1 603923094
2
1 536589516
2
1 204458181
1 168541291
2
2
2
1 562877463
2
1 616681605
2
2
2
1 321534200
1 41127931
1 965562566
1 2640352
2
2
1 311868943
2
1 590082211
2
1 427559092
2
1 409774234
2
2
2
2
1 71961608
1 150378718
1 528766340
2
2
2
1 895056636
1 214619692
1 87957180
2
1 362751998
1 642332505
1 264449041
1 435358599
1 531751234
2
1 54824808
2
1 454565389
1 880863865
1 933799669
1 300528482
2
2
1 46283618
2
2
2
1 809895327
2
2
2
1 233587921
1 818998956
2
2
1 945265941
2
1 6997218
1 541884620
1 735560409
1 574948529
1 736292032
2
2
1 160772468
1 852592901
1 8432417
2
2
1 553593241
2
1 329138934
1 124978511
1 734967905
1 685417365
2
1 790574495
2
2
2
1 232532286
1 817635068
2
2
2
2
1 344395435
2
2
1 802827395
1 218988858
1 740853135
2
2
1 884414175
2
2
2
1 988345146
2
2
2
1 401786735
2
2
2
2
2
1 639405226
1 791391838
1 543656592
1 859804181
2
2
1 644972394
2
2
1 747903670
2
2
2
1 313727253
1 163207615
2
1 339475014
1 781560865
1 792046541
1 652002065
2
1 75512118
2
2
1 837056825
1 537775608
1 696059234
2
1 532040726
1 641419818
1 312168646
2
1 146493230
2
2
1 27973711
1 233602859
1 336661120
1 147279169
1 940871861
2
1 700258648
1 909138151
2
1 963678408
2
1 953602467
1 913946288
2
2
1 167989089
2
1 490850380
2
1 635339358
1 800655320
1 425694813
2
1 29912597
2
2
2
1 384261296
1 278767812
2
1 872788140
2
1 585423628
2
1 948106041
2
1 585403462
1 8636944
2
1 774614684
2
1 42088587
2
2
2
2
1 220335238
2
1 630608109
1 955852022
1 578351381
2
1 418491779
1 504159108
1 924463146
1 802543694
1 303525693
2
2
1 7685814
1 20470126
2
1 229053976
2
1 972231525
1 623705640
2
1 465441596
1 734002790
2
2
1 196089491
2
1 737797854
2
1 549958028
2
2
2
2
1 669788953
1 59219301
1 56092177
1 78940696
2
1 732661094
2
1 973459873
1 146897491
2
2
2
1 856883141
2
2
2
2
2
1 616146019
1 281259932
1 986325608
2
1 879168778
2
2
2
1 334108137
1 373661622
1 464720580
2
2
2
1 113369502
2
1 123235835
1 332335637
2
2
2
1 518407154
2
1 168783008
1 414277525
2
1 698925421
1 697463014
2
2
1 645850703
2
2
2
2
1 114426785
2
2
1 727741738
2
2
1 692432956
2
2
2
2
1 973349383
2
2
1 852866184
1 351256337
1 99322995
2
2
2
1 301869108
2
2
1 36306481
2
1 679676272
1 988019789
2
2
2
2
2
2
1 403509688
2
2
2
1 221201139
2
2
1 70583811
1 51750402
1 227522651
2
2
2
2
2
1 55807880
2
2
2
2
2
2
2
2
1 628815306
2
1 254014283
1 831650560
1 739627648
1 46825743
2
2
2
2
1 576927199
2
2
1 615844777
2
1 289090036
2
1 295235705
1 709309914
1 252570252
2
2
1 769687138
2
2
2
2
1 66136470
2
2
1 97510350
1 79631781
1 935165612
1 350776882
2
2
2
2
2
2
1 110504895
1 332276430
2
2
2
1 421981088
2
1 304467356
2
2
1 715703326
1 194774761
1 678683233
1 520363711
1 40386143
1 912373981
1 635180522
2
2
2
2
1 586296285
1 313628077
2
1 123304707
2
2
1 69879108
1 752636621
1 975616684
2
1 999246198
2
1 26394932
2
2
2
2
2
1 222476825
2
1 342379562
2
2
1 446388147
1 437566141
1 665232975
2
1 233098694
1 571293771
2
1 689164485
2
2
1 170458062
1 11722002
2
1 143678172
1 639779590
2
1 348043528
1 517373211
1 983085998
2
2
1 653995506
1 935588368
1 675643269
1 31366599
2
2
2
2
2
2
1 984949212
1 389209245
2
1 361349611
1 319332705
1 419230738
2
2
2
1 507947822
2
2
1 461554997
1 286892105
1 801530256
2
1 4858361
1 928044999
1 175362804
2
2
1 477154265
2
1 457929877
2
2
1 982577426
2
2
2
1 934222997
1 487340234
1 813901935
1 634563735
1 587160559
2
2
2
2
1 487772396
2
2
2
2
2
1 248142245
1 183174357
1 11658297
2
2
1 276118421
1 278227829
1 448595819
2
2
1 616178311
2
2
2
1 148843470
1 976288164
2
1 98563452
2
2
2
1 684706891
2
1 30438298
1 360574228
2
2
1 398600853
2
2
1 720395517
1 13327625
1 560783745
1 628817971
1 854893403
1 943054580
2
1 569921180
2
1 872840367
1 600954636
2
1 271704310
2
1 484799144
1 367297108
2
1 174287142
2
1 307147337
2
2
1 391612217
1 353445261
2
2
2
1 440042976
1 989776966
2
2
2
1 852362429
1 282698381
1 820922348
2
2
2
1 877743792
1 402466213
2
1 102187274
1 288291656
2
1 871593192
1 662431287
2
1 832024992
2
2
2
1 895229152
1 111596187
1 265505615
2
2
1 56075878
1 516048756
2
1 810270387
2
2
2
1 138469379
1 312416640
1 58011469
1 835441626
2
2
2
2
1 11990472
2
2
2
1 836228678
1 833295823
1 795366645
1 613568497
1 838454505
1 398195381
2
2
1 508704691
1 151803676
2
1 361956003
1 750978342
2
1 179449850
2
2
1 808692049
2
2
1 581929849
1 534655394
1 530682507
1 552605723
2
1 689699048
1 250261455
1 418282679
1 503069591
2
2
2
2
2
2
1 963513825
1 575542894
2
2
2
2
2
2
2
2
2
2
1 755243905
2
1 303337810
2
1 13178940
1 443749903
1 886273696
2
2
2
2
2
1 906117483
2
1 322888064
1 620686118
1 760149368
2
2
1 393448362
2
2
2
1 564775290
2
2
2
1 853056721
1 866238645
1 259456938
1 594863533
1 856934351
1 128173687
1 80749133
1 867625699
2
1 659471858
2
1 672889132
1 230443277
2
1 115974758
2
2
1 625546188
2
1 553838611
1 288820603
2
2
1 882408469
2
1 534273520
1 957015492
2
2
2
1 749526126
1 615074079
2
1 849330743
1 899693648
1 512184391
2
2
2
1 293360704
1 28130152
1 398573094
1 371429316
1 241306981
2
1 987671448
1 870822197
1 94582527
2
1 702796554
1 122468494
1 541636214
1 534453669
1 451347769
1 581763564
2
1 777773369
2
1 17820198
2
2
1 371062930
2
1 851982336
2
1 803816365
1 755477383
2
2
2
1 771136810
1 710337127
2
1 302147307
2
1 887322855
2
1 289616501
1 416434649
1 738755734
1 159588345
1 481001495
1 976719445
2
1 694066501
2
1 396918566
1 996937531
2
1 618139812
2
2
2
2
2
2
1 707292517
2
2
1 236493931
2
2
1 376118138
2
2
2
1 207985947
1 732010178
1 921625131
2
1 638853225
2
1 575899942
1 321355081
2
2
1 653700832
1 706419242
1 871261028
2
1 85512478
1 394694301
1 888192987
1 860537039
1 650281664
2
2
2
2
1 358367692
1 602461408
2
2
1 459571189
1 726140812
1 817259687
1 985968248
1 458338783
2
2
1 29108612
1 839563600
1 458943177
1 175195701
1 366334496
1 229375043
1 849268397
2
2
2
1 323221702
2
2
2
1 522386618
2
2
2
1 532579436
1 918872463
1 568028524
2
1 186430867
2
2
2
1 544806098
1 942308245
1 501495192
2
2
2
1 326420508
2
1 710771416
2
1 900106504
2
2
1 705178596
1 557379178
1 200806618
2
1 356290026
2
2
1 682781205
2
2
2
1 59959109
1 496332668
1 313200750
1 35134909
2
2
2
2
1 875072917
2
1 36205858
2
2
1 48882518
2
2
2
2
1 91292634
1 419136375
1 602962125
2
2
2
2
1 148479163
2
2
2
1 865043194
1 939368772
2
2
2
2
1 510054411
1 311417644
1 492482781
1 166305462
1 315899291
2
2
1 353291558
1 458139278
1 292637786
1 404915454
1 959465295
1 594809464
2
1 446686004
2
1 29561873
2
1 318745635
2
1 676579365
2
1 99112296
2
1 795838360
2
1 139012979
1 250424033
2
2
2
1 893111575
1 110931255
1 947255606
2
2
1 954248495
1 429405019
1 467245456
2
1 441946359
1 576859415
1 936993456
1 288937388
2
2
1 318082625
1 48983491
2
1 483636411
1 674525473
2
1 50029491
2
2
1 612488429
1 642666940
2
1 960029125
2
1 693469746
2
1 711718129
2
1 792823272
2
2
1 506350871
2
1 749227709
2
1 426226446
1 331097023
1 125761226
1 618335903
1 862903597
1 711830138
1 70669732
1 188808125
1 685948125
2
2
1 986831099
2
2
1 478362092
1 636555096
1 968259533
1 804757312
1 338997724
2
2
1 758200486
1 784438108
2
2
1 161626583
2
1 304811541
2
2
2
1 962741132
2
2
2
1 634465588
2
2
1 19432584
2
1 189384312
2
1 454650946
2
1 644646936
2
1 569241054
1 470756526
2
1 215789035
1 593419352
2
2
2
2
1 664356409
1 465574681
1 783679983
2
2
1 85479338
2
2
2
2
2
1 292844596
1 22507062
1 594745195
1 102621686
2
2
1 76330048
2
1 967360410
2
2
2
1 598697027
2
1 991895809
2
2
1 548959297
2
1 564018290
2
2
1 974253747
1 640626303
1 608207553
1 675153260
1 448988056
1 56955363
2
1 575418432
1 630444240
1 654776846
1 136393629
2
1 998883302
1 257441803
1 62454766
2
1 490816686
2
2
1 96427145
2
2
2
2
1 91196222
1 498487276
2
2
1 922709682
2
2
1 786710823
1 694689090
2
2
1 776687895
2
1 693877741
2
1 943348226
2
2
2
2
1 463031589
1 864881288
2
2
2
1 424813165
1 960763579
2
2
1 531243934
1 641011953
1 389032478
2
1 744920519
1 184251937
1 963690035
1 162598915
2
2
1 233139474
2
2
1 162028318
2
1 786407654
2
2
2
1 596334960
1 129766014
2
2
2
1 316769405
1 883728841
2
1 845907443
2
1 10761987
1 734456201
1 646419805
2
2
1 706160093
2
2
2
2
2
2
1 393311811
1 289627176
1 108836600
1 770090917
1 215819385
1 803043160
2
1 935237517
2
2
2
2
2
1 181167009
1 588931037
1 558463667
1 617213292
2
2
1 610182392
2
1 516083404
2
1 996647081
2
2
2
2
1 285207936
1 922923437
1 844693903
1 871070485
1 41552958
2
1 592481395
1 220490007
1 100118460
1 415295376
1 892043412
2
2
2
1 284935115
1 571560900
2
1 541419025
1 709618544
2
1 230871236
1 625853434
1 330361010
1 980668783
2
2
2
1 652527671
1 42923246
2
1 898622565
2
2
2
1 551387911
1 92762387
1 945812054
2
2
2
2
1 64631369
1 525734135
1 42435180
1 397029750
1 350637082
2
1 191374331
1 680558332
2
2
2
1 3637624
1 727094895
1 204165499
2
1 103180882
2
2
2
2
1 983589735
1 863003628
2
1 453753483
1 204202748
2
1 665281218
1 81837557
1 210220270
1 994533342
1 790990850
2
1 933832219
2
1 722908575
2
1 891625346
2
1 347061070
2
2
2
1 399290360
1 247467850
2
1 964971169
2
2
1 66568265
1 890594928
1 872556929
2
2
2
2
2
1 541037916
2
1 860480326
1 7600079
2
1 881836061
2
2
1 222013974
1 272177569
2
1 653839230
1 817629984
1 506242036
2
2
1 830741423
1 145740584
1 974374780
2
1 871797374
2
2
2
1 498170250
2
2
1 324193237
2
1 340139380
2
2
2
2
1 176055242
1 846524714
1 183628232
1 902378958
2
1 703494470
2
1 752235892
1 574560584
1 902123609
1 556439825
2
1 436331288
1 573656021
1 589462803
1 59903728
2
1 239901988
1 293175633
1 984543778
2
1 869115847
2
2
1 495846347
1 78881137
1 617941349
2
1 799422632
1 399151447
2
1 302994783
1 289952943
1 691380140
1 468596642
2
1 452162289
2
2
2
1 499334077
1 544587470
2
1 683500386
1 101804917
1 565821577
1 175405936
1 472551729
2
2
2
1 491720859
1 561435968
1 316096796
2
1 345724277
2
1 342550134
2
2
1 824607384
1 901511676
2
2
2
1 577150645
2
1 537193889
1 717983192
1 454703797
2
2
1 327948115
2
1 479442135
2
2
2
1 179282199
1 725286226
2
2
2
1 350110342
1 535722557
2
1 553204591
1 24378550
2
1 172545056
2
2
2
2
1 607972041
2
2
2
1 887596633
1 268601721
2
2
2
2
2
2
2
2
2
1 706399691
1 688957989
1 301434088
1 652056064
2
1 710416997
2
2
2
1 27013828
2
2
1 245194572
1 935171808
2
1 411738687
2
1 873805277
1 819126503
1 817875538
2
1 358075214
2
2
2
2
2
2
1 398299330
2
1 751263212
2
1 834529248
1 648015770
2
2
2
2
1 969554496
1 351615710
2
2
2
2
2
2
1 68873942
2
2
1 356819995
1 710002669
2
2
2
1 549574089
1 755253257
1 243837044
1 745883494
2
1 998999348
2
2
2
1 626961966
1 784771729
1 323692729
1 610464632
2
1 102564410
1 99194874
2
1 837056494
1 308285963
1 226033257
1 860148143
1 60723170
2
1 192686047
1 659673075
2
1 815207733
2
1 311338171
1 471526819
1 533346315
2
2
1 396442423
1 904068807
1 204626862
1 538419570
1 746262307
1 346552244
1 210637915
2
2
1 760200318
1 572434918
1 255574737
1 807617420
1 646976465
2
1 142175853
2
1 695289475
1 934205667
1 602007224
2
1 731250634
2
1 361593866
2
2
2
1 634520141
1 990442858
2
1 394366480
2
2
1 873661382
2
2
2
1 647206418
2
1 837911470
1 924870709
1 285318334
2
1 830489980
2
1 349348544
2
1 468484018
1 523420180
1 849500444
2
1 862145866
2
1 515558774
1 668435735
1 468643583
2
2
1 740198831
2
1 575492341
1 423254361
1 527612219
2
2
2
1 242209390
1 184862953
2
2
2
2
1 864129001
2
2
2
2
2
2
1 369151863
1 116418127
1 243967419
1 773859815
1 680387984
1 343884132
2
2
1 318278292
1 253859077
2
1 926682500
1 144434781
2
1 575145776
1 293141226
2
1 991266192
1 443973260
1 995964864
1 954844848
1 328117524
1 811702598
2
1 783037293
1 227793092
1 250588271
2
2
2
1 341722565
2
1 298762327
2
2
2
1 152390411
1 378736592
1 521368376
1 256611024
1 407601735
2
1 597245724
2
2
2
1 914959397
1 974169155
2
2
2
2
2
2
1 571362511
2
2
1 793466475
2
1 551411624
2
2
1 784570919
1 17141608
2
1 193031381
2
2
2
1 959420013
1 912560629
1 56984243
1 548870196
1 51296970
2
1 53218745
2
2
1 961495427
2
2
2
2
1 730684896
1 158108438
2
1 675471483
1 575182580
1 859186855
2
1 250079768
2
2
1 246777460
2
1 980689878
2
1 373772524
2
1 275961857
1 226065865
1 365246947
2
1 120863812
2
2
1 586318426
1 756276893
2
1 779615125
1 115528782
1 509226780
2
1 266456465
2
1 536483160
1 644443476
1 530078479
2
2
2
2
1 803826807
1 699303368
1 149244830
2
1 463358576
2
2
1 311402579
2
2
2
1 311894259
1 714890308
2
2
1 784208147
1 58919211
2
2
2
1 865446505
1 725804570
2
2
1 735879927
1 508148388
1 978544493
2
2
1 582074419
1 40074950
1 282471632
1 464597513
1 858150065
2
2
2
1 326612303
2
2
2
2
2
1 889937623
2
1 57169159
2
2
2
2
2
1 49570044
2
1 621698344
1 550721753
2
1 982499420
1 396039405
2
2
1 493536902
1 16472508
1 469995039
1 276282834
2
1 998011058
2
2
1 205116222
2
2
2
1 608449083
2
1 644535377
2
1 634093173
2
1 635261725
2
2
2
1 801668013
1 771342924
1 424971673
1 945020158
2
1 411841880
2
2
1 993300345
1 200583670
2
1 416227647
1 346119555
2
2
1 598910891
2
2
1 946376263
2
1 417329657
1 802835951
2
2
1 660790425
2
2
2
1 738307316
1 462499882
1 897263701
2
2
2
2
1 505744556
2
2
1 422096443
1 820017448
2
1 255846004
2
2
1 348947265
1 91296131
1 972528467
1 495757285
1 837574388
1 97662385
1 402946630
1 215058164
1 236522871
1 363871013
2
1 10782595
1 288891283
2
2
1 431698498
2
2
1 348666470
1 682433603
2
2
2
1 155292533
1 367102373
1 274559250
1 47809299
1 600813324
2
1 782191596
1 126921337
1 324839405
1 957772746
1 446996885
2
2
1 770706520
1 817266049
2
1 914578225
2
2
2
2
1 226308987
2
2
1 42327082
1 449635336
1 932898377
1 807038987
2
2
2
1 457468863
2
1 42577642
2
2
1 63310847
1 48652821
2
2
1 907020054
1 644955412
2
1 596664817
2
2
1 719219900
2
1 335235630
2
1 85748384
1 606122329
2
2
1 464523587
2
2
1 851848151
2
2
2
2
1 544963628
1 505801500
1 708800802
1 32087117
1 648874979
1 204064693
1 895709185
1 913397339
1 708916380
1 797991250
1 910787740
1 308830597
2
1 165826101
1 640686186
2
2
1 579295568
2
1 231653230
2
2
2
2
2
1 282471535
2
1 889309324
1 184335518
2
1 664263274
1 834582426
1 968375091
1 53655966
2
2
1 177946302
1 802421339
2
2
1 610530290
1 252793359
2
2
2
1 922222430
2
1 865212900
1 726453122
2
2
2
2
2
1 242334651
2
1 399678815
2
1 620834531
1 727062225
2
1 702418518
1 772294122
2
2
2
1 755326608
1 633827288
1 962444759
2
1 870524375
2
2
2
1 406080100
1 906687055
1 224343375
1 897528562
2
1 608740496
1 211852145
1 214983368
1 437226631
1 873342980
1 708661369
1 838581066
1 999955895
2
2
2
2
2
1 559592702
2
1 374316410
1 557864992
1 639350355
1 85079178
1 668741472
2
2
2
1 215431528
2
1 210818277
2
1 376832670
1 162034529
1 783189025
2
2
1 539556527
2
1 594210785
2
2
2
1 168961887
2
1 697655667
1 306564581
1 495893599
2
2
2
1 143061253
1 18772052
2
2
1 200205912
2
2
1 829258022
1 479187757
2
2
2
1 402421113
2
2
1 808033652
1 325460960
2
2
1 587721833
2
2
2
2
1 335552012
2
1 588833969
1 42049344
1 770403806
1 711647368
1 703570508
2
1 754973076
1 104097882
1 140559228
2
1 159379003
1 258582912
1 819597022
1 981911612
2
2
2
2
2
1 815899353
1 976691453
2
2
1 795261406
1 340027064
2
2
1 471916082
1 971794972
2
2
1 645303941
1 350083627
2
2
2
1 425391231
2
2
1 888168661
2
2
2
2
2
2
2
1 380359987
1 739126067
2
2
1 104826151
1 354769692
1 773570542
2
1 519954542
1 205773083
2
1 484426202
2
2
1 119776255
2
2
2
1 873273585
1 478488584
1 226690930
1 398728233
2
1 741055700
1 235756136
1 809794634
2
2
1 18639064
1 479982003
1 62890877
2
2
1 192986551
2
1 26534834
1 196488932
2
2
2
2
1 434559997
2
2
2
2
1 686808181
1 438666009
1 243163193
2
1 264505113
1 916347589
1 156501650
2
2
1 287931430
1 2246461
1 52950138
2
2
1 696769078
1 130651600
2
2
1 754922015
2
2
2
2
2
2
1 193135042
1 292578394
2
1 150509482
1 151002395
1 432968874
1 50530779
1 320290396
1 502972305
2
2
1 868490760
2
2
1 240500348
1 350743732
1 933890814
2
1 905968796
1 521852359
1 216579976
2
1 449064237
1 489182145
2
2
1 259935764
1 583497666
2
1 283436651
2
2
1 509441010
1 13182895
1 763944102
2
1 733831868
1 605401190
1 907461060
1 32968171
1 929352743
1 234326770
1 597433531
2
1 215072366
1 144602615
2
1 467103183
1 479115787
2
2
2
1 169099616
2
2
1 989456332
2
1 558613376
1 465279505
2
2
2
1 547813284
1 440812328
2
2
2
1 50474576
1 481757872
1 253301528
2
2
1 386705620
2
2
1 619057297
2
2
1 609885007
2
2
1 791688292
2
2
2
1 940656850
2
2
1 482341301
1 949737341
2
2
2
1 595409113
2
1 920352386
2
1 242247303
1 323498390
2
1 603762278
2
2
2
1 791443667
1 53355922
2
1 734796880
2
1 913755105
2
1 294409767
2
2
2
1 866757788
1 676173593
2
1 386614368
2
2
1 536334734
2
2
2
2
1 998846007
1 832174217
1 575576629
2
2
2
1 836215751
1 808341128
2
1 147311245
2
1 820556220
1 811252366
2
2
2
1 953291362
2
2
1 486285678
2
1 389774771
2
2
1 626338726
2
1 537016384
1 79357489
1 496172629
1 376044112
1 390011668
2
1 84132020
2
1 189790717
2
1 8093675
2
2
1 466802196
2
1 981331929
2
2
1 508054289
2
1 747787963
2
2
1 564758178
2
1 124006884
2
1 124510670
1 325861381
1 915852108
2
2
2
2
2
1 199342404
1 617699773
2
1 974558826
2
1 51446401
2
2
2
1 622273289
2
1 822902935
2
2
1 947025405
1 185095545
2
2
2
1 878441831
1 542038573
1 283851073
1 474456470
2
2
2
2
2
1 128212369
2
1 452097654
2
2
2
2
1 102600984
2
1 222922842
2
1 812463486
2
2
1 459249558
2
2
2
2
2
2
1 907616137
2
2
1 471574670
1 631206856
1 990731774
2
1 95013033
2
1 361269276
1 464582340
1 194884324
2
2
1 22607507
1 45790172
2
2
1 612628354
1 903910843
2
1 558272485
1 435983579
1 100498126
2
2
2
2
1 81760098
2
2
1 912339100
2
1 594899448
2
1 216981968
1 658141164
1 961781449
2
2
1 766333531
2
2
1 564845927
2
2
1 136957753
1 62474098
1 931393958
2
1 41393998
1 797250891
1 622688724
1 84791427
1 419574717
1 863842161
1 220202410
2
2
2
1 215801670
2
2
1 868844122
1 372993440
1 725274519
1 776451053
2
2
1 677785393
1 633211144
2
1 873076677
1 36209486
2
1 37107823
2
1 529692676
1 290744387
2
1 230115385
1 305068495
1 560515291
1 933556440
1 639948736
1 632429578
1 539285336
2
1 543246495
1 336002641
2
2
1 116762476
1 990560272
2
1 41830472
1 274755172
1 947047377
1 799784329
2
1 970827921
2
2
2
2
1 879431427
1 389854591
1 107970887
2
2
1 788807821
1 335779887
2
1 871264357
1 535016683
2
2
1 836196683
2
2
1 531463678
2
1 892089722
1 384158143
1 854075025
2
1 697697481
2
1 734293164
2
2
1 6236952
2
2
1 163517342
1 709136854
1 66869737
2
1 200386638
1 685199013
2
1 758891377
1 165665938
2
2
2
1 952237794
2
2
1 596266532
2
1 815891106
1 849774342
1 291729177
1 11044627
1 716608877
1 538300379
2
2
1 473659124
1 223839512
1 486993747
1 20836138
1 781554014
1 86740840
1 378006297
2
1 316318999
2
1 750439317
2
1 778941848
2
2
1 450345555
1 774621492
2
2
2
2
1 817334879
2
2
1 347808467
1 153173985
2
2
2
2
2
2
2
2
1 779312851
1 740769828
1 888180228
2
2
1 207353396
2
1 442188180
2
1 466995398
2
1 843191964
2
2
1 906143307
1 705668754
1 846241775
2
2
1 392347840
1 583727701
2
1 415434553
2
1 884183571
1 23536422
2
2
2
2
2
2
2
1 705604397
2
1 435516076
1 383645617
1 220959793
2
1 969874969
1 694930878
2
1 186560764
2
2
2
1 717464763
2
2
1 829800873
1 801563352
1 680121734
1 267019232
1 256962957
2
1 74881705
1 604656409
1 751551678
1 824629471
1 996154645
2
1 803830560
1 638452442
1 636245758
1 505548119
1 927393967
1 59797660
1 645023208
2
2
2
2
1 982586760
1 611463952
2
2
2
1 424879675
2
1 25278832
1 171007511
1 84707752
2
1 187989845
2
1 25451457
1 445452632
1 758415402
2
2
1 257440235
2
2
1 683807638
1 564627324
1 893148530
1 662324621
2
1 560149166
1 900136646
1 114918288
2
2
2
1 615602916
1 319678291
1 948592292
2
1 567806014
1 129101337
1 658235600
2
2
1 358602694
1 464645929
2
1 115815388
2
2
2
2
1 265210611
2
1 644017052
1 48024131
1 783056311
2
2
2
2
1 180158623
1 558636784
2
2
2
2
2
2
2
2
2
2
2
2
2
2
1 397119075
2
2
2
1 353354645
2
2
1 894533190
2
2
2
1 657984371
2
1 135457176
1 402647231
1 401959317
1 995820613
1 335482354
2
1 990600020
2
2
1 774941243
1 938995104
1 263332579
2
1 783815937
2
1 586076224
1 552421529
1 561912524
2
2
1 401506914
2
2
2
1 225193303
1 916228274
2
2
2
2
1 16512869
2
2
1 708238289
1 190221461
2
2
2
2
1 387670589
2
2
2
2
1 705791044
1 71504329
1 195561744
2
2
2
2
1 719470142
1 89012146
1 297384481
2
1 565807700
1 548527058
1 116620862
1 435832933
1 470815448
1 253591813
2
2
2
1 254965595
2
2
2
1 377280751
1 646720773
2
1 318517863
1 228745243
1 42565288
2
2
1 608879725
1 728977381
2
1 401339577
2
2
2
1 630653429
2
2
1 306219465
2
2
2
2
2
1 545118238
2
2
1 989727956
2
1 100200544
2
1 19558851
2
2
1 911077343
2
1 358103906
1 449074975
2
1 500153903
1 647461392
2
1 640493827
2
1 534948189
1 778587462
2
1 244144615
2
1 331009688
2
2
2
2
2
1 374798732
2
2
1 700142465
2
1 400992848
1 185710227
2
1 864071003
2
1 490982589
2
2
2
1 828104639
1 815111996
2
1 326277926
1 317742186
1 527247277
2
1 298601857
1 857215421
1 680960631
2
2
1 960467517
1 462094122
2
1 542814892
2
1 402035674
1 291706802
1 208366901
1 896657570
1 695710655
2
2
2
1 814343335
2
1 233823456
1 901419341
2
1 115448422
2
1 691181401
2
1 701783067
2
1 211127558
1 771177907
2
1 605607322
1 567888387
1 127570611
2
2
1 803435653
2
2
1 534350418
2
1 94217682
1 779254910
1 169265142
1 986384403
1 25371289
1 341924148
2
2
1 204426522
2
2
1 993920867
1 305289329
2
1 169474186
2
2
2
2
2
2
1 208511252
1 629960390
1 515821465
2
2
2
2
2
2
2
1 316998203
2
1 23543560
1 483235231
2
2
2
1 988199088
2
1 698506860
1 689590454
1 732486437
1 922966052
1 215803437
2
1 175520454
2
2
1 849420863
1 219661050
1 796252898
1 332256015
2
1 248950286
1 454519741
1 512689965
2
1 51344265
2
1 256802190
1 471015901
1 495148394
1 787573936
1 843048324
1 105135101
2
1 469412281
2
2
2
1 660710702
1 695588818
2
1 544113362
2
1 717209732
1 789117536
2
2
2
1 233936481
1 938870712
2
2
1 772110988
2
1 954483154
1 494976097
1 357130501
2
2
2
1 128758659
1 683392483
1 413135443
1 502533474
2
1 333012489
1 432257354
2
1 425282698
1 768142128
2
1 738792192
2
2
2
1 544182804
2
2
2
1 876350037
1 535671575
1 27193665
1 341261612
1 977356060
1 815139714
2
1 551118006
1 672810732
1 412066806
2
2
2
2
1 300980971
1 210142834
2
2
1 705505534
2
2
2
2
1 654054801
1 280637273
2
1 769864819
2
1 142893650
2
1 501863362
2
2
1 335622651
1 597140512
2
2
2
2
1 807360212
1 349875449
1 385519251
1 867590088
1 208469713
2
2
2
1 304564795
1 83008554
1 780449360
1 278808412
2
2
2
1 707951601
1 979602735
2
2
2
2
1 793400047
2
2
2
2
1 334981106
2
2
1 235450368
2
2
2
2
2
1 736535475
2
2
2
2
2
1 645805363
1 201458628
1 921983354
2
2
2
1 334100604
2
2
2
2
1 349322871
1 313124152
1 48107775
1 969268725
2
1 309730249
1 192237547
1 146532899
1 842792537
2
1 927775980
1 138303255
1 943193195
2
2
2
1 50290956
1 861037668
1 400650672
1 125269461
1 68449770
1 742418323
2
1 558419161
1 249878284
2
1 421746975
2
1 913728576
1 814545119
2
1 78294460
1 649130275
2
2
1 556299749
1 791074429
2
1 290469436
2
1 186425422
2
1 145211473
1 655551797
1 692309885
1 463264654
2
1 111021331
2
2
2
1 161272331
2
1 181416919
1 100705108
2
1 673744926
1 961844437
2
2
2
2
1 628680827
1 965452739
1 584415927
1 468641922
2
2
2
1 81697592
2
2
2
1 143187724
1 778881248
2
2
1 79483904
2
2
1 330687484
2
2
2
1 767664061
2
1 215740782
2
1 529196132
1 83991043
1 116409912
2
1 300233843
1 148261035
1 829377382
1 64925351
2
1 27916748
1 896710008
2
1 933176867
2
2
1 44482653
2
1 910919550
2
2
1 994076667
2
2
1 108476618
1 457715912
2
2
2
1 415408907
2
2
1 756468433
2
2
1 652109405
1 135508094
2
2
2
1 534533398
2
2
1 907075361
2
1 525645640
1 579033081
2
2
1 763506883
1 72795141
2
1 236261933
2
2
2
1 682213100
2
2
2
1 17343966
1 9840418
1 563417814
2
2
2
1 869596032
1 492758554
1 733137022
2
2
2
1 430089810
2
2
2
1 172176072
2
2
1 525546818
2
2
2
2
1 961971875
2
2
2
1 165216024
1 932353848
1 697294010
2
1 450384911
2
2
1 604681893
1 435146164
1 714222172
2
2
1 300955309
1 727323153
2
2
1 886366594
1 315162442
1 186572134
1 129355874
1 611216528
1 947407746
1 556005968
1 704141641
2
2
1 291883801
2
2
2
2
1 778670848
1 958683031
1 806395875
2
2
1 285091514
2
2
2
2
1 443542446
2
2
2
1 675902050
1 550426656
1 407401241
1 224634554
2
1 676305517
2
1 738812486
1 478444392
1 318726190
1 16157966
2
2
2
2
2
1 111141131
2
2
1 576100831
2
1 969629900
2
2
1 425770597
1 142267635
1 351196033
1 635438440
1 210233972
1 623858395
1 479821609
1 245878933
1 817440006
2
1 567616226
1 330292503
2
2
2
1 600489538
1 46078085
2
1 243406543
2
1 797110708
2
1 3371772
2
2
1 809728315
1 622024958
1 388680556
2
2
2
2
2
2
2
2
2
1 21927524
1 232803361
2
2
2
2
1 791067515
2
2
2
1 59096524
1 117215989
1 513363438
2
1 930282832
2
2
2
2
1 830099122
2
1 156102147
2
2
1 551315168
2
1 790076307
2
1 664699291
1 333095528
1 284839018
2
1 422829673
1 132628172
2
2
2
1 805384760
2
1 127432494
2
2
2
2
2
1 341621140
2
1 956397313
1 346965437
2
2
1 974573973
2
2
1 217161350
1 610663247
2
1 879140721
1 111387973
2
2
2
2
2
1 476235084
2
2
2
1 776985363
1 152022452
1 266924479
1 734930948
1 293171107
2
1 531391777
1 643531767
2
2
2
2
2
2
1 289466370
2
1 875153191
1 292012652
2
2
2
2
1 756347169
1 198498480
1 849119220
2
2
2
1 408191261
1 439413839
2
2
2
1 822914886
1 935960824
1 92330476
1 109504123
2
2
2
1 698451292
1 569244237
1 739623850
2
1 916857032
1 496412592
2
1 186228173
1 929951980
1 857575232
2
2
2
2
1 632992039
1 932220443
1 746615334
1 680000043
1 653632320
1 856588455
1 250107246
2
1 824583296
2
2
2
2
1 50691363
2
2
2
2
1 673455855
2
2
2
1 413690681
2
1 273731273
1 396622660
1 428538626
2
2
1 955084729
2
1 642774099
2
1 738897727
1 325612657
1 277470915
1 39639040
2
1 66816466
1 733361010
2
1 132179230
2
1 314426308
1 833420336
1 857075003
2
1 346886559
2
2
2
2
1 101570081
1 547154628
1 926086262
1 612081585
2
2
1 571460441
2
2
1 932741519
1 13792407
1 683862721
2
1 650298710
1 295716077
1 595502852
2
1 338590678
1 364322730
1 743081867
2
1 758741763
2
2
1 532203702
2
2
1 353399376
1 868383092
1 8222894
1 790870967
2
2
1 87806753
2
2
2
2
2
1 682652739
2
1 86204318
2
1 576918584
2
2
2
2
1 299413460
1 245791856
1 950767048
2
1 8466058
2
2
1 780395298
2
1 354883779
2
1 60055148
2
2
2
2
2
2
2
1 777782786
2
1 809760100
2
2
1 122064646
1 11022592
1 243584434
1 889729675
2
2
2
1 18632537
1 817352342
2
2
1 536776194
2
1 286369786
2
1 156224746
2
2
2
2
2
1 620876562
1 945705181
1 704669961
1 630289606
1 355840251
1 639497776
2
1 713578599
1 486219815
2
2
2
1 483379095
2
2
1 977124895
1 391865726
1 63161150
2
2
2
2
2
2
2
2
1 110907019
1 202246056
2
2
2
1 328654262
1 804481113
2
2
2
1 218385951
2
1 494092271
1 291332915
2
2
2
2
2
2
2
2
1 141099446
2
2
2
2
2
2
2
1 837585468
1 413542828
1 273632510
1 930462028
1 438820110
2
2
1 308939547
1 161404400
2
2
2
2
1 803867954
1 190645190
2
2
1 193072859
2
1 313500372
1 771103701
2
1 628740790
2
2
1 844532749
1 739830520
2
1 333901205
1 609577371
2
1 205354540
2
2
2
2
2
2
1 199472405
2
2
2
2
1 344753060
1 282980906
2
2
2
1 850742543
2
1 437112877
2
2
1 423954386
2
1 326830827
1 451841961
1 86670333
1 660788286
1 79667964
2
2
2
2
1 261298981
2
2
2
1 680335128
1 261949460
2
1 898259382
2
1 950373589
1 698010710
2
2
2
1 515852355
2
2
2
2
2
2
1 753761228
1 269687253
2
2
2
2
1 681232460
1 514249642
2
2
2
2
1 106066226
1 311302344
1 857252631
2
1 957482742
2
1 723345964
1 1185741
1 126078154
2
2
1 400014482
1 550259748
2
1 713073254
2
1 738369530
2
1 107036032
1 689249417
2
2
2
1 250135238
1 762624898
2
1 974212413
2
2
2
2
2
2
1 415098638
1 694296547
1 483257572
2
1 480438179
2
2
1 981036703
2
1 747127938
1 354211490
1 920475555
2
2
1 858354418
2
2
2
1 437651897
2
1 575891054
2
1 240393471
1 547824766
2
1 947925697
2
2
2
2
2
2
1 418046307
2
1 599584618
2
1 268232160
2
1 603649651
2
2
2
1 348539092
1 425677900
2
1 584766670
2
2
1 705389028
1 891532145
2
2
2
2
1 148737431
1 786963630
2
2
2
1 341287405
1 303696247
2
2
2
2
2
1 275059700
2
1 803421854
2
1 818300298
2
1 95077261
2
1 719257654
2
1 424566479
1 259202879
2
2
2
2
2
2
1 338979455
1 906986001
1 412615620
2
1 353490428
1 36962593
2
2
1 39392748
1 144252501
1 805643454
1 812961202
1 839162903
1 60106422
2
1 132057884
1 458843181
1 725468050
1 256817838
1 866993152
2
2
1 133217841
1 34206891
1 540888703
2
1 413063979
2
2
1 591336732
1 939558395
2
1 601405578
2
2
1 393077130
1 287166433
2
1 385621495
1 285083719
1 703034204
2
1 437591983
2
1 904738354
1 481812474
2
2
1 32492998
1 945882049
1 40087558
2
2
1 163862579
1 990849940
1 231834948
1 58440653
2
1 973526442
2
1 756626194
2
2
1 928602603
1 901348655
2
1 705377775
2
2
1 912130776
2
2
2
2
2
1 660193393
1 641704232
1 952325859
1 867255117
1 816494959
1 478817218
2
1 909869472
1 471100479
1 884966161
1 649512831
2
2
2
2
2
1 301455905
1 683755639
2
1 775903801
2
1 557498402
2
2
2
1 740444
2
2
2
2
2
1 485772357
2
2
2
1 703478989
2
1 516505912
2
2
2
2
1 383620626
1 668545277
1 623749117
2
1 890674401
1 851904694
2
2
1 647730981
2
2
2
1 677134123
1 374482739
2
2
1 606710590
2
2
2
1 101141990
1 380075640
1 931192120
1 315226272
2
1 735732329
2
1 992269572
1 753526485
1 859344860
1 336032702
1 848462294
1 729085561
1 464143379
1 385302549
2
1 742105815
2
2
1 846322186
1 516443190
1 751153671
1 532340869
1 5164664
2
2
2
2
1 200351371
1 225526574
2
2
2
1 665494692
1 769430938
1 961581207
2
2
2
2
2
1 593805597
1 63944492
2
2
1 230104575
2
1 901580313
2
2
1 591979140
2
1 288754782
1 139298711
2
2
1 76591007
2
2
1 893296198
1 179469723
2
1 899778402
1 973434546
2
1 331935170
1 150820602
1 870343547
2
2
1 197461264
2
1 594862375
1 19136895
1 643146192
2
1 178528244
2
1 808560298
2
1 943552677
1 423651340
2
1 105658330
1 950301764
1 825020491
2
1 147217385
2
2
2
2
2
2
2
1 191724841
1 606761517
1 451051081
2
2
2
1 361947911
2
1 171158224
1 299335361
2
1 927455741
1 425175069
2
1 372279468
1 957714743
2
1 144992321
1 923520663
2
1 674418638
2
2
1 141732027
2
1 977792435
2
1 813648467
1 983742220
1 552299848
1 985934757
2
1 264435209
1 808849004
1 241143504
1 820843579
2
2
1 801382717
2
1 614320610
1 105333871
2
2
2
2
2
1 148426083
2
1 142014603
2
2
1 578041417
2
2
2
2
2
1 553052163
1 511346694
1 624952497
1 926621504
2
2
1 385960698
2
1 870026939
1 24193848
2
1 929331720
1 323832096
1 918424044
2
2
2
1 898251280
2
1 633994425
2
2
1 589074282
1 944535690
2
1 638561962
2
1 683500993
2
1 970567362
2
1 595241234
1 790140761
1 244019488
1 533367818
1 186747511
2
1 549703045
2
1 360166885
1 915249094
1 210203706
2
2
2
2
2
1 256072983
2
2
1 230417283
1 800852025
1 670549914
2
2
1 955474233
1 512754321
1 487858438
1 713657365
1 682814718
1 791684225
1 603175771
1 856495133
1 901563465
2
2
2
2
1 112957522
2
2
1 786099986
2
2
1 279547708
1 356498668
2
2
1 897261754
2
2
2
2
2
1 41912594
1 276367818
1 951922823
1 342242857
1 999261963
1 763383956
1 360823612
2
2
2
2
2
2
2
2
1 302590028
2
1 865715654
1 81808104
2
1 44161936
2
1 315702691
2
2
1 685708969
1 870258663
1 287123583
2
2
2
1 567225904
1 475049087
2
2
1 61869749
2
1 103238011
2
1 436227799
1 363398191
1 80860282
1 34999369
2
1 363584880
2
2
1 32234870
1 288057014
2
2
1 342761882
2
1 153881010
1 318020738
2
2
2
2
2
2
2
1 719072481
2
1 783409078
2
1 588850611
1 5073047
2
2
1 495296801
2
2
1 297473908
2
1 780996754
2
2
1 974784591
2
2
2
2
2
2
1 496227783
1 315685345
1 279529074
1 867913351
2
2
1 757096401
1 87449959
2
2
1 684223307
2
1 332021079
1 603279528
2
2
1 952194757
2
2
2
2
1 877768744
2
1 374946493
1 713971914
1 611561344
1 394835068
1 313360621
1 859612884
1 598753645
2
2
2
1 218233099
1 236780576
1 103777854
1 805143447
1 653650621
1 532746655
2
1 878909707
1 881676913
2
1 965476931
2
2
2
2
1 328274086
1 271170245
1 355352591
1 108140312
2
2
1 969486309
2
2
2
1 147932049
1 966820592
1 340704035
2
2
2
1 506859801
2
1 262614871
1 869606491
1 353670198
2
1 449593504
1 943369378
2
1 455103794
2
1 236797709
2
2
2
2
1 932856557
2
2
2
1 907404721
1 248727691
1 849573140
1 492189241
1 641986750
2
2
1 883118921
1 614597084
2
2
1 478371287
2
2
2
2
1 53336313
1 221979386
1 394118381
2
1 986549026
1 10785213
2
2
2
1 321714312
1 30848711
1 650598864
1 251860030
2
2
2
2
2
2
2
1 684987833
1 369448606
1 153377257
2
1 256750103
2
2
1 975212880
2
1 115630954
2
2
2
1 669268521
1 708034526
2
2
1 147047248
1 291405180
2
1 886605929
2
1 278627626
2
2
2
2
1 648612665
1 380604540
1 589410545
2
1 626196414
1 844290991
2
1 762000736
2
1 913680785
2
2
1 468735425
2
1 227212702
2
1 498694200
1 498809963
1 807826132
1 917510708
2
1 386044296
2
2
1 637717377
2
2
2
1 594271485
2
2
2
1 146812392
2
1 830584697
1 698282048
1 833757506
1 959031946
2
2
1 811739898
2
2
2
1 351745321
2
1 778726935
2
1 373555198
2
2
1 873695009
1 306464089
2
1 820169577
1 462729671
2
1 344630058
1 769007187
1 257899692
2
1 884999575
2
2
2
2
2
2
2
1 930515588
2
2
1 738515719
2
1 433408699
2
2
1 25395816
2
2
1 338451990
1 15300425
1 973768561
1 655355298
2
2
1 554342241
2
1 755047938
2
1 992993521
2
1 992174422
2
1 660939580
2
2
1 818077976
1 446287081
2
1 711248383
1 133015490
2
2
1 619011843
1 897932193
2
1 296756403
2
2
1 427167828
2
1 209108240
2
2
1 576504356
2
1 992511511
1 122328677
1 976309490
1 482534237
2
2
2
2
2
2
1 19843447
2
2
1 382818470
2
2
2
2
2
2
1 47615132
2
2
2
2
1 896090835
1 394187903
1 605334171
1 704507973
2
2
2
2
2
2
2
1 100894666
2
2
1 802389854
1 980716784
1 177104315
2
2
2
1 868426333
1 326864116
1 121399730
2
2
2
2
2
2
2
2
2
2
2
1 889279476
2
2
2
1 455883052
1 658024690
1 298269318
1 525303798
1 528190653
2
1 497391548
2
1 723713451
2
1 23842020
2
1 993365186
2
2
2
1 605213124
1 334017619
2
1 163521483
2
2
2
2
1 626877861
1 625683565
2
1 342465276
2
1 286588196
2
1 917578609
2
2
1 475536083
1 604988831
2
1 901338435
1 391185742
2
1 152683589
2
2
1 959838202
2
1 925667550
1 520903205
2
1 370990709
1 78834681
2
2
1 131914773
2
1 856766372
2
1 413052726
2
2
1 370230698
2
1 499568539
2
1 728982352
1 39820793
2
1 590485617
2
1 377521378
2
2
2
2
1 282841223
2
1 4358207
2
1 530174942
1 845640327
2
2
2
2
1 438440535
2
2
1 826960285
1 65848129
1 983558542
2
1 469205781
2
1 554978712
2
2
2
2
1 232605486
1 794781477
2
1 611553599
1 10623692
2
2
2
1 742057362
1 883778813
1 133000826
1 672267266
2
1 975347387
1 490604211
2
1 955090037
1 891341699
1 654080332
2
2
2
2
1 411644865
1 318245156
2
1 811088
2
1 785444840
1 788422056
1 689918130
1 564031102
1 778863328
2
2
1 977431774
1 783598427
1 783146262
1 990146969
1 374523855
2
1 231935362
1 428764057
1 573226190
1 270854176
2
1 911125177
1 518890227
1 65677044
1 938414093
1 913821038
1 300872555
2
1 576231921
2
1 330353003
2
1 402280199
2
2
1 998465682
1 395943
2
2
1 173468406
2
1 199984120
2
1 146774313
1 861836504
2
1 798692821
2
1 202134093
2
2
1 660423543
1 704121216
1 485027155
2
2
2
1 495970905
2
1 261446232
1 888054618
2
1 230624647
2
2
2
2
2
1 581898974
2
1 797594455
1 905475953
2
1 206958921
1 822061787
1 434254322
2
2
1 437275652
1 200275277
2
1 919707500
2
2
2
2
2
2
1 772984079
1 842711719
2
1 452031585
1 809999367
2
1 618588330
2
2
2
1 887518706
1 591971207
2
2
2
1 581668641
2
2
2
2
1 217573880
2
1 331113917
2
2
2
1 459022242
2
2
2
2
1 258199490
1 950700884
1 687014687
2
2
2
2
2
1 618025019
1 410109808
2
1 470525993
2
2
2
2
2
2
1 99110413
2
2
2
1 844566168
1 889116451
1 768419905
1 422405622
2
2
2
1 272987714
2
2
2
1 897168346
2
2
2
1 728915306
1 120029979
1 841395901
2
2
2
1 523235772
2
2
1 593743637
2
1 309082230
1 490719249
1 626630342
1 659847121
2
2
2
2
1 464449725
1 60941122
1 143961717
1 585293308
1 721811461
2
1 510131577
1 910623016
1 859077358
1 783778972
2
2
2
1 82708690
1 562170138
1 412162161
1 120656800
1 518003389
1 854468937
1 597554391
2
1 936332351
2
1 484772595
1 347406439
2
2
2
1 639398687
2
1 424598451
2
2
1 318200671
2
2
2
2
1 501021319
2
2
2
1 461571446
2
2
2
1 540808944
2
2
1 383445405
2
2
2
1 309770568
2
1 536547553
1 173056111
2
1 253848711
2
1 930709726
1 218693862
1 572400559
1 126444283
2
2
2
1 476096964
2
1 426784413
2
1 665774072
2
1 587050546
2
2
2
2
2
1 661867075
1 961999346
1 321941382
2
2
1 14971878
1 890463337
2
1 302017717
2
1 924247571
2
2
1 142998860
2
1 23940619
1 240223779
1 643758398
1 946856134
2
2
1 575292730
1 343052879
1 220542847
1 618600554
1 592331613
1 156056383
1 201227602
2
1 65426420
1 238143516
1 821757012
1 502016526
2
1 241069331
1 998858694
2
1 460894866
2
1 771935710
2
2
1 251267600
2
1 174423350
2
2
2
1 63019987
1 64209320
2
2
1 614480092
1 582771716
2
1 241668203
2
2
2
2
1 760525204
2
2
1 712061420
1 229924139
1 872055718
2
1 562149590
1 956237465
2
1 143774615
2
2
2
1 567680382
1 129987417
1 590883748
2
1 535481832
1 429949724
2
2
1 727235993
1 361460936
1 347028359
1 92516677
1 706021790
2
1 244905780
1 368793037
2
1 336742608
2
2
1 236005048
1 845905585
1 790825259
2
1 59541574
1 771651526
2
2
1 919164946
2
2
1 953168831
2
2
1 80902756
2
2
1 728280686
1 468005782
2
2
1 795563116
2
2
1 446929836
1 862867345
1 21605570
2
1 700575957
2
2
2
2
1 318080758
1 732634802
1 507629520
2
1 686968557
1 804639095
1 392501371
2
1 339185186
1 114590246
1 825249694
2
2
2
1 622216642
1 258182975
2
2
2
2
2
1 925021890
2
2
2
2
2
2
1 306870920
1 379859081
2
1 159542578
1 349968649
1 919027450
1 582185331
2
1 77963137
1 130818867
2
1 540073323
2
1 874629131
1 323281664
1 73183719
2
1 827930225
2
1 165611860
1 839865238
2
2
1 824862198
1 49036558
1 45510227
1 88012550
1 977611190
1 491011494
1 788711881
1 717246345
2
1 445372459
2
1 360645771
1 997150540
1 795086056
1 132181893
2
1 864406610
1 670222772
1 618736616
1 880999448
1 225587347
1 430053304
2
2
2
2
1 994676546
2
2
1 983121638
1 670864127
1 396050284
1 121102739
2
1 669754960
1 819855799
2
2
2
1 307434970
1 907369950
2
1 798078836
2
2
1 76417356
1 444539917
1 256475417
2
1 881225783
2
1 93936811
2
2
2
1 418484847
2
2
1 957383488
2
1 916640956
2
1 525665905
2
1 679672916
2
1 692855830
1 894716663
2
2
2
2
2
1 823950967
2
1 291521762
2
1 447622888
1 871098497
2
1 188821637
2
2
2
2
1 451843463
1 140788162
1 475066215
2
2
2
2
1 643493680
2
2
1 597345974
1 478772045
2
2
1 630703888
2
1 691331676
1 80043133
2
2
1 172609134
2
1 319437680
2
2
2
2
1 208066429
1 770954621
1 456926849
1 455404985
1 690713379
2
2
2
1 348106095
2
2
1 80548819
1 146899651
2
2
1 234105552
2
2
2
2
1 722048200
1 983436631
2
1 730286572
1 722763072
1 105831433
1 497475861
1 831746905
1 449414584
2
2
1 101458005
2
1 31573232
1 121361169
1 778848980
2
1 524235558
1 987968497
1 621910747
1 739394095
1 725084643
1 791983703
2
2
2
2
1 515444735
1 652811077
2
2
2
2
1 27261499
1 37968058
2
2
2
1 485204520
1 881036941
1 397112209
1 937267918
2
2
2
1 829391027
1 553837928
1 897142840
1 660235915
2
2
1 885384207
2
1 761177482
1 473894965
2
2
2
1 948023108
1 345658154
1 846323922
2
1 665010428
1 213976665
2
1 127277187
2
1 200396669
2
1 422890482
2
2
1 966876260
2
2
2
1 776658561
1 26353322
2
1 564369443
2
2
1 30133126
1 317365844
1 819744985
1 807918784
1 50074927
2
2
1 110541821
2
2
2
1 609015295
1 658934639
2
2
1 272216688
1 221455094
2
2
2
1 888198761
1 94361325
2
2
2
2
2
2
2
2
2
1 358583208
2
1 633049919
1 775166726
2
2
1 662962368
2
1 565711146
1 604918416
2
2
1 157117566
2
2
2
2
2
2
1 57754275
2
2
1 846856547
1 700568699
2
2
2
2
1 496221172
1 234874774
1 626593519
1 740334538
2
1 879149309
2
1 716432933
1 582533024
1 471328810
2
2
2
2
1 413980253
1 979740615
2
2
2
1 780119033
2
1 635778946
1 60340394
2
2
1 104445746
2
1 983059623
1 686105697
2
2
2
1 913016590
1 71184839
1 800162568
1 593869549
2
1 370816383
1 964298543
1 466988002
2
2
1 429990058
2
1 924150827
2
1 398743213
1 248687707
1 367880214
2
1 753919666
2
1 73920959
2
2
2
2
1 787592117
1 699056368
1 443255042
2
1 235423209
1 570682986
1 366678215
2
1 454064473
2
2
1 761600506
1 587135008
1 599828128
1 808119962
2
1 961021162
2
2
1 240054794
1 966164284
2
1 356020356
1 535059824
2
2
2
2
2
1 236155092
2
2
2
2
1 926857984
2
2
1 895826809
1 963698723
1 993293631
2
2
1 389562792
1 180783190
2
1 145404409
2
1 405039758
2
2
2
1 731964095
2
1 434776594
2
1 70703941
1 63345576
1 935505268
1 85737638
2
1 95221164
1 676027558
1 641765672
2
1 532585974
2
2
1 929716061
2
2
2
2
1 488803918
1 838914697
1 320851877
1 579177531
1 112957326
2
2
1 509525787
1 262122788
1 934142886
2
2
2
1 766136890
2
1 856490356
2
2
1 147425339
1 799866886
1 532647501
2
2
1 828333902
2
1 457183074
2
2
2
1 912252496
2
1 636171426
1 662267025
2
1 135741704
1 800511833
2
1 514732854
2
1 841312193
1 234203295
2
1 522661236
1 367009811
1 715768870
2
2
1 369731747
2
1 557511090
1 502344599
1 858967327
2
2
1 433688013
2
2
1 325788277
2
1 99813701
1 297400113
2
1 516905480
2
2
2
1 103608003
1 318956650
1 656488557
2
1 390356787
1 985330843
1 764298975
2
2
2
1 188957081
2
1 741115650
2
2
2
1 791749986
2
2
1 827787341
2
2
2
2
2
1 481333391
2
1 214672986
2
2
2
2
1 645176688
2
1 647904638
2
1 884999587
1 757741172
1 536967633
2
2
1 641462434
2
2
1 233210440
2
1 3493073
1 331629684
2
1 448784730
1 354018435
1 809473686
1 291432184
2
1 824328017
1 496897405
2
2
2
1 579826325
2
2
1 582167409
2
2
1 483612188
1 485860770
1 658172771
2
1 260838532
1 864041243
1 738197294
1 536457708
2
2
2
2
2
1 574749003
2
1 723515609
2
1 134693361
2
2
1 583670817
2
2
2
2
2
1 554922693
2
1 843315072
2
2
1 430315766
2
2
1 781053198
2
1 551912132
2
2
1 679857547
2
1 359983781
2
2
2
2
2
2
1 578680468
1 54605303
1 429863984
2
1 711405378
2
2
1 473466268
2
1 977143707
2
2
2
2
2
1 939212643
1 842597441
1 923803062
2
1 229337794
1 794497511
1 343938563
1 681363601
1 585939358
1 765693311
1 846915664
2
1 861686914
2
1 532728588
2
2
1 743364972
2
2
1 926332675
2
1 253750998
1 895494223
1 252908598
2
1 658551250
2
1 683213697
1 921842671
2
2
2
2
1 218780175
2
1 603989175
2
1 511574591
2
1 591805953
2
2
2
2
1 550525312
2
1 134763088
1 714447083
2
2
1 770716793
2
1 974126752
1 242392381
2
1 882977160
2
1 900829606
2
2
2
2
1 946553028
2
1 661217951
2
1 72347049
1 488036084
2
2
2
1 789018313
2
2
2
1 30983541
1 73062869
2
1 836251001
1 561169651
1 323616360
2
1 692687494
1 156023982
2
2
2
1 60191057
1 701438706
2
1 23871512
2
1 259836007
1 886578161
1 756865792
1 653729225
1 534853559
2
2
1 535892420
1 136091765
2
2
1 338651436
2
2
1 244211322
1 818698674
1 456143503
2
2
2
1 732202268
2
1 743211671
2
2
1 758056171
2
2
2
2
1 222161589
1 639727900
1 752343040
2
1 714359433
1 513663787
1 401192673
2
1 227431534
2
2
2
2
2
2
2
2
1 951929445
1 267686852
1 807074834
1 641497253
1 886525840
2
1 355917903
1 882456857
1 23223534
1 770809280
2
1 725742540
1 437942316
2
2
1 973739954
2
1 451702440
2
2
1 20682014
2
1 642840981
2
2
1 526612504
1 147630007
2
1 158860050
1 302533117
1 667540117
1 716370638
2
1 526761845
1 858183496
2
1 873538363
1 280413784
1 26213593
2
1 708419399
1 302272167
2
2
2
1 942478430
1 756130896
2
2
1 788001701
1 645378367
2
1 85077000
1 915420285
1 672752307
1 880964466
2
1 612943153
1 626613470
1 54208830
1 96777503
1 244932964
2
1 396272870
2
2
1 192970635
2
2
1 946227607
2
2
1 131013075
2
1 160256612
2
2
1 289073409
2
1 96450060
1 297160358
2
2
1 810180105
1 545052661
1 318008529
2
1 334671005
2
2
1 848407678
2
2
1 247960526
1 141673960
1 457949626
1 770338560
2
1 806246014
2
1 243159292
1 649245829
1 928874434
2
1 735413925
2
1 548115278
1 284002716
1 534439578
1 83181463
1 82716354
2
1 457354011
1 967124668
2
1 959079796
1 934310016
2
1 963947049
2
1 87639457
1 753896907
1 782691874
1 810101983
2
2
2
2
1 74763340
2
2
2
2
1 215948712
1 533502930
1 402038471
2
2
1 886338803
1 128721007
2
1 37081293
2
2
2
2
2
2
1 660369863
1 407221408
1 782127369
2
2
1 751001875
2
1 429309859
2
2
1 688862255
1 871191481
1 594868216
2
1 191050810
2
2
1 392625798
1 757210085
2
1 772201583
1 919594486
2
1 871360988
1 823912083
2
1 231175413
2
2
2
1 245704098
1 806112436
2
2
1 551163638
2
2
2
2
2
2
1 518654701
1 245118823
2
2
2
1 373118730
2
1 959585366
1 139534597
1 659354354
1 177486306
2
2
2
2
2
1 522631657
2
2
2
1 542795637
1 171912033
2
2
1 679337156
1 229233157
1 81387087
2
2
1 419656688
2
1 641787579
2
1 954583158
1 346546976
2
2
2
1 104607369
1 941687406
1 115002423
1 753467896
1 836160209
1 325365937
1 245449341
2
1 327068766
1 539587128
2
1 499939830
2
1 915120830
2
2
2
2
1 135789822
1 771317312
1 977235993
1 865894457
2
1 587074007
1 876624365
1 971685978
2
2
2
2
2
1 257534455
2
1 685726756
2
1 591463478
1 440094203
2
2
2
1 719987004
1 12459362
2
2
1 617232944
2
1 410087680
2
1 987262891
2
2
2
1 623303600
2
1 513039471
1 664572154
2
1 486874595
2
1 5199661
2
2
2
2
2
2
1 283955725
1 106878575
2
1 247876154
1 589237529
2
1 454537722
1 994298104
1 829066403
2
2
1 803070862
1 621320121
1 35151592
2
2
2
1 726913970
1 515014981
2
2
1 578879021
1 963969576
1 443471862
1 509101515
1 130424356
2
2
1 536727180
2
1 192541788
2
2
2
1 38217777
1 915950269
1 22817043
2
1 912884686
2
2
2
1 319949926
1 232546467
2
2
2
2
1 571072229
2
2
2
1 936078796
2
2
1 997103066
1 217355322
2
1 101193830
1 971521971
2
2
2
2
1 114096819
2
2
2
1 301047628
2
2
1 972219457
2
1 858957765
2
1 535959927
1 314330615
1 161690927
2
1 743369813
1 509825530
1 709816158
1 611562546
1 602549248
2
2
1 824994949
1 612814433
2
2
1 87096167
2
1 298243337
2
1 112292370
1 776193071
1 978965147
1 487688149
1 337015930
1 710682467
2
2
2
1 988345404
1 243224792
2
1 471980361
1 639802786
2
2
1 384912817
1 317415240
1 644303619
1 631358709
2
2
1 880484816
1 228807984
1 499209503
2
1 588662274
2
1 831925970
2
2
1 623064588
1 121388294
2
2
2
2
1 990661528
2
1 501026235
2
1 571413837
1 491597077
1 928234468
1 772618637
2
2
1 436937459
2
1 579884673
2
2
2
1 562094647
1 694734172
2
2
2
1 804386185
1 599901174
2
2
1 628112467
1 53176198
1 202220524
2
2
2
1 154846617
2
1 104204821
2
1 487051512
2
1 901120583
1 221855902
2
1 486477446
2
2
1 537385194
1 815142551
2
1 100657302
1 629125186
2
2
2
1 536257789
2
1 158045951
1 787429827
1 362906554
2
2
2
2
2
2
2
2
2
1 861166915
1 167514414
2
2
2
2
1 919752535
1 847417565
2
2
1 236874902
2
1 457697018
1 771396941
1 617610008
2
1 819882663
1 685636556
2
1 252582201
1 973610959
2
1 861204550
1 409856425
1 900552949
1 705047216
2
2
1 184071402
1 66156051
2
1 860587894
2
2
1 145248475
2
2
2
2
1 972779351
2
1 713581865
1 144454214
1 388657312
2
2
2
1 817989567
2
2
2
1 421066779
2
1 872278186
1 282131209
2
2
2
1 233230136
1 948544512
2
2
2
2
2
2
2
1 543170264
2
2
2
2
1 82765956
2
2
1 341124893
2
1 904057375
2
2
1 492380396
1 834781934
1 392088656
1 702975258
1 420349186
1 63560694
1 568186749
1 61661412
2
2
1 716049951
1 242549683
2
1 677280988
1 861645815
1 44380990
2
1 895229563
2
1 120490016
2
1 477002949
1 315843857
2
1 363098477
2
1 493193469
2
2
2
2
1 707517620
2
2
2
1 516041297
2
1 478105925
1 953737465
2
2
1 187717438
2
2
2
1 732550676
2
2
2
2
1 422069297
2
2
1 283934092
1 670454328
1 419188788
2
1 628948975
2
1 101410722
1 846051129
1 534740426
2
1 345340515
1 357693587
2
2
2
1 334891811
1 84934092
2
2
2
2
2
1 253432008
1 875524643
2
1 71279939
2
2
2
1 987637499
1 885901771
2
2
1 838686658
2
1 527330302
2
1 823958706
1 210612202
2
1 281384924
1 953184446
2
1 830254431
2
2
2
1 935494198
2
2
1 577862810
2
1 139607311
2
2
1 989319926
2
2
1 677869873
2
2
2
1 470398853
1 8540490
1 63569772
2
1 394307842
1 974683234
1 632909279
2
2
1 649255328
1 711468825
2
1 970972718
2
2
2
2
2
2
2
1 646822302
1 142288267
2
1 328329074
1 994117483
2
2
1 777187561
1 767307618
2
2
1 980156937
2
2
2
2
1 901842972
1 681729045
1 185910822
2
2
2
1 440918798
2
2
2
2
2
1 809676536
1 472488711
2
2
1 250990755
1 133315252
2
1 634679601
2
2
2
1 783339873
1 542172215
2
2
1 49275213
1 311144378
1 751750879
1 761910518
1 996081545
1 392528884
2
2
2
2
2
2
2
2
1 320058080
1 427246299
1 335098663
1 585561078
1 288182553
2
2
2
1 930280502
2
1 614510954
1 932411982
1 644107388
1 602759645
2
2
1 452098378
2
1 88342432
2
2
2
2
1 298590677
2
1 962296725
2
1 636913713
2
2
1 397056899
2
2
2
1 880609812
1 86914140
1 715984735
2
2
2
2
2
2
2
1 549882424
1 16051832
1 815668327
2
1 557985095
2
1 532754403
2
1 996927582
1 124979553
2
1 290477104
2
1 347360419
2
1 67883092
1 977503177
2
2
1 124235408
1 985947915
2
1 6496591
2
1 709426527
1 745820624
1 514418430
1 853545910
1 375109324
2
1 420040479
1 183038336
1 942178063
1 13735249
1 185219816
2
2
2
2
2
1 621715506
1 619915017
1 531695656
2
2
2
1 162833073
1 211508635
2
1 971831147
1 328116404
2
2
1 231065271
1 408539570
2
1 526584611
2
2
1 457337331
1 821990830
2
1 642893848
1 209806799
2
2
2
1 788886428
2
2
2
1 765267571
2
1 541453955
2
2
2
2
2
1 224401540
1 946264348
1 729461561
2
2
2
2
1 262519307
1 791957532
1 133332907
1 734581472
1 635160206
1 292187942
1 163408211
2
2
1 613651169
1 82899162
2
1 567638107
2
2
2
1 258852593
1 51933224
1 321078045
2
1 655349631
1 85652265
1 391915993
2
1 49500466
2
1 330099885
2
2
1 345553859
2
1 270078073
2
1 915907976
2
2
2
1 699814136
1 264755215
1 740964889
2
1 762151906
2
1 967374218
1 8595477
1 295247565
2
1 306368024
2
2
2
1 165405313
1 412406080
1 796297905
2
2
2
1 71362773
1 908356707
1 554592941
1 449195193
2
2
1 608626055
1 14678073
2
1 293818712
1 428157987
2
2
2
2
2
2
1 164633498
2
2
1 19004899
1 871869412
1 472596752
2
1 703526421
1 181185776
1 916923875
1 385828789
2
2
2
1 487139699
2
1 119977152
2
1 342153186
2
1 401923563
1 768235058
2
1 990236027
2
1 732823269
1 708464542
2
1 596109651
2
2
2
2
2
1 303103750
2
2
1 109724950
2
1 310484577
1 181619269
2
2
2
2
2
2
1 779491848
1 294164956
1 518308097
2
2
1 664242644
1 961073199
2
1 964309790
2
1 741563350
2
2
1 438245916
2
1 138600641
2
2
2
1 90115213
2
1 971394991
1 745849703
2
2
1 647489175
2
2
1 735382553
1 191830887
2
1 259654464
2
1 335376739
2
1 153626839
1 16964191
2
1 748987128
1 447464520
2
2
2
1 785887635
2
1 563812694
1 940178
1 476397212
2
2
2
1 64547322
1 815321699
1 925352614
2
2
1 26396683
2
2
2
2
1 965860293
2
1 282402229
1 733164901
2
2
2
2
2
2
2
1 344245122
1 713563438
1 134012796
1 161575458
2
1 811372026
2
1 116487984
1 534283461
2
2
2
1 591812049
1 942404651
1 859096676
1 138492959
2
2
1 402174858
2
1 51381311
2
2
2
2
2
2
1 526045282
2
1 239830449
2
2
1 714723897
2
2
1 275753474
2
1 248150760
2
1 35128149
2
1 475633756
1 679662414
1 819394087
2
1 798976557
2
2
1 568712490
2
1 659863099
2
1 85731541
1 472466561
2
2
2
2
1 273595327
1 800429289
2
2
2
1 498075587
2
1 435506093
2
2
2
1 45639821
1 157425418
1 264684188
1 320109157
1 131066411
2
2
2
1 508152544
2
1 220299645
1 884309241
1 408077591
1 267594151
1 374746157
2
2
1 578220184
1 752458760
2
1 103213931
1 470811135
2
1 740102590
2
2
1 315705792
1 936173048
1 713170978
2
1 41147007
1 248180846
2
1 259448330
2
1 928717035
1 220183142
2
1 713546576
1 578316186
1 980293154
2
2
1 262834435
2
1 568894942
2
1 137763340
2
1 761168465
2
1 333271669
2
2
2
2
2
2
2
2
1 827609838
1 501737837
1 645283712
1 410792954
1 877286752
1 2045284
1 294237803
2
2
1 681011012
2
2
2
2
1 767792547
1 60011749
2
1 533191308
1 53949321
2
2
1 874750583
2
1 873558860
1 933378575
1 862975300
1 666295175
2
2
2
1 6781993
1 330580523
2
1 924386874
2
1 898764905
1 360855949
1 823301394
1 554680271
2
1 413873946
1 603502859
2
1 643090815
1 715872617
2
1 851152673
1 741487865
1 314277525
1 12659811
2
1 199348261
1 222855105
1 557151484
2
2
2
1 489847564
1 998855001
1 315941804
2
1 802349352
1 873266508
2
1 310112179
1 554441766
1 727381356
1 596044059
2
1 712195723
1 788102425
2
2
2
1 907556130
1 208214208
2
1 402948239
2
1 211220115
1 348233457
1 791215434
2
1 375408825
2
2
2
1 547813382
2
1 57687408
1 700505177
1 919280845
2
1 970966818
2
2
1 69168898
1 338766306
2
1 571301526
1 418800368
2
2
2
1 835741540
1 285610538
1 459064956
1 845463044
1 340638120
1 398070698
1 384833668
2
1 342521150
2
1 784238248
1 390096597
1 749712916
2
1 473474711
1 839078405
2
2
2
2
1 397056398
1 204887548
2
1 906246130
2
1 115921189
1 62662948
2
1 62444633
2
2
1 299600228
2
2
1 656261236
1 208384785
1 501260020
2
2
1 68555328
2
1 868227851
2
2
1 427642973
2
2
1 311392106
2
1 975502156
1 437730205
1 190011975
1 442568758
2
1 148276911
1 41008973
1 753799782
2
2
1 496857898
1 699360661
2
1 138260463
2
2
2
1 229746585
1 873575000
2
2
2
1 77710856
1 576638909
2
2
2
2
1 29554208
1 834439936
2
1 12703605
2
1 754940634
2
2
2
2
1 210817895
2
2
2
2
2
1 476050326
1 66267314
2
2
2
2
2
2
1 69198881
2
2
1 953662279
2
1 153534133
1 888234569
2
2
1 821446312
1 259618174
1 732212157
2
2
2
1 796314892
2
2
2
1 652143009
1 542870146
2
1 756228618
1 679292790
1 704615909
2
1 634440014
2
2
1 996175274
2
1 455260204
1 262532360
1 609196564
1 225511280
2
1 869435709
1 308150032
1 112086038
1 418825827
1 654872722
1 731146390
1 528650073
1 825931738
1 828016597
1 254665095
2
2
1 834365632
2
1 132048522
2
1 698636189
1 935396614
2
1 144133387
1 342023260
2
1 547193164
1 943765167
2
2
2
2
1 704401726
1 852103349
1 201986275
2
2
1 327170327
1 661066648
2
1 893133175
1 460769963
1 223059773
2
1 263575482
1 188959447
2
2
2
1 54722120
2
1 288018856
2
1 795781688
1 567467104
2
2
1 272440357
1 80482342
1 7082690
1 205067574
2
2
2
1 566421351
1 575614750
1 306638214
1 254237302
2
2
2
1 979503270
2
2
1 1107662
1 550989402
2
2
1 621858367
1 428558795
2
1 594606955
1 237164566
1 591145834
2
1 545973981
1 172779503
2
2
1 65688340
2
2
2
1 299549838
2
1 909112054
2
1 511931679
2
2
2
2
2
1 698060907
1 425572832
2
1 811041055
2
1 825117560
1 797403741
1 626163660
2
2
1 304047614
2
2
2
2
2
2
2
2
2
2
1 336212749
2
2
1 923645908
2
1 311772264
2
2
1 191954665
2
1 116867980
2
2
1 967063389
1 34749818
1 215708195
2
2
1 282465046
1 90320381
2
1 365464409
1 223438483
2
1 939017925
1 93942420
1 336034362
2
1 883306383
1 876118109
1 456558325
1 753089849
1 119243068
1 23428719
1 495806182
2
2
2
1 197020545
1 302669600
2
2
2
1 974254539
1 672172890
2
1 331684267
2
2
1 260106149
1 392525984
2
1 74912174
1 116501436
2
1 612298020
2
2
1 597353668
1 225644342
2
2
2
1 820760940
1 481462640
2
2
2
2
2
2
2
2
2
1 582432500
1 390484301
1 935616717
1 985725888
1 801388764
2
2
1 616222646
1 191153198
2
2
2
1 716868621
2
2
1 983987178
2
2
2
1 484126270
2
1 916482352
1 626495205
1 920078160
2
2
2
2
2
1 925125826
2
1 482132965
2
1 587169551
1 567004092
1 367664293
1 929397892
2
1 709487447
1 577997429
1 552175338
2
2
1 200732528
2
2
2
2
2
2
2
1 838335361
1 41664971
2
2
1 953503290
1 201174588
1 305203036
2
1 72954614
1 435454118
1 180336543
1 238708083
2
2
1 266060922
2
2
1 252955343
2
1 239325474
1 1082376
1 71433317
2
1 481970174
1 370678970
1 545405902
2
1 387585800
1 984405507
1 263793730
2
2
1 504887922
2
1 371251250
2
1 510171693
1 576230209
1 453498548
1 865268668
1 516326484
2
1 792816961
1 687673238
2
1 973672088
2
1 424919731
1 736086867
1 23272688
2
2
2
1 309999392
1 412949468
2
1 327842226
2
1 460921643
1 591970532
1 738611397
2
2
2
2
1 756838017
2
1 650117414
1 851479316
2
1 104761246
2
2
1 960276828
2
1 483393846
2
2
2
1 662170545
2
2
2
1 864653336
2
1 674373269
2
2
2
1 200235115
2
2
1 993132547
2
2
1 657975042
2
2
1 241205048
2
2
1 391018310
1 62960930
2
2
1 831034435
2
1 72044131
1 320716704
1 323208438
2
1 520056045
2
1 484895746
1 752921714
2
1 258735632
2
2
1 177185276
1 649765968
2
2
1 601461229
1 208038115
1 344448421
1 778277967
2
1 819751745
2
2
1 218473374
2
1 702964765
2
2
2
1 629771934
1 986037430
2
2
2
1 139707937
1 821075321
1 277801411
1 185158920
1 585624538
2
2
2
1 974061050
2
1 180615334
2
2
2
2
1 711020848
2
1 225058886
2
2
1 487468628
1 12878423
1 471106959
2
1 84999214
1 965552191
1 118490511
2
2
2
1 655405330
1 432661438
1 68852278
1 2753751
1 637935863
1 762502944
2
2
1 637601111
2
2
2
2
1 300470161
1 632064838
1 812104288
2
2
1 495369582
2
1 98965238
1 160207437
1 94587241
1 922515923
1 15211327
1 194580758
1 212939745
1 303873744
1 359914817
2
2
2
2
1 566911186
2
1 904510237
2
1 531454092
1 734192824
2
2
2
1 341036445
2
2
2
2
2
1 459585000
2
2
2
1 485425154
1 976622680
2
1 22214148
2
2
1 947187427
2
2
2
1 730406122
1 398544907
2
2
1 683511901
2
2
1 29504306
2
2
1 905421482
2
2
2
1 73256911
1 798811468
1 358894675
1 637072090
1 921334540
2
2
1 786249838
2
2
1 694393285
1 195082181
2
2
2
2
1 790901243
2
1 524223664
1 515309244
1 405811373
2
1 166520642
2
1 914664673
2
2
2
1 156008915
1 465458052
1 336189431
2
1 177437118
2
2
2
2
1 658266419
2
2
2
2
2
2
2
1 598746468
2
1 646480590
2
1 171795347
2
1 287903237
1 243596320
2
1 115304444
2
1 254513988
2
1 780152765
1 186815399
1 484113339
1 240761142
2
2
2
2
1 146581928
1 477400083
1 531190684
1 685258266
2
1 388719024
1 949780382
2
2
1 824407346
2
1 564994574
1 158463854
1 594009268
2
2
1 875006016
2
2
1 914789470
1 254726655
2
1 464216289
1 296956802
1 845938726
2
1 580498794
2
2
2
2
2
2
1 984704112
1 672427770
1 102528140
1 934138099
1 501502841
2
1 688044459
1 746457379
2
2
1 11964701
2
1 843893627
2
1 171561614
1 27215860
2
1 193059617
2
2
1 707518077
1 347565306
2
2
1 986560280
1 388436391
1 107182599
2
1 514738003
1 811842523
2
1 491606820
2
1 725293792
2
2
1 359554988
2
2
2
2
1 592131088
1 492618970
1 927985641
2
1 271164523
2
1 673377869
2
1 801600761
2
2
2
2
1 504352808
2
2
2
1 920332413
2
2
2
2
1 619769782
2
1 578603197
1 854080357
2
2
1 928580631
1 588093264
2
1 884037973
1 901964615
2
1 45255773
1 19337341
2
2
1 656298883
2
1 119001131
2
1 9893049
2
2
1 753648739
1 634213058
2
2
1 528035599
2
1 68973547
2
2
2
2
1 150904392
2
2
1 188980968
1 713980159
1 71731619
1 909228980
1 130857917
2
1 225922675
1 985212335
2
1 658239366
1 681474927
2
1 801744852
1 249366091
1 851790464
1 108216330
2
2
2
2
1 174623017
1 465141876
2
1 741698775
1 661165392
2
2
2
1 36176784
2
2
1 826003131
2
1 618509345
2
2
1 606778605
2
1 701996511
2
1 526861007
2
1 346715418
1 209621933
2
2
2
1 559515059
2
1 186748932
1 667417571
1 653311520
1 187587426
2
1 925937896
2
2
1 853921233
1 847974002
1 147625931
2
1 827946139
2
1 674292198
1 868674304
1 382831814
1 848166656
1 639894026
1 728797031
2
1 119165201
2
2
1 117486620
1 612425937
1 316583712
1 712380951
1 367231047
1 541105469
2
2
2
1 776718346
1 182650030
2
1 77929224
1 822441776
2
1 662132370
2
1 371876831
1 556516014
1 428615863
2
2
2
2
2
2
2
1 660037446
2
1 794265727
1 647708125
2
2
2
1 615596821
2
1 778892873
1 646257497
1 347914957
1 936823227
1 57472380
1 637367729
2
2
2
1 651126866
2
2
2
1 710681161
1 882668440
1 729450346
2
2
2
1 934229714
2
2
2
2
1 406303932
2
2
1 361218084
1 116537446
1 942253810
2
1 177890538
1 651804733
2
2
1 769194908
2
2
1 12392034
2
1 134361491
1 202592430
1 434206109
1 360201716
1 768652024
1 694812642
1 305593029
2
2
2
2
2
1 153954172
2
2
2
1 675276935
1 215038174
1 551600356
2
1 202084059
2
2
2
2
2
1 606045309
2
2
1 455276748
1 54427834
1 780758517
1 348240794
2
2
1 286421973
1 931185491
1 799804315
1 641629078
1 46386891
1 825750259
2
2
1 551816784
2
2
2
1 547677123
1 141604314
1 352400970
1 463248789
1 19655271
2
1 715383832
2
1 52053678
1 672781530
1 404865394
1 875611929
1 735514457
2
2
1 353961771
1 335222474
2
1 744342135
1 428345483
2
1 465565950
1 147379604
1 60302796
1 262539176
2
1 674512376
2
1 672107924
1 441031544
2
2
1 600481137
1 681638254
1 585041850
2
1 782197856
2
2
1 712072810
1 18196691
1 279107263
1 278856135
2
2
2
1 664558940
2
1 540085392
2
1 313795343
2
2
1 597035494
1 567711881
1 253301309
1 903379713
2
2
1 754106466
1 606714064
2
1 197184731
1 866587760
1 577199006
1 406192530
2
2
2
1 816751242
2
2
2
2
1 518850056
1 988856362
1 476796658
1 665790074
1 367112368
1 90542166
1 637389973
2
2
2
2
2
1 910172501
2
1 478300225
1 904425299
2
1 654738082
1 774355781
2
2
1 308231115
1 177729364
2
1 311187696
1 89642912
2
2
2
1 684742534
2
2
1 31836342
2
2
1 533103336
2
2
1 297539858
2
1 486053954
1 449158714
2
1 9779410
2
2
2
2
2
1 251065601
2
2
2
1 689139759
1 967657738
1 652411384
1 215725985
1 603893649
2
1 20846439
1 876549548
2
2
1 736628688
1 999155360
2
1 390160159
2
2
1 555229022
1 373097856
1 852498817
2
2
2
1 875431712
2
1 723099647
2
1 716600188
2
1 550433188
1 392287492
1 349038047
1 395110518
1 681977597
2
2
2
2
1 524398084
2
2
1 38190919
1 703024357
2
1 305271692
2
2
2
2
2
1 87651116
2
2
1 506596127
2
1 267020484
2
1 596408891
1 896624480
1 781468619
1 820620115
1 873885817
2
2
1 883712433
2
2
2
1 943813418
2
2
2
1 617568138
1 379632989
2
2
1 713809070
1 855283343
1 382785297
2
1 341536535
2
1 613721302
2
1 743877572
1 738014637
1 542095804
2
2
2
2
1 893518172
2
2
1 468072451
2
1 926059791
1 643357541
2
1 118031573
1 662784876
1 871899966
2
1 655769756
1 60198929
2
2
1 828471802
2
2
2
2
2
1 98406769
2
1 499065236
2
1 664981840
2
1 678110487
1 648096037
1 385593324
2
1 611070623
1 428216828
2
1 199451218
2
2
1 191164042
1 223959825
2
2
2
1 296199825
1 496131081
2
1 553973440
1 444700247
1 331620848
2
1 237933145
2
2
1 630798165
1 774388088
2
2
1 943397522
2
2
2
2
1 519746842
2
1 44446115
2
2
2
1 951026163
2
1 140338108
1 365753078
1 164781788
1 834293099
2
2
1 987839765
1 374167689
2
2
1 773049868
1 690878863
1 14449587
2
2
2
2
1 353407348
1 752963124
1 10979424
2
1 785606831
2
2
1 341271648
2
1 881928354
2
2
1 990545573
2
2
2
1 396864954
1 358969371
1 453917795
2
1 3876917
1 707144269
2
1 609905877
1 773164479
1 749589840
2
1 869167496
1 671116336
1 448855587
2
1 913502244
1 666583554
2
1 666308693
2
1 908672603
1 207133031
2
2
1 103748696
1 509327011
1 751900203
2
2
2
2
2
1 18761937
1 5712257
2
1 93491213
1 912737242
2
2
1 109957024
2
1 233231680
1 720113700
2
2
2
2
2
2
1 507120597
1 308642860
2
1 921874967
2
2
2
2
1 751986900
2
1 619282939
2
1 481341888
2
1 204994576
1 679275392
2
2
1 152832157
1 494751069
2
1 159735774
1 726681037
1 49117395
1 747749627
1 416595624
1 42546731
2
2
1 455279785
2
2
2
2
1 290370823
2
1 762213682
1 172868901
2
1 41473916
1 785415119
1 15775752
1 282429124
1 689788252
1 85836967
2
2
1 976403423
2
1 971050221
1 670518168
1 950729990
1 264290367
1 641357463
2
2
1 398778345
2
1 888761021
1 648071915
2
1 369525320
1 164292441
2
2
2
1 276045274
1 302738537
2
2
1 594267707
2
2
1 384983312
1 410352137
2
2
2
2
2
2
2
1 645180868
2
1 139352999
2
2
1 773097408
2
1 459206522
2
2
2
1 250400965
2
2
2
1 292379093
1 26444342
2
1 732810998
2
1 835022857
1 146560939
2
1 180141465
2
1 310974804
2
2
1 909541382
1 86641605
2
1 668173509
2
2
1 361027327
1 927416088
2
1 928562452
1 251731011
1 226380560
1 131050357
1 817275393
1 723085906
1 535027785
2
2
1 118399979
2
2
1 45187707
2
1 491054282
1 457327565
2
2
1 925122445
2
1 962120804
1 572354551
2
2
1 909365996
2
1 971618667
1 990280738
1 220208752
1 117796422
2
1 783122636
1 958155163
2
1 734612821
1 995827351
1 296469486
1 953750059
2
1 517243260
2
2
1 714479819
1 394936364
2
2
1 213117478
1 542491237
2
2
1 961779916
1 822530677
2
2
2
1 765902444
2
1 609661197
2
1 369983190
2
1 212918969
2
1 737196680
1 886832997
2
1 680936505
1 246111597
2
1 252683403
1 977630573
2
2
1 326960765
2
1 358124351
1 419356347
1 802163908
2
1 257682640
2
2
1 752517215
2
1 916229455
2
2
2
1 804953094
1 376516607
1 397742252
1 261034599
1 133421662
2
2
1 12068899
2
2
1 267715338
1 160965236
2
1 810746040
1 267470280
2
1 422574680
1 102941754
2
1 416957856
2
2
1 685896148
2
1 650984873
1 267424772
2
2
2
1 955115159
1 490182006
2
2
2
2
2
1 569810384
1 879301260
1 434841323
1 496289368
1 891546739
2
1 685813587
1 198924872
1 98885499
2
1 481383029
2
2
2
2
1 838720430
2
2
2
1 543237656
2
2
2
1 305080106
1 120182836
2
1 704350448
1 62098352
1 545331744
1 759714870
1 867498325
1 542876282
2
2
2
2
1 378472202
1 422937208
1 671908309
2
2
2
2
2
1 220462140
1 646206786
2
2
1 392862408
2
1 874059759
1 36457571
1 466867991
2
1 188720245
1 728833444
2
1 120864598
1 126950123
2
1 148977017
1 562666435
2
1 883726164
1 790431191
1 772440224
1 513214265
1 300285853
2
2
1 313946965
1 440470334
1 245793250
1 452951925
2
2
2
2
1 578742467
2
2
1 442012914
1 985354726
2
2
1 251092287
2
1 673989949
2
1 886141211
2
2
1 293980838
1 886144076
1 160415955
1 437872963
1 2932798
1 119989553
2
2
1 311250196
2
2
1 251102066
2
2
2
1 598510845
1 580966024
2
1 817554741
1 707326728
2
2
2
2
2
1 288500590
1 807754869
1 209640626
2
1 102271956
1 696853891
2
1 704195060
2
1 321011690
1 394763952
1 625153842
2
2
1 619252004
1 417019056
2
2
2
1 713948619
1 45537588
1 687105907
2
2
2
2
2
1 487836391
1 743081740
2
2
1 815693204
2
1 536848162
1 52813653
1 343856597
2
2
2
1 739324940
2
1 409405687
1 613917498
1 961225335
2
2
2
2
1 528335400
2
2
2
1 740540288
1 447693335
1 538170072
2
2
2
2
2
1 659151443
1 591313386
1 965365139
1 981342713
2
1 999147131
2
2
2
2
1 626630347
2
2
2
2
2
2
2
2
1 721380542
2
2
2
1 491971866
1 789977413
1 253828399
2
2
1 196083124
2
2
2
2
1 52002734
1 893122692
1 867322388
2
2
2
2
1 461089731
1 750210352
1 669660132
1 993756571
2
1 829658430
1 210369491
1 347351681
1 110834153
1 426497941
1 292059528
1 537207939
2
1 461454031
2
1 265359614
1 204984691
1 157367107
1 458014411
1 148165247
1 857167977
2
2
2
1 882503318
2
1 750406313
2
1 669931334
1 245441545
2
2
1 454946833
2
2
1 206377921
1 918584646
1 355555884
2
1 492649119
2
2
2
1 494991837
1 200634150
2
1 474898604
2
2
2
2
1 343530572
1 518893389
1 760418123
2
1 630496221
1 437593792
2
1 200127873
2
1 983674281
1 587330074
2
1 342602187
1 783174817
2
1 598661775
1 508900506
2
1 583804460
2
1 804531218
2
1 420824492
2
1 761310373
2
1 206643912
1 724511234
2
1 842789528
2
1 331623983
2
2
1 259181868
1 768139562
1 12740746
2
1 771764746
1 450219058
1 523943319
1 628962115
2
2
1 369424591
2
1 472364823
2
2
2
1 947718910
2
1 279320238
2
1 923923486
2
1 904387755
1 184062746
1 157863546
1 503872086
1 13527875
1 416121405
2
1 950368914
2
1 897011186
2
1 655082104
1 981227781
1 153731545
1 532974632
1 719652177
2
2
2
2
2
2
2
1 74274775
1 933115805
1 375020191
2
2
1 198553523
1 835127237
1 268401346
2
2
2
1 762975099
1 93155712
1 931250753
1 260159595
2
1 739678785
1 731989264
2
1 250167220
2
1 990702992
2
2
2
2
2
2
2
2
2
2
1 548112578
1 260517049
1 771460230
1 268568153
1 875676560
1 695613012
2
2
2
2
2
1 716747796
1 662156988
2
2
1 10737338
1 366934273
1 245243490
1 797029652
2
2
1 363672449
1 376628847
1 789439918
2
1 150110202
1 270616964
1 878241002
1 95395797
1 43627198
2
1 476739999
1 753938611
1 417416286
1 703457782
2
2
2
2
2
2
1 192288906
2
2
1 562764126
2
2
1 281782211
2
2
1 827818163
1 866514838
2
2
2
1 958348613
1 857197978
1 184787919
1 380420123
1 283878969
2
1 792442833
2
2
2
1 669325307
1 833124010
2
1 321963986
2
2
1 351215409
1 768502495
1 960314499
2
1 963753365
1 129069321
1 912781916
1 647578907
2
1 209685368
2
1 729702344
1 432364230
2
2
2
1 319907412
1 733062009
2
2
2
2
2
1 332207498
2
1 378785099
1 442207025
1 133283903
1 611877494
1 189594156
1 452551076
2
2
2
1 233854395
1 621789939
1 130995945
1 204651710
1 963880261
2
1 897676985
1 36530572
2
2
2
2
2
1 456585678
2
1 879925530
1 131083545
1 878861753
2
2
2
1 475945852
1 146035077
2
1 315758069
1 790250382
1 605864178
2
2
2
2
2
2
1 653745493
1 531859403
1 469508545
2
2
2
1 43968434
2
2
2
1 442135610
1 850147685
2
1 735476422
2
2
2
2
2
1 737802440
1 562740246
2
1 945479730
1 340408015
2
1 173967965
2
1 696637753
1 398898555
2
2
1 710909671
2
1 120227067
2
1 173476019
1 689582031
2
2
1 634316542
2
1 263214401
2
1 132090052
2
1 736617284
2
1 502945595
1 42147843
2
1 913263045
1 130017295
2
2
1 252837138
1 411201403
2
1 20391848
2
2
2
2
2
2
2
1 727886358
2
1 341064403
2
1 417522910
1 611677511
2
2
2
1 883477042
2
1 879022318
2
2
1 837874947
2
2
2
2
2
2
2
2
1 911563692
1 420778762
2
2
1 462738542
2
1 284113417
2
2
1 579461739
2
1 666555580
2
1 595675115
1 820285783
1 497501590
2
1 494804269
2
2
1 93291478
2
1 617406545
2
1 410686079
1 211046875
2
2
1 286469686
1 970712059
2
1 10190415
2
2
2
1 319575837
1 185754171
2
2
2
2
2
1 928327419
2
1 694171321
2
1 31511626
2
2
1 295555126
1 669654334
2
1 504232364
2
2
2
2
2
2
2
1 282297750
2
1 537868096
1 394485776
2
1 433133989
2
2
1 861147209
1 463298292
2
1 942915464
1 373977598
1 882738485
1 296208493
1 890420417
1 172588435
2
1 298528387
1 186568847
1 684001512
2
2
1 717739916
1 182356404
1 736378357
2
1 308040421
2
2
1 177761044
2
1 994914584
1 931595403
1 10036312
1 993424042
1 278724862
2
2
2
1 922604522
2
2
2
1 248926836
1 112664612
2
1 717649025
2
1 692635239
1 113627709
1 834368797
1 361497452
1 812190958
2
1 468607815
1 465656875
2
1 963916132
2
2
1 30649675
1 859474442
2
2
1 514271405
2
2
2
1 703723354
1 16622488
1 137068881
2
1 260518936
2
1 384786947
2
1 802987241
1 567760159
2
1 194812762
2
2
2
1 728961872
2
1 96834883
1 585091711
1 549354733
1 856860148
2
1 909066054
1 721216249
2
1 923423628
1 452625509
1 54578062
1 202455263
2
1 528802220
1 904384972
1 275207925
2
1 902975979
1 578848802
2
2
1 164810715
1 461164847
2
1 242815055
2
1 774084991
1 250402520
2
1 52682883
1 41728359
1 198247512
1 385938136
2
1 153476597
1 663405283
2
2
2
2
2
1 578606682
2
1 155151844
1 572641005
2
2
1 617704782
2
1 152869099
2
2
2
1 388002215
2
1 644659647
2
2
2
2
1 355343446
1 423577783
2
1 358323865
2
2
1 5135376
1 902928354
2
1 699566813
2
1 160187700
1 349099858
2
1 42808404
1 259734120
1 641180391
1 263231820
2
2
1 109623707
1 517071215
2
2
2
2
2
1 579016211
1 348372105
2
2
1 61864179
1 903475060
2
2
1 555069084
1 706912584
1 32589255
1 90376400
1 2808203
1 141170818
1 53793666
2
1 702548603
1 317149732
1 456360541
1 294429827
2
1 930244869
1 39131214
1 111793323
1 603903849
1 999018576
1 343868278
1 591684347
2
1 411242512
2
2
1 834354570
1 880080518
2
2
2
2
2
1 882647171
1 693692846
1 414330911
2
1 408709883
1 678190882
1 556864777
1 479984316
1 681272202
2
1 430312289
2
2
2
2
2
1 497511751
1 286857915
2
1 413497643
2
1 413717550
2
1 325909650
1 280308541
1 835253255
2
2
2
2
2
2
1 803067553
2
1 792596610
2
1 335747674
1 341400023
1 869767436
2
2
1 596188235
1 152974555
2
2
2
2
1 921763169
1 238161395
2
1 142070841
1 736365313
1 375532719
1 356700591
2
1 460799576
2
2
2
2
1 281305530
2
1 886650897
2
1 102135998
1 455290999
1 566320748
2
2
2
1 605650182
2
1 723678342
2
1 320683295
2
1 793782475
1 714472596
2
1 188591009
1 599080362
1 70961251
1 374846990
1 425027549
1 578968652
1 711209452
2
1 672308445
2
1 898515987
2
2
1 775381618
2
2
1 951235397
2
2
2
2
1 969648407
1 667248005
1 869513151
1 122810585
1 61119043
2
2
1 675725268
2
1 127926933
2
2
1 762100314
2
1 208336773
2
1 176668433
1 483790248
1 987378101
1 517390257
1 139193755
1 149118780
2
2
1 816572561
1 105259222
2
1 242814992
1 497042909
1 33139280
1 122177948
1 361991541
1 919837122
1 880048734
1 125264209
1 416749358
1 114003965
2
2
1 163940608
1 751897255
1 833959651
1 375664437
2
1 916724428
2
1 314175837
1 796609426
2
1 767244023
1 746165345
2
1 828978293
1 645427022
1 624853197
1 236945774
2
2
2
2
1 190798343
2
2
1 833615169
2
2
2
2
1 551095454
1 898294622
2
2
1 912929269
2
2
2
2
2
1 754268005
1 966784458
1 162991730
1 933178732
2
2
1 450407406
1 815263733
1 22747581
2
2
2
1 307785745
1 361918349
2
2
1 931460305
1 172066500
2
1 42643230
2
1 925602727
2
1 683528096
2
2
2
2
1 344918596
1 640379157
1 357164432
2
1 111198014
2
2
2
1 300370398
1 373763001
1 948538502
1 722461862
2
2
1 733944373
2
1 122747538
2
1 446466279
2
1 116230140
2
1 982980424
1 494553912
2
1 125944859
2
1 35878904
2
1 175080123
2
2
2
2
1 330827787
2
1 244606745
2
1 735318730
1 314354983
1 829739961
2
2
2
2
2
2
2
1 297259257
2
2
1 692424153
2
1 89979899
2
1 594331864
2
1 691205031
1 233676727
1 921440621
2
2
2
1 800924355
2
2
2
1 738567941
1 432942320
1 660455508
1 776493977
1 777293158
1 6638648
2
1 916103711
1 392923879
2
2
1 636175594
1 424685260
2
1 647134916
1 128646264
2
1 712932537
1 135047903
1 96854404
1 542447509
1 775036738
2
1 402069549
1 832596172
1 801659713
2
2
2
2
1 365802921
1 350540603
1 93802730
1 199302054
2
1 98659834
1 306747577
1 520747260
1 763350435
1 684937228
2
1 71807116
1 864024168
1 873279442
2
1 688061550
1 517921676
2
2
2
1 570658141
1 512370778
1 229874068
2
1 20541554
2
1 562784452
1 643263288
1 593615113
2
1 788876058
1 891341016
1 968153754
2
2
1 338098408
2
2
2
1 519727073
2
1 112149176
2
1 43001117
2
2
1 728608773
2
1 812733586
2
1 757742298
1 136178977
1 982940581
2
1 9208854
1 148990939
1 43740661
2
1 204040080
2
2
2
1 735132781
2
1 721241621
2
1 130019987
2
2
2
1 17448723
2
1 989516826
2
1 811146060
1 90466451
1 605777037
1 282798829
1 757487556
1 796734838
1 229074749
2
1 726158710
1 158512721
1 148106172
2
1 452275299
2
2
1 879271070
1 436597478
2
2
2
1 584633862
1 519904755
1 399853153
2
2
2
1 750364535
2
2
2
1 64883151
2
1 986343124
2
2
1 50196521
2
2
1 490732664
2
2
1 713440932
1 415617100
1 692798460
2
1 66744854
1 228154028
1 606254260
2
1 78293752
1 802276262
2
2
1 535938210
2
2
1 322970911
2
2
2
2
2
2
2
1 522267499
1 87262296
2
2
1 859111184
2
2
1 166209418
1 89864219
1 186107747
2
2
1 391478354
1 492343619
1 243660150
1 675885068
2
2
2
1 724383735
2
2
2
2
2
2
2
1 416733293
1 647978721
2
1 9299913
2
1 141162976
1 230737898
2
1 977429393
1 382781989
1 254548880
1 551306715
1 328077342
1 633890772
2
1 782388346
2
1 380186428
1 89105565
2
1 790340776
2
2
2
2
1 260304757
2
2
2
1 626619113
1 208086560
2
1 821442675
1 306815178
1 707840933
1 140084941
1 990149528
2
1 228933498
2
2
1 539330921
1 301532857
1 740488483
1 633029616
2
2
1 267048002
2
2
2
1 343545560
2
2
2
2
1 70828770
1 993947074
2
2
1 358980146
2
2
1 318181190
2
2
2
2
1 673329813
2
1 82021403
2
2
1 670108455
1 379142598
1 891090359
2
2
2
2
2
1 632638141
2
2
1 199792971
2
2
2
1 806338041
2
1 278799444
2
2
2
1 152096664
2
1 5731919
1 300256901
1 42970011
2
1 327852811
1 609167985
2
2
2
1 50689697
2
2
2
1 489490267
2
2
1 312761190
1 702527108
2
1 593104759
2
1 264759361
1 341707747
2
2
2
2
2
2
1 207014987
2
2
1 871886740
1 766541074
2
1 404599395
2
2
2
1 686196419
1 881566247
1 60484867
2
1 476178646
1 837951796
1 501462640
2
1 770707729
1 552498365
2
1 934155443
1 902309430
2
1 486885775
2
1 395099586
1 313075785
2
2
1 575843944
2
2
2
2
1 250323170
1 404635715
2
1 81198528
2
1 197903798
1 541326749
1 79232223
2
2
1 782124424
1 634571151
2
2
1 109693100
2
1 382547820
1 523945373
2
1 285259644
1 486243586
1 282661332
2
1 928440372
1 615821397
2
1 507754274
1 306675998
2
2
1 126988820
1 147657710
2
2
2
1 107907205
2
2
1 472705465
2
1 402541861
2
2
1 494810563
2
1 547772194
1 71108798
2
2
2
1 312165812
2
1 867802519
1 981491466
2
1 649580307
2
1 311499333
1 197098646
2
1 697579936
1 350025861
1 365009941
2
2
1 474555775
2
1 432286774
1 113941212
1 491667693
2
2
2
2
2
2
1 621989700
1 85452216
1 226534228
2
2
1 471033177
1 563771869
1 25865721
1 189813057
1 544312839
1 531646827
1 326632642
2
1 744116547
2
1 439062162
2
1 340263697
1 346963502
1 41247797
2
1 434721351
2
2
1 365362583
2
1 874925318
2
2
2
2
2
2
2
2
1 482806093
1 855188871
1 33764502
2
2
1 9783679
1 955459016
1 630934571
1 65534174
1 566780962
2
1 864057862
1 709595214
2
1 35487955
2
2
1 26759465
2
1 70412926
1 864400200
1 905772640
2
2
2
1 208352536
2
2
1 50235870
1 988212074
2
2
2
1 564746611
1 527378477
2
1 272524380
2
1 162328458
1 734280704
1 635433379
2
1 514353128
2
1 83032430
1 115374275
1 331618119
1 415649971
2
1 631416330
2
2
1 266812914
1 312152446
1 664582957
2
1 746247359
1 199315152
2
2
1 987649141
2
1 981707955
1 74042661
2
2
1 274659485
2
2
2
1 337510776
1 549872345
1 741115142
2
1 102286181
2
2
1 961709284
2
1 217030516
2
2
1 434786681
2
1 174740432
1 176880818
1 788729474
1 734269698
2
1 816067055
2
1 7903240
1 323074437
2
1 908592598
1 225350882
1 623339229
2
1 784599056
2
2
1 512196847
1 253951036
2
2
2
1 286756621
1 818817667
2
1 667565625
2
1 826422669
2
1 414494360
1 734186734
1 336386421
1 390073632
1 600087002
2
2
1 141085474
2
1 195197035
1 456203892
2
2
1 262433440
2
1 27428439
2
2
1 213851027
2
1 995145734
2
2
1 916741338
1 24672715
2
2
2
2
1 315198629
1 480123314
1 682960389
1 635707081
2
1 994285071
2
2
1 418890350
2
2
2
1 827649112
1 103929986
1 705158148
1 706572932
1 351235310
2
1 407967250
2
2
2
2
1 754337186
2
1 576965636
2
2
2
1 723016200
1 485318172
1 287812474
2
2
1 799373
1 918009056
1 2728310
1 974554371
2
1 548561198
1 346317899
1 393767093
1 768232531
1 722871383
2
2
1 258593650
2
1 821174065
1 750418778
2
1 281780155
2
1 410805645
2
1 543016037
2
2
2
1 638484502
2
1 699177442
1 544606523
2
1 35728213
1 824629921
2
1 721346150
1 899681945
1 287821342
2
1 820193021
1 108673345
2
2
2
2
1 291310298
1 210601879
1 786871527
2
1 519588936
2
1 654345040
1 995666624
1 766505695
1 10375780
1 501183692
2
2
1 801031852
2
2
2
2
1 211639765
1 599038486
1 452885014
1 686964968
2
1 819450333
1 397224097
2
2
2
1 607978195
2
1 903428520
1 65120383
1 550676098
2
1 955239948
1 271316730
1 386198588
1 193226948
2
2
1 212026148
1 270252880
2
1 775909832
2
2
1 146693309
1 542781833
1 187905885
1 207550943
1 123128156
2
2
2
2
1 13844457
2
1 325958830
1 791819839
2
2
1 275940753
1 295430378
2
1 949563244
2
2
1 438726298
1 795828573
1 397600342
2
1 826841088
2
1 779338934
1 144872649
2
2
2
2
2
2
2
2
1 825264036
2
2
1 325392560
2
1 194656382
2
1 393527789
1 194796852
1 483345457
1 103210492
1 588283023
1 397329079
1 415266568
1 464889239
2
1 124443756
2
1 556896671
1 190591745
2
1 726614457
1 876767399
1 181767674
2
1 529071492
1 188131230
1 890317585
2
2
2
2
1 528561315
2
2
2
1 478020493
1 979127769
1 397824323
2
1 907644680
2
1 616685845
1 620787112
1 519173784
1 527710562
2
1 614499821
1 730706609
2
2
2
1 479010442
2
2
2
2
1 182147990
2
2
1 768437688
2
2
2
2
1 919937706
1 621786438
2
1 511711178
1 124766947
1 934928314
2
2
1 639142401
2
2
1 628018592
1 82997856
2
2
1 503715969
2
2
2
1 474533236
1 906063333
1 712733464
1 331929686
2
1 501891986
1 417068990
2
2
1 711983525
1 87584348
2
2
1 237433440
1 431750825
1 661439789
1 642416186
1 255029170
2
1 448014944
2
2
1 13627449
2
1 163976076
1 461907542
1 361217126
2
2
1 877527606
2
2
1 687913104
2
1 474758614
1 447465779
1 974685541
1 236060645
1 493445525
1 963956470
1 129011848
2
1 760729707
2
1 103117784
1 511167320
2
1 720386562
1 907309297
2
1 184474658
2
2
1 8176361
2
1 382138169
1 204747311
2
1 296432666
1 804943859
2
1 865042420
1 722132994
2
2
1 976439939
1 121463236
1 103587490
1 243971860
1 972757863
2
2
2
2
1 752460897
1 433430768
2
2
1 875010603
1 810975028
2
2
1 697893676
2
2
1 934310984
2
2
1 459815324
2
1 583483558
1 518783601
1 573590917
2
2
2
2
1 308766030
2
1 314710574
1 551042792
1 991483038
1 402006408
2
1 315665166
2
1 274498645
1 239847968
1 835377963
1 507784984
1 150386374
2
1 782564072
1 460301619
1 336918302
2
1 896304955
1 554144775
2
1 956786849
2
1 13797654
2
2
1 563643446
2
1 136794230
2
2
1 631584148
1 738105314
1 74634509
2
2
2
1 655120876
1 843996797
1 931973787
2
1 961282091
2
1 732061535
2
1 811119200
1 940799284
2
2
2
2
1 899302418
2
2
1 697988751
1 579432608
1 518909244
1 280327239
1 901227508
2
2
2
1 416193656
2
2
2
1 121574774
2
2
1 310675144
1 533631589
2
1 265364496
1 292054028
1 867963629
1 952762345
2
1 753051651
1 479326939
1 738850373
2
1 138536719
2
1 593975283
2
1 193157664
2
1 64520911
2
1 544724947
2
1 839791612
1 854422521
2
2
2
2
1 182966171
2
1 48032879
1 563455514
2
1 858996198
1 490571851
2
1 123950378
1 307650188
1 838834779
2
1 931530411
1 274248711
2
2
1 703180717
1 949920753
2
1 253781015
1 180867828
1 940657112
2
1 997204575
2
2
2
1 538984254
2
1 347345388
1 179774417
1 560202831
2
2
1 276991700
1 853931383
1 690354728
1 465303284
2
1 669909040
1 991340255
2
2
2
2
1 558661628
1 240992440
2
2
1 329628516
2
2
1 405085022
1 200409903
1 568137354
1 543770051
2
1 580332903
2
2
2
2
1 127161030
1 32939636
2
1 770712937
1 474479763
2
1 742789790
2
1 694258932
1 662462221
2
1 387471896
1 165242872
1 477553087
1 279740287
1 726038595
1 271067801
1 771713486
2
2
2
1 749768631
1 897981711
2
1 286051017
2
2
1 850357578
2
1 779503504
1 618725317
1 598667725
1 6031695
2
1 918892721
2
1 589563343
2
1 473715795
2
1 343952596
2
2
2
1 735467582
2
2
1 437781402
1 368783180
2
1 212196913
2
1 480721782
1 130486117
1 11902977
1 16458923
1 796630509
1 445897565
1 155347682
1 535703602
1 908749196
2
2
1 837186637
1 700123557
1 761538675
1 728763927
2
1 214134911
1 881628376
1 125361030
2
2
2
1 175259109
2
1 405833133
2
1 415246347
2
2
2
1 802429861
1 538361993
1 915044830
2
1 399714077
1 401105666
1 58547419
1 999005377
1 18429506
1 625433200
2
2
1 80286295
1 60482080
2
1 202349276
1 757121432
1 741252066
1 906489251
1 885332895
1 978832822
2
1 290328532
1 811546481
1 145061285
2
1 194817645
1 830118414
1 733034699
2
1 956387495
2
1 39690372
2
1 391287141
1 611478569
1 836327290
1 139212004
1 273743377
1 95725730
1 421967406
1 443466502
2
2
1 396480837
1 650961952
2
2
2
1 828117603
2
2
2
2
2
1 147584793
1 390636221
1 825644247
2
2
1 385319054
1 302012261
1 51737500
2
1 957564622
1 411016787
2
1 252160223
2
1 825935846
1 162766846
2
2
2
1 167912402
1 980850787
2
2
2
1 68271659
1 321397944
1 260434170
1 322303532
1 811807883
2
2
1 571071001
2
1 402190101
2
2
2
2
1 409648938
2
1 77397073
1 729100461
1 8050266
1 350249832
2
2
1 212070918
1 505800591
1 807570427
1 130039335
1 73549079
1 929297301
2
1 429055172
2
2
1 524416896
2
2
1 447447885
1 818356295
1 999378521
1 34748955
1 243210584
2
2
2
2
2
1 33111518
1 959600230
2
2
1 651246312
1 921602867
2
1 440317349
1 507571519
2
2
1 552290622
1 55935886
1 191733085
1 627650268
1 742238595
1 54627805
2
1 989706568
2
2
1 400858548
2
2
2
1 783300934
2
2
2
2
2
2
2
1 619165077
2
1 948085350
2
1 155119053
2
1 856240653
1 227164605
1 660441736
2
1 429913073
1 260342962
2
2
1 612179973
1 413664695
1 672406621
2
2
1 678181283
2
1 475229665
2
1 812344055
1 427175334
1 213959684
2
1 299718513
2
1 102213943
1 781363713
2
2
2
2
2
2
1 565717276
2
2
2
2
2
2
2
1 154045277
2
2
2
2
2
2
2
1 164866749
2
1 510725266
2
1 441745346
1 884165034
1 502480189
2
1 767814612
2
2
1 70802334
1 146313697
2
1 910129002
2
1 496069849
1 659314015
1 680971369
1 297821695
2
1 889630891
2
2
2
1 292868242
1 487497836
1 106765177
2
1 444414724
2
2
2
1 75115137
2
2
1 882766985
1 778701058
1 657932031
1 111061443
1 978043882
2
2
2
2
2
1 808333692
2
2
1 224345898
1 117434506
2
2
2
1 66266383
1 683965159
2
2
1 352117196
